id,isi_berita,label,link_berita
1,"Pegokar muda Indonesia, Morgan Holindo, tak puas cuma jadi runner-up di Eshark Rok Cup tahun ini. Morgan ingin jadi juara tahun depan.
Pada putaran keenam kelas Mini Rok di Sirkuit Karting Internasional Sentul, Bogor, Minggu (6/9), Morgan yang memperkuat Dewa United Motorsport Team ini bernasib sial karena mengalami masalah mesin sehingga harus finis posisi ke-15.
Padahal Morgan meraih posisi pertama di kualifikasi, lalu berlanjut finis kelima di sesi Heat dan Pre-Final.
Namun, Morgan yang sudah ngegas sejak putaran pertama berhasil mengamankan poin untuk finis runner-up National Championship. Hasil yang bikin pelajar kelas 6 SD Tzu Chi itu senang karena ini merupakan musim debutnya.
Alhasil, Morgan makin percaya diri untuk bisa tampil lebih baik musim depan dan meraih gelar juara nasional.
""Ya itu harapan saya. Semoga tak ada aral melintang hingga saya bisa muwujudkan keinginan itu,"" tutur Morgan dalam keterangan kepada detikSport.
Morgan sejatinya bisa mengikuti Kejuaraan Dunia di Italia tahun ini, karena juara nasional kelas Mini Rok Michael Vino menolak tampil. Tapi, Morgan juga menolak karena bakal menghadapi ujian nasional tahun ini
""Morgan saat ini kelas P6 dan akan menghadapi ujian nasional untuk ke tingkat selanjutnya. Jadi, pastinya kami akan lebih memprioritaskan sekolah dulu. Semoga saja tahun depan bisa juara nasional sehingga bisa berangkat dengan tiket dari hasil usaha sendiri sebagai juara nasional,"" tutur ayah Morgan Merlion Sonmoahi.
Morgan kini akan fokus menuntaskan pendidikan dasar sebelum mempersiapkan diri meraih gelar juara nasional tahun depan. Tetap semangat, Morgan!
(mrp/rin)",sport,https://sport.detik.com/sport-lain/d-8654641/ambisi-morgan-holindo-jadi-juara-nasional-eshark-rok-cup-2027
2,"Pacuan kuda Indonesia mulai diarahkan menuju panggung dunia melalui Indonesia's Horse Racing (IHR) 2026. Hal ini dikembangkan oleh Sarga.co dengan konsep olahraga, hiburan, pariwisata, dan ekonomi kreatif.
IHR dikembangkan bukan hanya sebagai kompetisi untuk menentukan kuda tercepat. Platform tersebut dirancang menjadi bagian dari ekosistem yang menghubungkan olahraga berkuda dengan potensi daerah di berbagai wilayah Indonesia.
Sarga.co hadir sebagai promotor pacuan kuda profesional pertama dan satu-satunya di Indonesia melalui IP Indonesia's Horse Racing. Kehadiran IHR menjadi bagian dari upaya mengubah cara pacuan kuda dikelola, dikemas, dan diperkenalkan kepada masyarakat.
Olahraga yang memiliki sejarah panjang di Indonesia tersebut kini mendapatkan pendekatan baru agar semakin dekat dengan generasi masa kini. Pada 2025, IHR menggelar sembilan event dengan tema ""The Race of Rising Stars"".
Memasuki 2026, Sarga.co membawa ambisi lebih besar melalui tema ""Race to the World Stage"". Tema tersebut menjadi landasan pengembangan IHR menuju kompetisi yang lebih profesional sekaligus memiliki jangkauan penonton yang lebih luas.
Bersama PP Persatuan Olahraga Berkuda Seluruh Indonesia (PORDASI), Sarga.co menghadirkan delapan kejuaraan dalam kalender IHR 2026. Rangkaian kompetisi tersebut digelar di sejumlah wilayah dengan karakter dan tradisi berkuda yang berbeda.
Agenda IHR 2026 dibuka melalui IHR Jateng Derby 2026 di Gelanggang Pacuan Kuda Tegalwaton, Kabupaten Semarang, pada 15 Februari. Setelah itu, kompetisi berlanjut lewat IHR Triple Crown Serie 1 & Pertiwi Cup di Stadion Sultan Agung, Bantul, pada 4 April.
Pada 10 Mei, giliran IHR Triple Crown Serie 2 & Piala Raja Mangkunegaran digelar di Gelanggang Pacuan Kuda Tegalwaton. Rangkaian tersebut kemudian berlanjut pada Juni melalui IHR Piala Paku Alam di Stadion Sultan Agung, Bantul.
Agenda utama lainnya hadir lewat IHR Indonesia Derby 2026 di Gelanggang Pacuan Kuda Legokjawa, Pangandaran, Jawa Barat, pada 26 Juli. Memasuki Agustus, kompetisi dilanjutkan melalui IHR Merdeka Cup 2026 di Sumatera Barat.
Rangkaian IHR 2026 selanjutnya dijadwalkan menuju Kejurnas Seri II di Sulawesi Utara pada Oktober. Kompetisi kemudian ditutup dengan Piala Hamengku Buwono X di DI Yogyakarta pada November 2026.
""Kami sangat bersyukur dan mengapresiasi antusiasme masyarakat terhadap penyelenggaraan IHR sepanjang 2026. Bagi kami, IHR bukan hanya mengenai siapa yang menjadi juara di lintasan, melainkan juga bagian dari perjalanan untuk membangun pacuan kuda Indonesia menjadi semakin profesional dan modern, sekaligus tetap menghargai tradisi dan kearifan lokal,"" kata Direktur Komersial Sarga.co, Diana Airin.
Melalui Indonesia's Horse Racing, tradisi dipadukan dengan pendekatan industri modern. Kompetisi dikembangkan secara profesional, produksi siaran ditingkatkan, pengalaman penonton diperluas, dan peluang komersial dibuka lebih jauh.
(ran/bay)",sport,https://sport.detik.com/sport-lain/d-8654586/ihr-2026-perluas-olahraga-pacuan-kuda-indonesia
3,"Jelang Asian Games 2026, dukungan untuk 432 atlet Indonesia terus mengalir. Momentum ini jadi pengingat bahwa jalan menuju podium adalah hasil kolaborasi.
Hal itu ditegaskan Ketua Umum Komite Olimpiade Indonesia (NOC Indonesia), Raja Sapta Oktohari, yang menekankan pentingnya keberlanjutan dukungan bagi atlet.
""Perjalanan menuju podium tidak pernah dibangun dalam waktu singkat. Atlet membutuhkan dukungan yang konsisten, mulai dari proses persiapan hingga saat mereka bertanding membawa Merah Putih,"" ujar Okto dalam keterangan tertulisnya, Selasa (8/9/2026).
Bagi Okto, kolaborasi antara pemerintah, federasi, dunia usaha, dan masyarakat adalah kunci membangun ekosistem olahraga yang kuat.
""Ketika dunia usaha, federasi, pemerintah, masyarakat, dan seluruh pemangku kepentingan bergerak bersama, kita tidak hanya berbicara tentang medali, tetapi juga membangun ekosistem olahraga yang berkelanjutan. Kami berharap kolaborasi seperti ini terus tumbuh dan memberikan dampak positif bagi atlet serta olahraga Indonesia,"" tambahnya.
Ia lantas mengapresiasi semua pihak yang terus hadir mendampingi perjuangan atlet sejak Olimpiade Paris 2024, SEA Games 2025, hingga Asian Games nanti.
Hal senada disampaikan Direktur PT Tim Indonesia Emas, Richard Sam Bera. Ia menilai konsistensi dukungan menjadi bahan bakar penting bagi mental atlet.
Richard menyebut Asian Games Aichi-Nagoya 2026 sebagai panggung pembuktian dari proses panjang yang sudah dijalani.
""Para atlet sudah bekerja keras dalam persiapan mereka. Sekarang saatnya kita memberikan dukungan penuh agar mereka bisa bertanding dengan percaya diri dan membawa semangat Merah Putih,"" ujarnya.
Atlet panjat tebing Veddriq Leonardo berterima kasih atas dukungan masyarakat hingga pihak swasta yang diberikan kepadanya dan para atlet.
""Kami tentu sangat berterima kasih atas dukungan masyarakat Indonesia yang terus mendampingi perjalanan kami. Dukungan seperti ini menjadi motivasi tambahan bagi kami untuk memberikan yang terbaik. Mohon doa dan dukungannya agar kami bisa berjuang maksimal dan membawa hasil terbaik untuk Merah Putih di Asian Games,"" ucap peraih medali emas Olimpiade 2024 ini.
(mcy/aff)",sport,https://sport.detik.com/sport-lain/d-8654342/menuju-asian-games-2026-ketum-koi-tekankan-kolaborasi
4,"Pupus sudah harapan Sean Gelael dan rekan-rekannya di Team WRT 32 meraih podium Lone Star Le Mans 2026. Kendala teknis bikin mereka gagal dapat poin.
Setelah meraih posisi start ketujuh di kualifikasi kelas LMGT3, Sean dkk.dalam kepercayaan diri tinggi menghadapi balapan di COTA, Senin (7/9) dini hari WIB. Bahkan posisi mereka naik satu strip karena penalti AF Cose 21.
Pada balapan yang berlangsung di trek basah, Darren Leung sebagai starting driver langsung melesat ke posisi keenam dari urutan keempat saat start.
Leung bahkan sempat naik ke P2, walau persaingan ketat membuat pebalap Inggris ini lalu tertahan di P4.
Setelah itu tiba-tiba Leung mundur teratur, dari P4 ke P6, P7, hingga mesti masuk pit karena problem teknis terdeteksi. Ternyata as-roda mobil BMW M4 GT3 yang dikendarainya bermasalah sehingga mesti diganti.
Penggantian membutuhkan waktu cukup lama, 25 menit, sebelum Sean mengambil alih balapan dari Leung. Akan tetapi Sean tidak bisa berbuat banyak karena Team WRT 32 sudah tertinggal 10 lap dari mobil terdepan kelas LMGT3.
Walau begitu, guna menuntaskan perjuangan, Sean, Leung, dan Augusto Farfus tetap berlaga hingga finis di P16. Bukan hasil yang diharapkan memang, tapi mereka sudah memberikan segalanya.
""Bukan hasil yang kami inginkan. Tapi, ya, balapan memang terkadang seperti ini,"" ujar Sean dalam rilis kepada detikSport.
Balapan Lone Start Le Mans atau 6 Hours of COTA penuh drama sejak awal. Safety Car (SC) dan Full Course Yellow (FCY) berulangkali mesti diberlakukan untuk menetralisir lomba.
Kelas LMGT3 jadi milik tim Heart of Racing Team #27. Sementara itu Ferrari akhirnya pecah telur di kelas Hypercar tahun ini lewat mobil nomor 50.
Putaran kelima FIA WEC 2026 digelar di Sirkuit Fuji, Jepang, 27 September.
(mrp/rin)",sport,https://sport.detik.com/sport-lain/d-8653123/wrt-32-di-lone-star-le-mans-startnya-sudah-bagus-tapi
5,"Barra Ghaisan Zeinatma menunjukkan perkembangan positif pada musim debutnya di ESHARK Rok Cup Indonesia 2026. Turun di kelas Mini Rok, Pembalap muda Indonesia ini mampu mengoleksi sejumlah podium setelah menjalani proses adaptasi sepanjang musim.
Pebalap berusia 13 tahun yang memperkuat Avenue Rising Star Racing Team itu baru tampil mulai Round 2 karena harus beradaptasi dengangokartbaru. Pada Seri 2, Barra finis di posisi ke-12, sebelum meningkat ke peringkat ke-10 pada Seri 3.
Performa Barra semakin menonjol pada Seri 4. Ia meraih posisi kelima kategori Mini Newbie dan peringkat ketiga Mini Rok Rising Star.
Memasuki Seri 5, Barra kembali naik podium dengan menjadi juara pertama kategori Mini Newbie dan runner-up Mini Rok B. Performa tersebut berlanjut pada Seri 6 yang berlangsung 5-6 September 2026. Ia meraih posisi kedua Mini Newbie, posisi kelima Mini Rok, dan posisi keempat Mini Rok Rising Star.
""Musim pertama ini menjadi proses belajar yang sangat penting bagi Barra. Setiap seri memberikan pengalaman dan tantangan baru,"" kata ayah Barra, Jeffri Ardiatma, kepada awak media.
Jeffri juga mengingatkan Barra untuk tetap memperhatikan pendidikan. Saat ini, Barra tercatat sebagai siswa kelas 7 SMP Labschool Cirendeu.
""Yang penting juga untuk Barra agar fokus dengan sekolahnya. Kami selalu berharap yang terbaik untuk Barra,"" lanjutnya.
Setelah menyelesaikan musim pertamanya di kelas Mini Rok, Barra diproyeksikan naik ke kelas Junior Rok pada ESHARK Rok Cup Indonesia 2027. Ia juga dijadwalkan mengikuti sejumlah seri Rok Cup Asia di Macau, Malaysia, dan Thailand.
(ran/yna)",sport,https://sport.detik.com/sport-lain/d-8653014/debut-di-rok-cup-indonesia-2026-barra-ghaisan-torehkan-catatan-positif
6,"Sean Gelael dan Team WRT 32 akan coba meraih podium di Lone Star Le Mans dini hari nanti. Mereka start ketujuh.
Keras keras mencapai posisi start itu didapat dari kualifikasi kelas LMGT3 di COTA, Minggu (6/9) dini hari WIB kemarin. Darren Leung sebagai pebalap bronze memulai di qualifying dengan baik untuk menuntaskan di posisi ke-8.
Alhasil, Sean sebagai pebalap silver berhak tampil di Hyperpole. Dia tancap gas untuk membukukan waktu 2 menit 05,0888 detik untuk mencapai posisi ketujuh.
Ini merupakan pencapaian terbaik dari mobil BMW di seluruh kelas. Menurunkan empat mobil, masing-masing dua di Hypercar dan LMGT3, cuma bisa start di luar 10 besar.
Sama halnya dengan mobil 69 di kelas LMGT3 yang start dari posisi ke-16.
""Hasil yang bagus, Darren dan Sean bekerja sangat baik. Kami siap untuk lomba besok,"" ujar Augusto Farfus dalam rilis kepada detikSport.
""Austin selalu jadi tempat yang baik bagi saya, semoga besok juga begitu. Bismillah,"" timpal Sean.
Race 6 Hours of COTA atau kini disebut Lone Star Le Mans itu disiarkan langsung di kanal youtube KUY Entertainment, Senin (7/9) mulai pukul 01.00 dini hari WIB.
(mrp/bay)",sport,https://sport.detik.com/sport-lain/d-8651374/wec-2026-sean-gelael-balapan-di-austin-dini-hari-start-p7
7,"Team WRT 32 sudah menuntaskan sesi latihan bebas jelang balapan 6 Hours of COTA. Mereka menggunakan itu untuk meraba persaingan di atas lintasan.
Circuit of The Americas (COTA) di Austin, AS, bakal menyajikan balapan sengit untuk dua kelas FIA World Endurance Championship (WEC) 2026, Hypercar dan LMGT3. Hal itu terbaca dari dua sesi latihan sepanjang Jumat (4/9).
Pada FP1, Ferrari dominan di kelas Hypercar dengan menyelesaikan sesi di P1 dan P2. Namun Aston Martin gantian menjadi yang tercepat pada FP2.
i kelas LMGT3, McLaren finis P1 dan P3 pada sesi awal dengan Mercedes ada di antara keduanya.
Aston Martin melengkapi keperkasaan di FP2, karena bukan hanya di kelas Hypercar mereka jadi yang tercepat namun juga di kelas LMGT3. Heart of Racing Team #27 terpatri di P1, diikuti dua mobil Mercedes dan dua mobil McLaren.
Dari hasil tersebut, tim pengguna Aston Martin, McLaren, dan Mercedes tampak siap untuk bersaing menjadi pemenang di Lone Star Le Mans atau 6 Hours of COTA.
Mobil-mobil Amerika sendiri tampak belum memperlihatkan taji, ketika Corvette dan Ford belum berhasil menembus lima besar. Mengingt Corvette memimpin klasemen LMGT3, maka hasil di COTA bisa membuat perburuan gelar juara semakin sengit hingga akhir musim.
Team WRT sendiri memilih jalur berbeda dalam menatap lomba. WRT 32 bersama Sean, Darren, dan Augusto Farfus berada di P17 dan P16 pada FP1 dan FP2. Hal serupa juga terjadi untuk mobil WRT 69 yang finis di posisi kembar, P15, untuk dua FP.
Walau tak terlalu signifikan, top speed juga bisa membantu mengingat COTA punya dua tempat ideal untuk menyusul, Tikungan 1 dan 12. Bila top speed bagus dan kesempatan terbuka, menyusul di dua tempat itu bisa menaikkan moral.
Saat FP2, top speed BMW mampu bersaing dengan Aston Martin sebagai pemilik kecepatan maksimal sepanjang Jumat. Aston Martin menyentuh 256,5 km/jam, sementara BMW 255,3 km/jam.
Hari Sabtu tergolong pendek untuk latihan, karena berdurasi satu jam. WRT 32 bersama Sean akan mencoba bersaing di Top 10 Qualifying sehingga lolos ke Hyperpole.
Race 6 Hours of COTA disiarkan langsung di kanal youtube KUY Entertainment, Senin (7/9) mulai pukul 01.00 WIB.
(mrp/bay)",sport,https://sport.detik.com/sport-lain/d-8650342/wec-2026-wrt-32-meraba-cota-dari-hasil-free-practice
8,"Eks judoka nasional, Sadik Algadri, merilis buku soal buah pikiran untuk kemajuan olahraga di Indonesia. Sampai saat ini, olahraga di tanah air masih terkendala masalah yang selalu sama.
Sebuah buku berjudul 'Membangun Otot di Negeri Kertas' ditulis oleh Sadik. Buku itu dirilis pada Agustus 2026. Fragmentasi kebijakan publik di Indonesia, lemahnya tata kelola dan regulasi organisasi-organisasi olahraga, ilusi dalam politik anggaran serta infrastruktur kompetisi, hingga penerapan sport science dan pengembangan sumber daya manusia menjadi isinya.
Acara bedah buku itu digelar di Gedung Serbaguna, Gelora Bung Karno (GBK), Jakarta, Sabtu (5/9/2026). Hadir dalam acara itu Rocky Gerung, wartawan senior olahraga Asro Kamal Rokan, serta Guru Besar Universitas Pendidikan Indonesia (UPI) Prof. Yunyun Yudiana.
Sadik mengungkap proses penulisan buku memakan waktu lima sampai enam bulan. Peraturan yang dikeluarkan pemangku kebijakan sebelum pelantikan Presiden RI terpilih, Prabowo Subianto, pada 20 Oktober 2024 menjadi pemicunya. Meski tak menyebut secara spesifik aturannya, Sadik khawatir akan membahayakan olahraga secara keseluruhan.
""Jadi, perlu diketahui bahwa olahraga prestasi memiliki semacam garis besar atau undang-undang sendiri yang disebut Olympic Charter. Di dalamnya, secara garis besar, diatur bahwa jika pemerintah ikut campur dalam politik olahraga, apalagi sampai mengatur proses olahraga, ada konsekuensi tertentu, termasuk kemungkinan mendapatkan sanksi,"" kata Sadik dalam rilis yang diterima detikSport.
Setelah membahas dalam beberapa podcast mengenai kegelisahan soal kondisi olahraga Indonesia itu, Sadik pun menuangkannya dalam buku. Atlet judo era 1970-an hingga 1980-an itu menekankan pentingnya etika dalam olahraga.
""Ya, tentu. Kegelisahan itu pasti ada dasarnya. Kalau hanya marah-marah, tentu tidak masuk akal. Semua proses itu sudah kami lakukan. Kami memang orang-orang yang berada di organisasi olahraga dan memahami etika dalam olahraga. Etika itu sangat dihargai,"" kata Sadik.
Event besar biasanya menjadi titik balik untuk perkembangan sebuah negara. Pada 2018, Indonesia sudah sukses menyelenggarakan Asian Games. Jepang, China, dan Korea Selatan juga berubah setelah ajang besar seperti Piala Dunia atau Olimpiade.
""Kenapa saya mengatakan demikian? Jepang menyelenggarakan Olimpiade 1964 untuk menunjukkan bahwa mereka, meskipun kalah dalam perang, sudah menjadi negara yang siap dan mampu bangkit kembali,"" kata Sadik.
""Nah, kami berharap Asian Games 2018 di Indonesia juga bisa menjadi momentum seperti itu. Namun, setelah Asian Games 2018, bahkan memasuki 2027 dan seterusnya, kembali lagi persoalan anggaran seperti yang kita bicarakan tadi,"" ia menambahkan.
Sadik berharap buku 'Membangun Otot di Negeri Kertas' tidak berhenti sebagai karya yang mengkritisi persoalan olahraga. Ia ingin buku tersebut mendorong perubahan sekaligus membuka keberanian untuk mengakui berbagai persoalan yang masih terjadi.
""Ya, seperti yang saya sampaikan tadi, harapan besarnya adalah adanya perubahan. Kita harus berani menyatakan dan berani mengakui,"" kata Sadik.
""Pertama, kalau kita mau marah, kita harus mengakui terlebih dahulu bahwa ada kesalahan. Setelah mengakui, baru kita berani menyatakan, 'Ya, ini kita salah.'""
""Setelah itu, kita maju. Kita bisa berubah. That's it. Berpikirnya harus jernih, tetapi mengerjakannya belum tentu mudah,"" kata pria yang masuk dalam jajaran pengurus KONI Pusat itu.
(cas/aff)",sport,https://sport.detik.com/sport-lain/d-8650061/lewat-buku-eks-judoka-tuang-buah-pikiran-untuk-kemajuan-olahraga-nasional
9,"Perjalanan Bintang Akbar/Sofyan Rachman di AVC Beach Continental 2026 harus berakhir di perempatfinal. Mereka sudah main maksimal.
Dalam pertandingan yang berlangsung di Shangluo, China, Sabtu (5/9/2026), pasangan voli pantai Indonesia itu kalah 1-2 dari wakil Australia Thomas Hodges/Ben Hood.
Bintang/Sofyan sempat berada di atas angin setelah merebut set pembuka 21-19. Namun, Hodges/Hood membalikkan keadaan dengan memenangi dua set berikutnya 21-14 dan 15-13 sekaligus memastikan tiket semifinal.
Kegagalan tersebut menjadi kekalahan pertama Bintang/Sofyan selama tampil di turnamen ini. Sebelum memasuki perempat final, mereka selalu menang dan bahkan belum pernah kehilangan satu set.
Pelatih Timnas voli pantai Indonesia Slamet Mulyanto mengatakan anak-anaknta sudah main maksimal.
""Pertama-tama kami mohon maaf, hanya sampai perempat final. Anak-anak sudah maksimal,"" kata Slamet dalam kutipam cepatnya, Sabtu (5/9/2026).
""Set pertama anak-anak bermain bagus. Start kedua awalnya bagus, leading 8-6. Namun, lawan bikin ulah, mancing emosi, memperlambat permainan dan tiga kali protes ke wasit, hingga dapat kartu kuning. Hal itu membuat anak-anak terpengaruh,"" ujarnya.
Slamet menilai lawan memiliki postur tubuh yang lebih tinggi sehingga overblok-nya sulit dihentikan.
""Lawan tinggi, overblok, susah dihentikan. Jam terbang bicara, dalam keadaan ketat gini, lawan bisa mempengaruhi tempo, itu yang tidak diantisipasi anak-anak. Harusnya anak-anak kembali dengan cepat ke bentuk permainannya,"" kata Slamet.
""Set ketiga, bisa mengimbangi, tetapi lawan memang harus diakui tampil lebih baik, lebih punya banyak pengalaman. Jam terbang berbicara, salah satu pemainnya sudah dua kali tampil di Olimpiade,"" tuturnya.
Slamet berharap pengalaman tampil di AVC Beach Continental dapat dijadikan bekal untuk Asian Games di Aichi-Nagoya, 19 September hingga 4 Oktober mendatang.
""Anak-anak harus lebih konsisten dan tidak terpengaruh lawan. Kini kami bersiap tampil di Asian Games,"" kata Slamet.
(mcy/aff)",sport,https://sport.detik.com/sport-lain/d-8649669/kalah-di-perempatfinal-avc-beach-continental-ini-kata-bintang-sofyan
10,"FIA World Endurance Championship 2026 memasuki paruh kedua musim. Team WRT 32 lebih percaya diri meraih hasil bagus.
Dari empat balapan awal, selalu muncul pemenang berbeda. Team WRT #69 (BMW) menaklukkan seri pembuka di Imola, lalu Garage 59 #10 (McLaren) finis pertama di Spa.
Dua tim penggeber Corvette memenangi dua balapan terakhir di Le Mans serta Sao Paulo, yakni TF Sport #33 dan Racing Team Turkey #34.
TF Sport 33 sekarang memimpin klasemen dengan keunggulan 27 poin atas tim juara bertahan kelas LMGT3, The Bend Manthey #92 (Porsche). Keunggulan dengan selisih poin lumayan besar itu pun didapat karena TF Sport 33 menang di Le Mans yang memberikan poin ganda.
Selebihnya, dari Manthey 92 di peringkat dua hingga tim di posisi ke-10 hanya berselisih 19 poin. Ini menggambarkan betapa persaingan di LMGT3 sangat terbuka musim ini.
Menariknya lagi menatap putaran lima FIA WEC, Lone Star Le Mans atau 6 Hours of COTA akhir pekan ini, untuk kali pertama dua tim pemenang di dua kelas tahun lalu absen. Porsche Penske tak melanjutkan program Hypercar tahun ini.
Sementara tim United Autosports #95 yang tahun lalu menang di COTA bersama Sean Gelael, Darren Leung, dan Marino Sato juga absen dari program LMGT3 tahun ini. Mereka memilih fokus untuk menjadi partner operasional McLaren untuk tampil di Hypercar 2027.
Mobil McLaren sendiri masih ada di LMGT3, tapi manajemennya pindah ke tim Garage 59 dengan mengoperasikan mobil nomor 10 dan 58.
Sean dan Darren masih bersatu dan punya ingatan baik soal kemenangan tahun lalu. Namun kali ini cerita pasti berbeda karena mereka mengendarai BMW bersama Augusto Farfus di Team WRT #32.
""Musim liburan telah berakhir, sekarang saatnya fokus tantangan berat di hadapan,"" tulis akun resmi Team WRT.
Race 6 Hours of COTA disiarkan langsung secara livestreaming di kanal youtube KUY Entertainment, Senin (7/9) mulai pukul 01.00 WIB.
(mrp/ran)",sport,https://sport.detik.com/sport-lain/d-8649199/wec-2026-paruh-kedua-musim-dimulai-team-wrt-32-lebih-pede
11,"Timnas voli putra Indonesia siap tempur dan bertekad mengharumkan nama bangsa di Asian Games 2026. Boy Arnez dan kawan-kawan percaya diri dapat mempersembahkan hasil terbaik.
Asian Games 2026 berlangsung di Aichi-Nagoya, mulai 19 September hingga 4 Oktober 2026. Timnas voli putra telah melakukan persiapan sebulan penuh, baik fisik maupun mental.
Kapten Timnas voli putra Boy Arnez menegaskan tidak ada kendala berarti selama Pelatnas. Chemistry tim sudah terbentuk.
""Persiapan kami sudah cukup lama, sebulan. Untuk chemistry tim sudah solid, tinggal membenahi kesalahan-kesalahan di game. Tapi kami optimis dapat main baik nanti di Asian Games,"" kata Boy saat ditemui di kawasan Jakarta Selatan, Jumat (4/9/2026).
Di bawah asuhan pelatih Reidel Toiran, skuad Garuda memang telah digembleng habis-habisan. Mulai dari pelatihan intensif hingga uji coba melawan Kamboja.
""Kami sudah digembleng sih, mulai dari fisik ke mental. Nanti tinggal di Asian Games saja nanti gimana,"" tambah Boy.
Bukan tanpa alasan Boy mengatakan demikian. Selain persiapan yang baik, mereka juga baru saja menorehkan hasil baik usai menjuarai AVC Men's Volleyball Cup 2026 di India.
Di Asian Games, tim voli putra Indonesia tergabung dalam Grup B bersama Iran, Thailand, dan Kirgistan.
Tak hanya Timnas voli putra, dari sektor putri, Maradanti juga meyakini tim putri juga bisa berbicara lebih di multievent terbesar di Asia tersebut. Tim putri Indonesia masuk Grup A bersama Jepang dan Nepal.
""Untuk persiapannya sih sebenarnya sudah siap ya. Karena sebelum menuju Asian Games 2026 ini kita udah mengikuti pertandingan internasional. Dan beberapa sparing-sparing dengan tim lainnya,"" papar Rara.
Melihat lawan-lawan yang dihadapi di Aichi-Nagoya nanti, Baik Rara maupun Boy menargetkan lolos ke delapan besar terlebih dahulu.
""Tahap pertama masuk 8 besar dulu ya. Lalu nanti dari 8 besar kita pikir lagi buat masuk ke babak berikutnya. Step by step dulu,"" ucap Rara.
(mcy/ran)",sport,https://sport.detik.com/sport-lain/d-8649149/timnas-voli-putra-dan-putri-indonesia-bidik-8-besar-asian-games-2026
12,"Bali jadi tuan rumah turnamen catur level internasional akhir Oktober. Tak sekadar adu tangkas, turnamen ini juga bertujuan menggenjot pariwisata Pulau Dewata.
Turnamen ini bernama Catur Bali Fide Rated Kapal Api Chess Festival 2026 yang digelar di Hotel Ululani, Uluwatu, Bali, 30 Oktober sampai 5 November.
Ajang ini digagas oleh Ketua Umum Pengurus Cabang Persatuan Catur Seluruh Indonesia (Pengprov Percasi) Kabupaten Muna, Sulawesi Tenggara, Jalaluddin Madjinuhu, yang mendapat dukungan dari PB Percasi dan klub Jayakarta Muda Jakarta.
Bakal ada total hadiah RP 112 juta di mana Rp 20 juta akan diberikan kepada sang juara. Sejauh ini sudah ada 300 peserta yang berencana mengikuti ajang itu, baik dari dalam maupun luar negeri.
Dari Indonesia, baru atlet-atlet Jawa Timur, Bali, Sulawesi Tenggara, Nusa Tenggara Barat, dan Nusa Tenggara Timur yang mendaftar.
Menurut Jalaludin, jumlah peserta yang cukup banyak ini sesuai dengan daya tampung Ballroom Hotel Ululani, Bali yang akan menjadi arena pertandingan. Diharapkan nantinya, para peserta telah lolos persyaratan sesuai peraturan FIDE.
""Saat ini sekitar 300 calon peserta sudah bersurat kepada FIDE untuk mengikuti turnamen ini. Dari dalam negeri sendiri beberapa daerah sudah konfirmasi kepada saya seperti dari Jawa Timur sebanyak 50 pecatur, Bali (50 pecatur), Sulawesi Tenggara(25 pecatur), serta dari NTT dan NTB,"" ujar Jalaludin dalam rilis kepada detikSport.
""Karena turnamen pertama ini berkategori challenger maka pesertanya adalah pecatur yang memiliki elo rating di bawah 2000,"" sambungnya.
Lebih lanjut, pemilihan Pulau Bali sebagai tempat penyelenggara, agar turnamen catur level international tidak hanya berlangsung di Pulau Jawa saja. Ini juga bisa berdampak positif bagi pariwisata Bali selama turnamen berlangsung.
""Pemilihan Bali, selain sebagai destinasi wisata. juga karena letaknya di tengah-tengah, hingga para peserta dari Pulau Kalimantan, Sulawesi, serta dari Indonesia Bagian Timur lainnya, bisa ikut ambil bagian,"" papar Jalaludin.
Selama ini turnamen catur bertaraf international atau FIDE Rated di Indonesia hanya ada satu kali. Dengan digelarnya turnamen Kapal Api Chess Festival 2026, maka jumlah turnamen bertaraf international di Tanah Air diharapkan semakin banyak.
""Jadi tak usah jauh-jauh ke luar negeri untuk mencari poin elo rating, sebaliknya bagi peserta dari luar negeri juga bisa sekalian berlibur di Bali. Jika turnamen pembuka ini sukses, ke depannya akan dijadikan kalender tetap tiap tahunnya dan titelnya akan berubah menjadi open,"" demikian Jalaludin.
(mrp/ran)",sport,https://sport.detik.com/sport-lain/d-8649165/bali-bakal-gelar-turnamen-catur-internasional-akhir-oktober
13,"Pasangan voli pantai Indonesia Bintang Akbar/Sofyan Rachman sukses mengunci status juara Grup E AVC Beach Continental 2026 dan melenggang mulus ke babak 16 besar. Di babak berikutnya, mereka akan melawan Selandia Baru.
Kemenangan telak 2-0 atas wakil Jepang Takahashi/Ikeda di Shangluo, Kamis (3/9/2026), jadi penutup sempurna fase grup. Skor 21-16, 21-15 menutup laga yang sebenarnya duel perebutan puncak klasemen.
Dalam keterangan tertulis federasi, Bintang/Sofyan tampil dominan sejak awal pertandingan dan mengamankan set pertama dengan kemenangan 21-16. Permainan pasangan Indonesia tetap terjaga pada set kedua hingga mereka kembali unggul 21-15.
Kemenangan atas wakil Jepang sekaligus mempertahankan rekor sempurna Bintang/Sofyan selama fase grup. Mereka berhasil memenangkan seluruh tiga pertandingan tanpa sekalipun kehilangan set.
Pertemuan dengan Takahashi/Ikeda memang menjadi laga penting untuk menentukan pemuncak klasemen Grup E. Kedua pasangan sebelumnya sama-sama mengoleksi dua kemenangan dan belum pernah kehilangan satu set pun.
Bintang/Sofyan lebih mampu menjaga konsistensi dalam laga tersebut. Setelah mengamankan set pembuka 21-16, pasangan Indonesia kembali tampil solid untuk menyelesaikan pertandingan dengan kemenangan 21-15 pada set kedua.
Sebelum menghadapi pasangan Jepang, Bintang/Sofyan lebih dahulu meraih kemenangan atas wakil Hong Kong Wong Pui Lam/Chong Kei Loi. Dalam pertandingan pembuka Grup E, mereka menang dua set langsung 21-10 dan 21-12.
Pada pertandingan kedua yang berlangsung Rabu (2/9/2026), pasangan Indonesia kembali meraih kemenangan. Kali ini, Yakovlev/Mokhammad dari Kazakhstan mereka kalahkan dengan skor 21-17 dan 21-15.
Dari tiga pertandingan tersebut, Bintang/Sofyan mengumpulkan enam kemenangan set tanpa sekali pun kalah. Hasil itu memastikan mereka berada di posisi teratas Grup E sekaligus membuka jalan menuju fase gugur.
Di babak 16 besar, Di 16 besar, ujian berikutnya sudah menunggu. Sam O'Dea/Ben O'Dea dari Selandia Baru jadi lawan yang harus ditaklukkan Bintang/Sofyan.
Target pelatih Slamet Mulyanto dari awal memang menjadi juara grup. Dan itu sudah tercapai. Bintang/Sofyan diminta naik level.
""Bintang/Sofyan bermain sangat baik. Lawan Selandia Baru, tidak boleh kendur. Gas terus, harus menang,"" tegas Slamet.
(mcy/aff)",sport,https://sport.detik.com/sport-lain/d-8648336/avc-continental-2026-bintang-sofyan-hadapi-selandia-baru-di-16-besar
14,"Jelang Asian Games 2026, Timnas basket 3x3 putra terbang ke Taiwan untuk mengikuti FIBA 3x3 Challenger. Ajang ini penting untuk pembentukan mental!
Berlangsung di Kaohsiung, Taiwan, pada 5-6 September, Timnas basket 3x3 Indonesia berkekuatan empat pemain dari total delapan nama yang ikut latihan di persiapan tahap akhir.
Keempat nama itu adalah Almando Davin Nepa Bait, Halmaheranno Aprianto Lolaru Hady, Erick Ibrahim Junior, dan Daffa Dhoifullah.
Mereka berangkat ke Kaohsiung dengan membawa nama Tim Balige. Sementara dua pemain, yaitu Aymane Arip dan Richard Kornelius, akan menyusul dan bergabung untuk melakukan scrimmage dengan tim/klub lokal di Taiwan pada dua hari berikutnya, 7-8 September.
Di Kaohsiung, Tim Balige akan berjuang dari babak kualifikasi. Mereka tergabung di Grup B bersama Tim Shibuya asal Jepang dan Tim Phoenix dari Amerika Serikat.
Shibuya merupakan tim profesional yang diperkuat dua pemain Jepang dan rekrutan asal Latvia, Kristaps Gluditis dan Zigmars Raimo. Mereka pemain senior dengan usia 30 tahunan. Kemudian Phoenix dari USA diisi pemain matang dengan usia 29 dan 30 tahun.Untuk di Kualfikasi Grup B, hanya Balige yang diisi pemain muda dengan usia di bawah 23 tahun.
Wakil Ketua Program 3x3 Badan Tim Nasional (BTN) DPP Perbasi sekaligus General Manager Timnas 3x3 Putra Derry Primasta Octa menegaskan pengiriman pemain muda ini sesuai regulasi Asian Games 2026 yang membatasi usia maksimal 23 tahun untuk basket 3x3.
""Pengalaman merasakan atmosfer pertandingan di ajang internasional dibutuhkan oleh pemain kita dalam membentuk karakter permainan menuju Asian Games 2026,"" kata Derry dalam keterangannya.
""Tim Balige dengan kekuatan pemain usia lebih muda dikirim ke ajang ini dengan tujuan membentuk mental tanding dan mengambil pengalaman serta merasakan atmosfer pertandingan di level internasional.""
Derry juga menekankan, hasil akhir nomor dua. Yang utama adalah proses.
""Hasil akhir memang penting dalam pertandingan. Namun dalam proses pembentukan tim saat ini, melihat pemahaman pemain dalam menjalankan strategi permainan yang telah diberikan selama training camp nasional jauh lebih penting agar di Asian Games nanti bisa mendapatkan hasil maksimal,"" ujarnya.
Di Asian Games 2026, Timnas Basket 3x3 Putra tergabung di Pool C. Di sana, Indonesia akan bersaing melawan Qatar, Taiwan, dan Bahrain.
""Komposisi pemain saat ini adalah yang terbaik dari proses training camp yang sudah berjalan, dipimpin oleh Coach Donnda. Kami melihat banyak perubahan positif sejak FIBA Batam Challenger.""
""Mari kita dukung anak-anak muda berprestasi Indonesia, wakil kita di kancah global melalui 3x3 Basket. Ultimately, kami bersama mau memberikan yang terbaik untuk Asian Games 2026,"" tegas Derry.
(mcy/aff)",sport,https://sport.detik.com/sport-lain/d-8648160/pemanasan-timnas-basket-3x3-di-taiwan-jelang-asian-games-2026
15,"KONI DKI Jakarta terus mempersiapkan diri jelang PON 2028. Salah satunya dengan menjadi tuan rumah PON Pantai 2026 bulan November.
Dalam rangka mewujudkan misi menjadi juara umum PON 2028, KONI DKI bersama Dinas Pemuda dan Olahraga (Dispora), DPRD, dan pengurus cabor terus berkolaborasi mematangkan persiapan.
Terdekat, kolaborasi itu akan terwujud dalam pelaksanaan Pekan Olahraga Nasional (PON) Pantai yang digelar di Ancol, Jakarta, bulan November. Ajang nasional perdana ini merupakan kolaborasi KONI Pusat, Pemprov DKI, KONI DKI Jakarta dan PT Pembangunan Jaya Ancol.
Ketua Umum KONI Provinsi DKI Jakarta, Hidayat Humaid, mengatakan PON Pantai tidak hanya menjadi ajang meningkatkan prestasi olahraga, tetapi juga diharapkan mampu menggerakkan perekonomian masyarakat, khususnya UMKM di sekitar kawasan Ancol.
Hal itu disampaikan Hidayat dalam press gathering media bertema ""Bergerak Untuk Jakarta Juara"" di Jakarta, Kamis (3/9/2026). Turut hadir Kepala Dinas Pemuda dan Olahraga (Dispora) DKI Jakarta, Andri Yansyah, Sekretaris Umum KONI DKI, Aminulah, Wakil Ketua Umum I, Fatchul Anas dan Wakil Ketua Umum V Anondo Eko, juga Bendahara Umum Hadameon Aritonang.
""PON Pantai bukan hanya soal prestasi. Kami ingin kegiatan olahraga nasional ini ikut menggerakkan ekonomi masyarakat dan UMKM di sekitar lokasi,"" ujar Guru Besar Fakultas Ilmu Keolahragaan dan Kesehatan (FIKK) Universitas Negeri Jakarta (UNJ) ini dalam keterangan kepada media.
Hidaya mengungkapkan 'Bergerak Untuk Jakarta Juara' adalah komitmen KONI DKI untuk mewujudkan harapan warga Jakarta yang merindukan menjadi Juara Umum PON 2028.
""KONI terus bergerak dan ini menjadi PR dan tantangan kita bersama untuk mewujudkan juara umum,"" sambungnya.
PON Pantai Ancol akan mempertandingkan 10 cabang olahraga dengan 11 disiplin, yakni Akuatik, Bola Basket 3x3, Bola Voli Pantai, Bola Tangan Pantai, Layar, Modern Pentathlon, Rugby Pantai, Selam Laut, Teqball, dan Triathlon.
""Kami sudah melakukan visitasi PON Pantai Ancol antara KONI Pusat, Dispora, KONI DKI bersama cabor telah dilakukan peninjauan lokasi pertandingan atau veneu,"" tegas Waketum I KONI DKI Jakarta Fatchul Anas.
Anas menjelaskan Pantai Festival menjadi lokasi Akuatik, Renang Perairan Terbuka, dan Selam Laut. Lalu, Kawasan Lagoon digunakan untuk Bola Voli Pantai dan Layar.
Adapun Beach City International Stadium (BCIS) menjadi venue Triathlon, Teqball, Bola Tangan Pantai, dan Bola Basket 3x3.
""Untuk Beach Pool untuk Rugby Pantai, Modern Pentathlon, dan Akuatik-Polo Air. Venue ini sementara sudah disepakati,"" demikian Anas.
(mrp/bay)",sport,https://sport.detik.com/sport-lain/d-8647346/dki-jakarta-gelar-pon-pantai-2026-bulan-november
16,"Kementerian Pemuda dan Olahraga (Kemenpora) menegaskan komitmennya untuk terus mendukung pembinaan dan peningkatan prestasi atlet disabilitas Indonesia.
Dukungan tersebut dilakukan melalui kerja sama dan koordinasi yang berkelanjutan dengan Komite Paralimpiade Nasional Indonesia (NPC Indonesia), baik dalam persiapan multi-event maupun keikutsertaan pada berbagai kejuaraan internasional.
Deputi Bidang Peningkatan Prestasi Olahraga Kemenpora, Surono, mengatakan bahwa pemerintah selalu memberikan perhatian serius terhadap atlet-atlet disabilitas sebagai bagian penting dari kekuatan olahraga nasional.
""Kemenpora selalu bangga dan memberikan dukungan terhadap atlet-atlet disabilitas Indonesia. Kami juga memiliki kerja sama yang sangat baik dengan NPC Indonesia dalam upaya meningkatkan prestasi olahraga disabilitas nasional,"" ujar Surono dalam keterangan kepada media.
Salah satu bukti keberhasilan sinergi itu pencapaian Kontingen Indonesia pada ASEAN Para Games 2025 di Thailand. Indonesia berhasil meraih 135 medali emas, 143 medali perak, dan 114 medali perunggu, sekaligus menempati peringkat kedua klasemen akhiri, melebih target awal sebanyak 82 medali emas.
""Ini merupakan prestasi yang sangat membanggakan. Target awal kita adalah 82 emas, tetapi atlet-atlet kita mampu memberikan jauh lebih dari yang ditargetkan. Ini menunjukkan bahwa pembinaan yang dilakukan secara bersama-sama antara pemerintah, NPC Indonesia, pelatih, dan seluruh ekosistem olahraga disabilitas memberikan hasil yang nyata,"" sambung Surono.
Surono menegaskan kerja sama Kemenpora dengan NPC Indonesia tidak hanya berlangsung pada level nasional, tetapi juga mencakup koordinasi di daerah dalam mendukung partisipasi Indonesia pada berbagai agenda olahraga disabilitas internasional.
""Kerja sama ini mencakup berbagai agenda, baik ASEAN Para Games, Asian Para Games, maupun agenda olahraga internasional lainnya. Termasuk di dalamnya adalah keikutsertaan atlet tunarungu dalam Deaflympics. Prinsipnya, seluruh program harus kita persiapkan secara terencana agar partisipasi Indonesia memberikan dampak maksimal terhadap prestasi nasional,"" jelasnya.
Khusus terkait pembinaan atlet tunarungu, Surono menjelaskan bahwa pemerintah perlu memastikan seluruh proses pembinaan dan keikutsertaan dalam kompetisi internasional berjalan melalui organisasi yang memiliki legitimasi sesuai dengan ketentuan federasi internasional.
""Di hadapan NPC Indonesia dan ICSD( International Committee of Sports for the Deaf) khusus untuk atlet tuna rungu hanya organisasi Perkumpulan Atlet Tunarungu Indonesia (PATRIN) yang diakui secara internasional dan karenanya hanya PATRIN yang diakui oleh Pemerintah. Karena itu, dalam konteks tata kelola pemerintahan, dukungan dan fasilitasi harus diberikan melalui organisasi yang memiliki legitimasi sesuai dengan ketentuan organisasi olahraga internasional,"" tegas Surono.
Dia menambahkan, setiap kejuaraan internasional yang diikuti atlet bukan sekadar ajang kompetisi, tetapi juga harus ditempatkan sebagai bagian dari strategi pembinaan jangka panjang.
""Setiap kejuaraan dunia yang diikuti pada prinsipnya merupakan bagian dari proses try out dan pengumpulan poin serta peringkat yang diperlukan untuk mengejar kualifikasi menuju Paralimpiade. Karena itu, keikutsertaan dalam sebuah kejuaraan harus dilihat dalam konteks yang lebih besar, yaitu bagaimana kompetisi tersebut berkontribusi terhadap target prestasi Indonesia,"" ujarnya.
Atas dasar itu, Surono menekankan bahwa penentuan kejuaraan single event yang akan diikuti atlet harus melalui konsolidasi dan perencanaan bersama antara NPC Indonesia dan Kemenpora.
Surono juga menegaskan bahwa tata kelola pembinaan olahraga disabilitas harus berjalan berdasarkan aturan dan regulasi organisasi olahraga internasional yang relevan.
""Dengan koordinasi yang baik serta kepatuhan terhadap Statuta International Paralympic Committee atau IPC dan, khusus untuk olahraga tunarungu, ketentuan atau bylaws ICSD, maka pembinaan, penganggaran, dan dukungan pemerintah dapat diarahkan secara lebih efektif, efisien, transparan, dan tepat sasaran,"" tutur Surono.
Dia memastikan pemerintah tidak hanya berbicara mengenai dukungan saat atlet mengikuti kompetisi, tetapi juga membangun ekosistem pembinaan yang berkelanjutan.
""Komitmen Kemenpora bersama NPC Indonesia sangat konsisten. Dukungan pemerintah diberikan mulai dari proses pembinaan, fasilitas latihan, pemusatan latihan, keberangkatan ke kompetisi internasional, sampai penghargaan atas prestasi atlet,"" katanya.
Salah satu bentuk dukungan tersebut adalah pembangunan dan pengembangan Paralympic Training Center Indonesia di Karanganyar, Jawa Tengah, yang menjadi fasilitas penting dalam pembinaan atlet-atlet paralimpiade Indonesia.
Kemenpora juga terus mendorong agar fasilitas tersebut terjaga kualitas dan keberlanjutannya, sehingga disebut sebagai fasilitas terbaik di Asia Tenggara.
Selain dukungan terhadap fasilitas dan pembinaan, pemerintah juga memberikan dukungan pembiayaan untuk keikutsertaan kontingen Indonesia pada ajang internasional, termasuk ASEAN Para Games 2025 dan Asian Para Games 2026.
""Kita juga memberikan dukungan pembiayaan untuk keberangkatan dan keikutsertaan atlet pada multi-event internasional. Pada ASEAN Para Games 2025, pemerintah juga memberikan bonus sebagai bentuk penghargaan atas prestasi atlet. Bonus tersebut disalurkan langsung kepada para penerima , melalui kerja sama dengan Bank Rakyat Indonesia, dan total penghargaan bagi peraih medali mencapai lebih dari Rp350 miliar,"" kata Surono.
(mrp/krs)",sport,https://sport.detik.com/sport-lain/d-8646915/kolaborasi-dengan-npc-kemenpora-genjot-pembinaan-atlet-disabilitas
17,"Bilal Hasan tampil mengesankan pada debutnya mentas di UFC. Untuk bisa merebut titel, fighter berdarah Indonesia itu punya jalan panjang.
Bilal mentas di UFC akhir pekan lalu. Ia melawan Nilson Rojas pada kelas terbang di UFC Shanghai, dan menang KO pada ronde kedua.
Bilal langsung digadang-gadang jadi bintang UFC berikutnya. Namun sebelum itu, ia harus bisa memenangi duel-duel berikutnya.
Kemenangan atas Rojas belum membuat Bilal masuk ranking 15 besar fighter UFC. Petarung berjuluk The IndoNinja itu menegaskan, akan ada jalan panjang untuk bisa merebut titel.
Bilal memprediksi, dirinya butuh tujuh pertarungan untuk bisa bersaing meraih sabuk juara. Ia harus melawan beberapa fighter di luar ranking lebih dulu.
""Mungkin saya ingin bertarung melawan dua atau tiga petarung di luar peringkat 15 besar, kemudian saya ingin tiga pertarungan melawan peringkat 15 besar, dengan yang keempat akan jadi perebutan gelar,"" kata Bilal Hasan dalam interview di chanel Youtube Jaiden Cable.
""Jadi mungkin itu, (butuh) tujuh pertarungan,"" katanya.
Saat ini sabuk kelas terbang dipegang Joshua Van. Bilal ditanya kapan kira-kira ia bisa mengejar The Fearless?
""Saya tak tahu. Dia (Van) harus mengalahkan Alexander Pantoja (ranking pertama UFC) dulu, dan Pantoja itu lawan yang tangguh. Jadi, mungkin sekitar satu setengah tahun lagi,"" kata Bilal Hasan menargetkan.
(yna/rin)",sport,https://sport.detik.com/sport-lain/d-8646269/jalan-panjang-bilal-hasan-menuju-titel-ufc
18,"Ketua Umum Komite Olahraga Nasional Indonesia (KONI) Pusat Letjen TNI Purn Marciano Norman menyaksikan pertandingan Pacuan Kuda di Lapangan Haji Muhammad Hasan Gayo Blang Bebangka, Aceh Tengah.
Kejuaraan Pacuan Kuda HUT RI ke-81 diselenggarakan oleh Konfederasi Nasional Persatuan Olahraga Berkuda Seluruh Indonesia (KN Pordasi). Kegiatan ini berkolaborasi dengan Pengurus Pusat FN Pordasi Pacu dan juga Pengurus Provinsi FN Pordasi Pacu Aceh.
Para atlet bertanding sejak tanggal 24 hingga 30 Agustus 2026. Partisipan kejuaraan dari Kabupaten Aceh Tengah, Kabupaten Bener Meriah dan Kabupaten Gayo Lues.
""Ini merupakan satu prestasi yang bagus setelah Pekan Olahraga Nasional (PON) XXI 2024, ada kejuaraan di sini. Mari kita rawat bersama, kita lahirkan atlet-atlet olahraga berkuda dari Aceh, supaya kelak bisa mewakili Indonesia pada event-event internasional yang lebih besar lagi,"" kata Marciano.
Marciano menilai kejuaraan Pacu Kuda kali ini membawa beragam dampak positif, baik pembinaan atlet berkuda Pacu, pemanfaatan fasilitas venue warisan PON, perekonomian masyarakat dan juga hiburan masyarakat atauTrauma Healingatas kondisi bencana yang telah dihadapi.
""Pertama, ajang ini melanjutkan tradisi Pacu Kuda yang begitu melekat dengan budaya masyarakat Aceh, sekaligus menjadi sarana pembinaan berkesinambungan bagi atlet-atlet berkuda pacu dalam menyongsong Pekan Olahraga Nasional (PON) XXII/2028 di Sumba, Nusa Tenggara Timur,"" ujar Marciano.
Selain sebagai wadah pembinaan, Marciano juga menyoroti pemanfaatan sarana dan prasarana pasca-PON. Lapangan H.M. Hasan Gayo Belang Bebangka yang sebelumnya digunakan pada PON XXI/2024 Aceh-Sumut, dinilainya sebagai salah satu arena Pacu Kuda terbaik di Indonesia dengan animo masyarakat yang sangat luar biasa. Hal ini membuktikan bahwa venue peninggalan PON memberikan manfaat berkelanjutan bagi daerah.
""Kehadiran saya mewakili keluarga besar KONI Pusat-yang menaungi 38 KONI Provinsi, 514 KONI Kabupaten/Kota, 82 Induk Cabang Olahraga, serta organisasi fungsional-merupakan bukti bahwa kami selalu hadir dan bergandengan tangan untuk bangkit bersama masyarakat Aceh dalam mewujudkan Indonesia yang berdaulat, adil, dan makmur sebagaimana tema HUT ke-81 RI,"" tegasnya.
Marciano menyampaikan rasa bangga dan penghormatan setinggi-tingginya kepada pemerintah daerah serta seluruh masyarakat Aceh, khususnya Kabupaten Aceh Tengah. Ia mengajak seluruh pemangku kepentingan untuk terus memajukan olahraga nasional.
""Mari kita bekerja keras untuk olahraga Indonesia, karena bicara olahraga adalah bicara Merah Putih. Jangan pernah lelah berkarya untuk Indonesia,"" tutup Marciano.
(ran/yna)",sport,https://sport.detik.com/sport-lain/d-8644322/ketum-koni-pusat-sambut-positif-kejuaraan-pacu-kuda-di-aceh
19,"Konfederasi Nasional Persatuan Olahraga Berkuda Seluruh Indonesia (KN Pordasi) mendapat dukungan dari Pemerintah Kabupaten Aceh Tengah. Pordasi diberikan kesempatan memanfaatkan Lapangan Pacu Kuda H.M. Hasan Gayo sebagai salah satu pusat kegiatan olahraga berkuda, khususnya Pacu yang telah membudaya dan juga Berkuda Memanah (IHAAF/Indonesian Horseback Archery Federation) yang potensinya besar.
Dukungan tersebut disampaikan Bupati Aceh Tengah Drs. Haili Yoga ketika menjamu Ketua Presidium Konfederasi Nasional Pordasi Triwatty Marciano, Ketum KONI Pusat Letjen TNI Purn Marciano Norman, Ketum KONI Aceh Pon Yaya, Waketum II PP FN Pordasi Pacu Andi Fauzan dan beberapa tokoh olahraga di Aceh. Jamuan makan malam digelar di pendopo Bupati Aceh Tengah pada malam tanggal 29 Agustus 2026.
Pada jamuan makan malam tersebut, membahas pengembangan dan pemanfaatan Lapangan Pacuan Kuda H.M. Hasan Gayo. Pengembangan Lapangan Pacu Kuda H.M. Hasan Gayo yang merupakan venue warisan Pekan Olahraga Nasional (PON) XXI/2024 Aceh-Sumut, dapat mendorong pengembangan Sport Industry dan Sports Tourism di daerah tersebut sehingga memberikan dampak positif terhadap perekonomian masyarakat.
""Dengan adanya pertandingan olahraga berkuda secara rutin di Lapangan Pacuan Kuda H.M. Hasan Gayo, kami berharap tumbuh Sport Industry dan Sports Tourism yang dapat menggerakkan perekonomian serta meningkatkan kesejahteraan masyarakat Kabupaten Aceh Tengah,"" kata Ketua Presidium Konfederasi Nasional Pordasi, Triwatty.
Menurutnya, manfaat tersebut terutama dapat dirasakan oleh para peternak kuda dan pelaku UMKM yang berada di sekitar kawasan kegiatan olahraga. Tentunya potensi besar Lapangan H.M. Hasan Gayo dapat dikembangkan tidak hanya sebagai venue pacuan kuda, tetapi juga sebagai lapangan berkuda memanah berstandar internasional.
""Secara teknis, fasilitas venue H.M. Hasan Gayo yang telah berstandar nasional dapat dikembangkan sebagai lapangan berkuda memanah berstandar internasional. Dengan demikian, penggunaannya akan semakin produktif dan manfaatnya semakin luas,"" kata Triwatty.
Pengembangan tersebut diharapkan dapat memperkuat ekosistem olahraga berkuda di Aceh Tengah, baik untuk Pacu Kuda maupun berkuda memanah yang erat kaitannya dengan olahraga Sunnah dalam Islam. Selain menjadi tempat penyelenggaraan pertandingan, keberadaan venue yang aktif juga diharapkan dapat mendukung pembinaan atlet, komunitas olahraga berkuda, peternak kuda, serta berbagai sektor ekonomi masyarakat.
(ran/yna)",sport,https://sport.detik.com/sport-lain/d-8644288/pordasi-akan-optimalkan-lapangan-h-m-hasan-gayo-untuk-olahraga-berkuda
20,"Abdul Kadir Karding jadi Ketum Perserikatan Baseball Softball Seluruh Indonesia (PB Perbasasi) periode 2026-2030. Dirinya singgung soal pembinaan dan prestasi.
Abdul Kadir Karding terpilih secara aklamasi sebagai Ketua Umum Pengurus Besar Perserikatan Baseball Softball Seluruh Indonesia (PB Perbasasi). Usai terpilih, Karding menegaskan langkah awal kepengurusannya akan difokuskan pada konsolidasi organisasi sebagai fondasi untuk membangun ekosistem baseball dan softball Indonesia yang lebih kuat.
""Kalau kita tidak solid, kita tidak bisa apa-apa. Jadi kita harus solid dulu, kuat dulu. Setelah itu baru kita bisa membangun target-target prestasi,"" ujar Karding dalam sambutannya di Tangerang, Senin, (31/8).
Karding mengusung agenda modernisasi dan kolaborasi untuk memperkuat tata kelola organisasi. Salah satu langkah yang akan didorong adalah pembangunan basis data yang lebih baik bagi pembinaan baseball dan softball di Indonesia.
Selain itu, Perbasasi juga akan memperkuat sistem pembinaan atlet secara berjenjang.
""Pembinaan yang berjenjang menjadi penting. Tetapi yang tidak kalah penting adalah bagaimana masyarakat dibuat mencintai baseball dan softball,"" katanya.
Untuk meningkatkan popularitas olahraga tersebut, Karding mendorong pembentukan klub-klub baseball dan softball melalui kerja sama dengan berbagai pihak, termasuk pemerintah daerah dan sektor swasta.
Ia menilai jaringan yang dimiliki para pengurus dan pemangku kepentingan dapat dimanfaatkan untuk memperluas basis pembinaan dan meningkatkan partisipasi masyarakat.
Selain itu, Karding menargetkan Perbasasi mampu meningkatkan prestasi Indonesia di berbagai kompetisi. Ia menyebut keinginan untuk membawa baseball dan softball Indonesia masuk jajaran 10 besar pada sejumlah level kompetisi. Tentu, harus dibangun melalui fondasi organisasi yang kuat.
""Target kita tentu prestasi. Bisa SEA Games, Asian Games, bahkan Olimpiade. Tetapi dana, jaringan, organisasi, dan model pembinaan harus menjadi satu ekosistem baseball dan softball yang baik,"" ujarnya.
Karding mengakui persoalan pendanaan menjadi salah satu tantangan utama dalam pengelolaan organisasi olahraga. Karena itu, Perbasasi akan mencari berbagai alternatif pendanaan dan memperkuat kolaborasi dengan berbagai pihak agar program pembinaan dan pengembangan organisasi dapat berjalan secara berkelanjutan.
Ia juga membuka ruang keterlibatan yang lebih luas bagi berbagai unsur dalam struktur organisasi Perbasasi. Menurutnya, membangun organisasi tidak dapat dilakukan seorang diri tetapi membutuhkan kerja bersama seluruh pengurus, pengurus daerah, komunitas, atlet, serta pemangku kepentingan lainnya.
""Kita rekonsiliasikan dan kita bangun bersama. Target kita adalah menciptakan ekosistem baseball dan softball yang baik, organisasi yang kuat, serta prestasi Indonesia di tingkat dunia,"" kata Karding.
""Saya tidak bisa bekerja sendiri. Saya berharap semua yang ada di sini bisa terlibat. Kita ingin punya ekosistem baseball dan softball yang bagus, Perbasasi yang kuat, dan prestasi Indonesia di tingkat dunia,"" pungkasnya.
Lihat juga Video: Apa Itu Badan Karantina Indonesia yang Kini Dipimpin Kadir Karding",sport,https://sport.detik.com/sport-lain/d-8643405/abdul-kadir-karding-jadi-ketum-perbasasi-singgung-pembinaan-dan-prestasi
21,"Umar Nurmagomedov telan kekalahan dari Song Yadong di lanjutan UFC. Shovel uppercut langsung bikin Umar KO dan tak sadarkan diri. Bukan pukulan hoki!
UFC Fight Night: Nurmagomedov vs Song dalam UFC Shanghai digelar di Oriental Sports Center, Sabtu (29/8). Duel utama di kelas bantam UFC, Umar Nurmagomedov di ranking ketiga kontra Song Yadong di ranking keenam.
Song Yadong menang KO pada ronde kedua. Shovel uppercut yang dilepaskannya masuk, bikin Umar langsung tersungkur dan tak sadarkan diri, ditambah dua pukulan hammer fist.
Dirangkum dari berbagai sumber, pukulan shovel uppercut tidak seperti pukulan uppercut dalam tinju. Teknik ini dilakukan petarung MMA atau Muay Thai.
Pukulan ini dilayangkan dari bawah ke atas dengan lintasan diagonal sekitar 45 derajat, menyerupai gerakan seseorang yang sedang mencangkul atau menyekop. Khusus pukulan shovel uppercut Song Yadong, petarung asal China itu melakukannya dengan cantik.
Saat Song Yadong lepas pukulan itu dengan tangan kanannya, dirinya tidak memutar pergelangan tangan. Pergelangan tangannya lurus.
Song lebih dulu melepas jab. Umar Nurmagomedov yang lakukan duck (merendahkan tubuh bagian atas) langsung kena hantam shovel uppercut Song yang mengenai belakang kupingnya, di belakang bagian temple.
Umar langsung terjatuh tidak sadarkan diri. Dari posisi yang terkena pukulan itu pun mengalir darah segar.
Song dan timnya sudah baca kebiasaan buruk Umar. Umar suka duck ketika diserang dan lancarkan single leg takedown. Song dengan tepat dapat timing untuk mengeksekusinya.
""Pelatih saya Rudy Hernandez sudah bilang, kami akan menang dengan upper cut. Ya, saya percaya diri untuk melakukannya,"" ungkap Song.
""Kami tahu, Umar akan menghindar ke bawah. Kami sudah memperhatikan itu dan saya bisa melakukannya dengan baik,"" tutup Song.
Lihat juga Video Cara Khabib Nurmagomedov Nikmati Masa Pensiun: Makan Apa pun Asal Halal",sport,https://sport.detik.com/sport-lain/d-8643113/bukan-pukulan-hoki-yang-runtuhkan-umar-nurmagomedov
22,"Bilal Hasan memulai debut di UFC dengan meyakinkan, menang KO. Legenda UFC, Henry Cejudo dibikin kagum olehnya.
UFC Fight Night: Nurmagomedov vs Song dalam UFC Shanghai digelar di Oriental Sports Center, Sabtu (29/8). Bilal Hasan yang jalani laga debut, hadapi petarung asal Peru, Nilson Rojas di kelas flyweight.
Kedua petarung punya rekor sama 9-0. Bilal menang di ronde kedua setelah pukulan lurus kanannya masuk sempurna!
Bilal Hasan kini punya rekor kemenangan di dunia MMA 9-0. Petarung asal Indonesia itu memulai debut di UFC dengan mulus, bikin Henry Cejudo kagum!
""Bilal melepas pukulan jab dan sesaat ketika tangan kirinya turun, bum! Pukulan kanan yang lurus ke arah tengah,"" katanya di sosial media.
""Anak ini punya daya tarik. Dia punya sebuah pertunjukan dan membuktikannya di dalam oktagon,"" tambahnya.
Henry Cejudo merupakan legenda di UFC. Dia pernah menyabet dua gelar di kelas flyweight dan bantam weight.
Cejudo sebelumnya pernah juga memuji Bilal Hasan saat kemenangan KO 45 detik. Itu ketika 'The IndoNinja' menang atas petarung asal India, Mridul Saikia dalam perebutan kontrak UFC di Dana White's Contender Series (DWCS) Season 10, Agustus lalu.
""Menang KO cuma 45 detik, ingat-ingat namanya, Bilal Hasan,"" jelas Cejudo.
""Dana White sudah terkesan padanya. Apalagi di kelas flyweight, banyak petarung hebat. Saya nggak sabar menantikan aksi-aksinya,"" sambungnya.
Simak juga Video: Menlu AS Bicara Alasan Pemasangan Ring UFC di Halaman Gedung Putih",sport,https://sport.detik.com/sport-lain/d-8643074/bilal-hasan-bikin-legenda-ufc-ini-kagum
23,"Selesai sudah musim kedua BRI Indonesia Pingpong League (IPL) 2026. Arwana Jaya dan Onic Sport tampil sebagai juara.
Grand final season 2 ini menghadirkan format kompetisi yang menuntut konsistensi setiap tim sepanjang empat hari penyelenggaraan, 26-29 Agustus, di Main Atrium Trans Studio Mall Ciubur, Depok.
Dalam format Grand Final ini, seluruh tim pada masing-masing kategori Elite Putera dan Elite Puteri saling bertemu. Hasil akhir ditentukan berdasarkan total raihan poin setiap tim selama rangkaian pertandingan.
Khusus kategori Elite Puteri, dalam setiap pertemuan terdapat sesi pertandingan ganda. Sementara pada kategori Elite Putera, pertandingan berlangsung tanpa sesi ganda.
Persaingan Elite Putera berlangsung ketat hingga pertandingan terakhir. Arwana Jaya berhasil mengumpulkan 6 poin dan keluar sebagai juara. Keberhasilan tersebut menjadi pencapaian istimewa bagi Arwana Jaya karena mereka berhasil mengambil alih tahta dari Onic Sport, yang merupakan juara IPL Season 1.
Pilar Arwana Jaya, Muhammad Bima Abdi Negara, menyebut keberhasilan merebut gelar dari juara bertahan menjadi pencapaian yang sangat berarti bagi timnya.
""Kami sangat bersyukur bisa menjadi juara. Onic adalah juara Season 1 dan kami tahu mereka punya kualitas yang sangat bagus. Jadi bisa merebut gelar ini tentu menjadi pencapaian yang sangat spesial bagi kami. Semua pemain memberikan yang terbaik dan kami berusaha menjaga fokus sampai pertandingan terakhir,"" ujar Bima dalam rilis kepada detikSport.
""Dengan sistem seperti ini, setiap pertandingan sangat penting. Walaupun menang mendapatkan dua poin dan kalah masih mendapatkan satu poin, kami tetap tidak boleh lengah. Target kami adalah memenangkan setiap pertandingan dan mengumpulkan poin sebanyak mungkin. Kekompakan dan mental tim menjadi kunci,"" katanya.
Sementara itu, Onic Sport tampil sebagai juara di kategori Elite Puteri dengan raihan 6 poin. Onic Sport mengungguli Sukun Kudus di posisi kedua dengan lima poin. Arwana Jaya di posisi ketiga dengan 4 poin dan Jasa Raharja Putera di posisi keempat dengan tiga poin.
Pemain Onic Sport, Cindy Marcella, mengaku bangga dapat membawa timnya meraih gelar juara Elite Puteri. Menurut Cindy, konsistensi jadi kunci kemenangan Onic Sport, mengingat turnamen berlangsung cuma empat hari.
""Pastinya kami sangat senang dan bangga bisa menjadi juara. Perjalanan menuju Grand Final tidak mudah karena semua tim punya kualitas yang bagus. Kami berusaha menjaga fokus, saling mendukung, dan memberikan kemampuan terbaik di setiap pertandingan,"" papar Cindy.
""Kami harus menjaga fokus dari pertandingan pertama sampai pertandingan terakhir karena setiap pertandingan punya nilai yang sangat penting. Kami bersyukur bisa menjaga konsistensi dan akhirnya mendapatkan hasil terbaik,"" sambungnya.
Grand Final Indonesian Pingpong League Season 2 turut dihadiri Ketua Umum IPL Petrus Reinhard Golose, Sekretaris Jenderal IPL Yon Mardiyono, serta seluruh jajaran pengurus Indonesian Pingpong League.
Petrus mengatakan Grand Final menjadi momentum penting bagi para atlet untuk menunjukkan hasil kerja keras mereka sepanjang musim.
""Grand Final adalah panggung bagi para atlet untuk menunjukkan hasil dari kerja keras mereka sepanjang musim. Kami ingin IPL terus menjadi kompetisi yang memberikan ruang bagi atlet untuk berkembang, berprestasi, dan mendapatkan pengalaman bertanding di level tertinggi,"" ujar Petrus.
(mrp/adp)",sport,https://sport.detik.com/sport-lain/d-8642836/arwana-jaya-dan-onic-sport-juara-ipl-season-2
24,"Baru saja digelar Kejuaraan Nasional (Kejurnas) Fespati 2026. Tampil sebagai juara umum adalah Jawa Timur.
Kejurnas Fespati adalah kompetisi memanah untuk segala usia yang digelar di Villa Bukit Tidar, Kota Malang, 22-24 Agustus, yang digelar Federasi Seni Panahan Tradisional (Fespati). Ada total 1.090 peserta dari 16 provinsi di seluruh Indonesia.
Ada 13 kategori perlombaan yang dipertandingkan. Mulai dari pelajar U9 sampai U-18, hunting pelajar dan umum, jemparingan pelajar dan umum, jarak 30 dan 50 meter untuk atlet panahan tradisional peserta perempuan dan laki-laki umum. serta HBA atau Horse Back Archery untuk kategori Junior Putra, Open Putri dan Senior Putra.
Total peserta ribuan itu melebihi edisi sebelumnya di Klaten, Jawa Tengah, yang diikuti 700 peserta. Kenaikan ini menunjukkan tren positif, karena artinya panahan tradisional semakin banyak peminatnya.
Apalagi sertifikat pemenang akan dikurasi oleh Pupresnas atau Pusat Prestasi Nasional, institusi di bawah Kementrian Pendidikan Dasar dan Menengah Republik Indonesia, yang memberikan pengakuan resmi terhadap ajang talenta atau prestasi peserta didik.
Malang dipilih sebagai lokasi penyelenggaraan Kejurnas 2026 dikarenakan Malang adalah peringkat utama kota industri pariwisata di Jawa Timur. Diharapkan gelaran Kejurnas bisa membawa dampak positif juga bagi naiknya income bagi pengusaha UMKM dan industri pariwisata di kota Malang, seperti slogan 'Fespati untuk Negeri.'
Kejurnas 2027 rencananya akan dihelat di tiga Provinsi, yakni DKI Jakarta, Jawa Barat atau Banten. Imran Taufik selaku Ketua Umum Fespati menyebut kejurnas bisa jadi seleksi untuk para pemanah muda yang mau membela Indonesia di kancah internasional.
(mrp/adp)",sport,https://sport.detik.com/sport-lain/d-8642711/jawa-timur-juara-kejurnas-panahan-tradisional-2026
25,"Balapan GT World Challenge Europe (GTWCE) di Jerman berakhir pahit untuk Sean Gelael dan AF Corse 50. Mereka gagal dapat poin.
Pada balapan putaran keempat Endurance Cup di Sirkuit Nurburgring, Minggu (30/8/2026) malam WIB, Sean bersama Lilou Wadoux dan Arthur Leclerc mendapat start yang kurang impresif.
Sebab mereka harus memulai dari posisi ke-17 setelah hasil buruk di kualifikasi. Mobil Ferrari yang dikendarai Sean dkk. memang tidak bisa memberikan perlawanan berarti di Nurburgring.
Tidak cuma mobil nomor 50, tapi juga nomor 51. AF Corse 51 yang finis ketiga di Belgia dua bulan lalu, hanya mampu menyelesaikan balapan di posisi ke-14, terpaut satu menit dibanding sang pemenang, tim Comtoyou Racing #7.
Sementara, AF Corse 50 tidak berubah, yakni tetap di urutan ke-17 dengan selisih 1 menit 25,406 detik di belakang pemenang.
Rata-rata dua mobil Ferrari itu kalah 1 s.d. 1,5 detik per lap dari mobil dan tim lain. Selain Balance of Performance (BoP) yang jadi handicap walau besarannya tak dirilis, ada juga karakter sirkuit yang berbeda dibanding Spa-Francorchamps, sehingga Ferrari tidak punya daya cengkram di mobilnya.
Keberadaan Safety Car (SC) yang membantu mendekatkan jarak antar-mobil pun tak menolong. Padahal selama tiga jam balapan di Nurburgring, SC tiga kali masuk ke trek untuk menetralisir lomba.
Tim Mercedes-AMG Team Mann-Filter #48 keluar sebagai juara umum GTWCE-Endurance Cup. Balapan pamungkas GTWCE digelar di Sirkuit Algarve, Portimao di Portugal. Menariknya, akhir pekan itu berbarengan dengan putaran FIA WEC di Barcelona, Spanyol.
Sebagai kompromi, Race GTWCE Sabtu (17/10), lalu FIA WEC di hari Minggu, (17/10).
(mrp/adp)",sport,https://sport.detik.com/sport-lain/d-8642668/gtwce-2026-sean-gelael-dkk-gagal-dapat-poin-di-jerman
26,"Kejuaraan Nasional (Kejurnas) Hoki Indoor 2026 telah berakhir. Jawa Barat sukses keluar sebagai juara di sektor putra Tier 1, sementara Jawa Timur tampil berjaya dengan merebut gelar juara sektor putri.
Ajang yang berlangsung di GOR Nambo Jaya Sport Centre, Kota Tangerang, Banten, ini berakhir, Minggu (30/8/2026). Jawa Barat mengalahkan tuan rumah Banten di laga final sektor putra dengan skor 3-2 dalam adu penalti setelah imbang 2-2.
Sementara itu, kejutan terjadi di sektor putri. Jawa Timur sukses menghentikan dominasi Jawa Barat dengan kemenangan 2-0 via adu penalti setelah sebelumnya imbang 2-2.
""Alhamdulillah teknik pemain-pemain kita semakin baik, padahal kejurnas ini tidak dihadiri pemain nasional yang sedang melakoni training camp di Malaysia untuk menghadapi Asian Games Aichi-Nagoya 2026,"" kata Gubernur Banten, Andra Soni, yang juga Ketua Dewan Pembina Federasi Hockey Indonesia (FHI), dalam keterangan persnya.
""Dengan pembinaan berjenjang dan konsisten, olahraga Olimpiade ini akan semakin diminati dan prestasinya semakin mendunia. Dulu kita hanya bermimpi dapat medali, tapi kini kita membuktikan mampu meraih prestasi back-to-back pada SEA Games Kamboja 2023 dan SEA Games Thailand 2025,"" Andra Soni menambahkan.
Tidak hanya itu saja, Andra Soni juga tampil memperkuat Tim Hockey PP FHI menghadapi Tim yang beranggotakan ofisial peserta kejurnas hockey Indoor 2026 dalam pertandingan ekshibisi sebelum dimulai laga final. Ketua Umum PP FHI Mayjen TNI (Purn) Budi Sulistijono tampil sebagai penjaga gawang dalam pertandingan yang bertujuan mempererat hubungan masyarakat hoki tersebut.
""Selamat dan apresiasi setinggi-tingginya untuk PP FHI dan FHI Banten. Pertandingan berjalan penuh semangat dan sportifitas. Kejurnas ini menjadi ajang mengukur kualitas pembinaan sekaligus mempererat silaturahmi. Saya berharap hockey terus berkembang pesat dan Banten bisa menjadi bagian penting dari kemajuan tersebut,"" ujar Andra Soni.
Hasil Lengkap Kejurnas Hockey Indoor 2026:
Putra Tier 1
â¢ Juara :Jawa Barat
â¢ Runner-up:Banten (Skor Final: 2-2, penalti 3-2)
â¢ Peringkat 3:Jawa Timur (Kalahkan Jateng 5-2)
Putri Tier 1
â¢ Juara :Jawa Timur
â¢ Runner-up:Jawa Barat (Skor Final: 2-2, penalti 2-0)
â¢ Peringkat 3:Nusa Tenggara Barat (Kalahkan Jateng 2-0)
Putra Tier 2
â¢ Juara :DKI Jakarta
â¢ Runner-up:Kalimantan Timur (Skor Final: 3-2)
â¢ Peringkat 3:Kalimantan Barat (Kalahkan NTB 2-2, penalti 4-3)
Putri Tier 2
â¢ Juara :DKI Jakarta
â¢ Runner-up:Banten (Skor Final: 2-2, penalti 2-0)
â¢ Peringkat 3:Kalimantan Timur (Kalahkan DI Yogyakarta 1-0).
(ran/raw)",sport,https://sport.detik.com/sport-lain/d-8642499/kejurnas-hoki-indoor-2026-jabar-juara-putra-jatim-kampiun-sektor-putri
27,"Sempat viral atlet tuna rungu Indonesia menggalang dana mandiri untuk mengikuti kejuaraan internasional. Perkumpulan Atlet Tunarungu Indonesia (PATRIN) menyampaikan klarifikasinya.
Klarifikasi tersebut disampaikan langsung oleh jajaran Dewan Pimpinan Pusat PATRIN, yakni Ketua Umum PATRIN Pusat Dimyati Hakim bersama Wakil Sekretaris Jenderal DPP PATRIN Agung Baghaskoro.
Dalam keterangan resminya, Kamis (28/8/2026), Agung menegaskan bahwa PATRIN di kancah internasional dikenal dengan nama IADA (Indonesian Association of the Deaf Athlete), organisasi resmi dan satu-satunya di Indonesia yang diakui oleh International Committee of Sports for the Deaf (ICSD) sebagai organisasi yang menaungi olahraga tunarungu di tingkat internasional.
""Kami tegaskan, PATRIN atau IADA di internasional adalah organisasi resmi dan satu-satunya yang diakui oleh ICSD. Di bawah kepemimpinan Ketua Umum Bapak Dimyati Hakim, kami memiliki legitimasi untuk menaungi, membina, dan mengirimkan atlet tunarungu Indonesia ke ajang resmi internasional,"" ujar Agung dalam pernyataan kepada detikSport.
Sejalan dengan hal tersebut, PATRIN menegaskan bahwa pengiriman dan keikutsertaan atlet tunarungu Indonesia dalam kegiatan olahraga internasional selama ini ditempuh melalui mekanisme dan koordinasi resmi bersama National Paralympic Committee of Indonesia (NPCI) serta Kementerian Pemuda dan Olahraga Republik Indonesia (Kemenpora).
Agung memastikan hubungan dan koordinasi PATRIN/IADA dengan NPC Indonesia selama ini berjalan baik dan harmonis. Menurutnya, setiap pengiriman kontingen resmi yang mengatasnamakan Indonesia dilakukan melalui koordinasi berjenjang dengan pihak-pihak terkait.
""Berkaitan dengan isu pengiriman atlet tunarungu yang harus menggalang dana, kami sebagai organisasi resmi dan satu-satunya yang diakui ICSD, baik saya bersama Ketua PATRIN Pusat Bapak Dimyati Hakim, tidak mengetahui sama sekali,"" ujarnya.
PATRIN menegaskan pihaknya tidak pernah menerima koordinasi resmi maupun memberikan persetujuan terkait penggalangan dana masyarakat untuk pengiriman atlet tunarungu Indonesia ke kejuaraan internasional sebagaimana informasi yang beredar.
Karena itu, PATRIN menyayangkan adanya informasi mengenai pengiriman atlet yang mengatasnamakan Indonesia tanpa melalui koordinasi resmi dengan PATRIN/IADA, NPC Indonesia, dan Kemenpora.
""Kami akan segera mencoba berkomunikasi dan menelusuri mengapa atlet-atlet tersebut bisa dikirim tanpa koordinasi secara resmi kepada kami selaku PATRIN/IADA, kepada NPC, dan kepada Kemenpora. Ini harus diluruskan agar tidak merugikan atlet dan mencoreng nama baik Indonesia di mata internasional,"" kata Agung.
PATRIN akan melakukan komunikasi dan koordinasi lebih lanjut dengan seluruh pihak terkait untuk memperoleh kejelasan mengenai persoalan tersebut. Langkah ini dilakukan agar setiap proses pengiriman dan keikutsertaan atlet tunarungu Indonesia pada ajang internasional dapat berjalan secara transparan, terkoordinasi, dan profesional, dengan tetap menempatkan kepentingan serta masa depan atlet sebagai prioritas.
Di sisi lain, PATRIN menyampaikan apresiasi dan terima kasih kepada Kemenpora RI atas dukungan yang selama ini diberikan kepada PATRIN serta pembinaan atlet tunarungu Indonesia.
""Kami menyampaikan apresiasi dan terima kasih kepada Kemenpora yang selama ini konsisten memberikan dukungan dan support penuh kepada PATRIN dan para atlet tunarungu,"" ujar Agung.
PATRIN menegaskan komitmennya untuk terus membangun komunikasi dan koordinasi dengan seluruh pemangku kepentingan olahraga, baik di tingkat nasional maupun internasional. Hal tersebut menjadi bagian dari upaya memastikan para atlet tunarungu Indonesia memperoleh kesempatan untuk berkembang dan berprestasi melalui proses pembinaan serta pengiriman kontingen yang resmi, terkoordinasi, transparan, dan profesional.
(mrp/bay)",sport,https://sport.detik.com/sport-lain/d-8641175/patrin-buka-suara-soal-kabar-atlet-tuna-rungu-galang-dana
28,"Akuatik Jakarta Barat baru saja menggelar Pelatih Pelatih Renang Tingkat D. Ini dilakukan dalam upaya meningkatkan kompetensi dan kualitas pelatih.
Pelatih ini dihelat dilakukan Sabtu (29/8/2026) di Hotel Grand Tjokro, Jakarta Barat. Kegiatan pelatihan ini di hadiri oleh Kabid Binpres Koni Jakarta Barat Adhitya Maulana, Dewan Pakar Akuatik Jakarta Prof Abdul Sukur, Waketum 2 Akuatik Jakarta Hadi Endang Rauf, Komite Renang Akuatik Jakarta Billi Afrianto, dan Ketua Pengkot Akuatik Jakarta Barat Feryawan.
Pelatihan Tingkat D menjadi salah satu langkah penting dalam memberikan pemahaman dasar mengenai kepelatihan renang, teknik mengajar, keselamatan di kolam renang, serta prinsip-prinsip dasar pembinaan atlet.
Selama kegiatan berlangsung, peserta mendapatkan berbagai materi kepelatihan yang disampaikan secara teori maupun praktik. Materi diberikan untuk membekali calon pelatih agar mampu menerapkan metode latihan yang tepat, aman, dan sesuai dengan karakteristik peserta didik maupun atlet yang dibina.
Penyelenggaraan pelatihan ini juga menjadi bagian dari komitmen Akuatik Jakbar dalam mendorong peningkatan kualitas pelatih renang, khususnya di wilayah Jakarta Barat. Dengan semakin banyaknya pelatih yang memiliki kompetensi dan pemahaman kepelatihan yang baik, diharapkan pembinaan olahraga renang dapat berkembang secara lebih terarah dan berkelanjutan.
Suasana pelatihan berlangsung dengan antusias dan interaktif. Para peserta tidak hanya menerima materi, tetapi juga mendapatkan kesempatan untuk berdiskusi, bertukar pengalaman, serta memahami berbagai tantangan yang dihadapi dalam proses pembinaan olahraga renang.
Melalui kegiatan ini, Akuatik Jakarta Barat berharap para peserta dapat mengembangkan ilmu dan keterampilan yang diperoleh untuk diterapkan dalam kegiatan kepelatihan di lingkungan masing-masing. Selain meningkatkan kompetensi individu, pelatihan ini diharapkan turut berkontribusi dalam mencetak pelatih-pelatih renang yang profesional, berintegritas, dan mampu mendukung lahirnya atlet-atlet berprestasi di masa mendatang.
""Pelatihan ini menjadi salah satu bentuk nyata komitmen organisasi dalam membangun ekosistem olahraga akuatik yang berkualitas, mulai dari peningkatan kapasitas pelatih hingga pembinaan atlet secara berjenjang,"" papar Feryawan dalam rilis kepada detikSport.
(mrp/bay)",sport,https://sport.detik.com/sport-lain/d-8641159/akuatik-jakbar-gelar-pelatihan-pelatih-renang
29,"Talenta tanpa usaha merupakan kesia-siaan. Untuk itulah Kejuaraan Nasional (Kejurnas MotoPrix) 2026 ada demi mengasah kemampuan para pebalap nasional.
Kejurnas yang bertajuk Pertamax Turbo MotoPrix itu dilangsungkan di Sirkuti Gery Mang, Subang, Jawa Barat, 29-30 Agustus. Ajang ini digelar tidak cuma untuk menggairahkan olahraga otomotif Indonesia, tapi juga panggung persiapan para pebalap terbaik sebelum terjun di level berikutnya.
Sebagaimana balapan motor pada umumnya, inovasi serta performa tinggi selalu jadi tuntutan untuk setiap pebalap. Maka dari itu setiap pebalap harus bisa mencari teknologi sebaik mungkin demi meningkatkan performa motor.
Di Kejurnas MotoPrix 2026 ini, para pebalap berupaya mencari settingan motor sebaik mungkin demi mencapai target yang dicapai. Itulah mengapa Pertamax Turbo menjadi sponsor utama karena komitmen Pertamina Patra Niaga dalam menyediakan bahan terbaik kelas satu.
""Kami melihat MotoPrix sebagai ajang penting dalam mencetak dan mengembangkan pembalap-pembalap nasional berprestasi. Melalui Pertamax Turbo, kami ingin terus hadir mendukung para pembalap dan seluruh ekosistem otomotif untuk mencapai performa terbaik di lintasan,"" ujar VP Corporate Communication Pertamina Patra Niaga, Kitty Andhora, dalam rilis kepada detikSport.
Menurut Kitty, olahraga balap motor memiliki karakteristik yang erat dengan inovasi, performa, dan teknologi, nilai-nilai yang juga menjadi karakteristik Pertamax Turbo sebagai BBM beroktan tinggi yang dirancang untuk mendukung kendaraan dengan teknologi mesin modern.
Selain menjadi official fuel partner, kehadiran Pertamax Turbo dalam MotoPrix 2026 juga memperkuat posisi produk sebagai bagian dari ekosistem otomotif nasional, khususnya pada kegiatan yang menuntut performa kendaraan secara optimal.
""Pertamax Turbo menjadi official fuel partner dalam Kejurnas MotoPrix 2026. Kehadiran kami dalam ajang ini merupakan wujud komitmen Pertamina Patra Niaga untuk mendukung perkembangan olahraga otomotif nasional melalui penyediaan BBM berkualitas yang sesuai dengan kebutuhan kendaraan berperforma tinggi.""
(mrp/nds)",sport,https://sport.detik.com/sport-lain/d-8640053/kejurnas-motoprix-2026-asah-talenta-pebalap-nasional
30,"Bilal Hasan bisa memenangi debut duelnya di UFC. Fighter berdarah Indonesia itu langsung mengucap Alhamdulillah.
Bilal mentas di UFC usai memenangi Dana White's Contender Series. Ia kemudian tampil melawan Nilson Rojas di UFC Fight Night 286 atau UFC Shanghai.
Bertarung di Shanghai Aquatic Sports Center, Sabtu (29/8/2026), Bilal menang KO di ronde kedua. Pukulan kerasnya bikin Rojas terhuyung dan dihujani pukulan, memaksa wasit menghentikan duel.
Usai duel itu, Bilal mengaku senang. Meski kesulitan, ia yakin kemenangan ini jadi hasil atas kesabaran dan dukungan dari orang-orang di sekitar.
Bilal Hasan, yang juga mengidolai Michael Jackson, tak lupa memberi salam bagi idolanya. Kebetulan, hari pertarungan perdananya di UFC bertepatan dengan ulang tahun mendiang Raja Pop tersebut.
""Halo, China! Saya cinta kamu, Shanghai! Selamat ulang tahun, Michael Jackson!' katanya di Oktagon.
""Ya, ini lebih sulit daripada yang saya kira. Saya tahu dia akan menyulitkan. Dia tidak pernah kalah sebelumnya. Kita berdua memiliki rekor yang sama.""
""Tapi saya percaya pada kemampuan saya dan saya percaya pada tim saya. Hormat kepada Charles Pearson, Ryan Diaz, dan juga ayah saya di tempat saya. Ini bukan soal di mana Anda berada, tapi bersama siapa,"" katanya.
""Saya percaya dengan orang-orang di sekitar saya. Saya percaya dengan tujuan Tuhan. Saya benar-benar merasakan. ini adalah tujuan dalam hidup saya. Alhamdulillah. Saya percaya dengan prosesnya dan paling penting, saya menikmatinya,"" katanya.
Hasil ini bikin Bilal menyamai rekor Jeka Saragih, fighter Indonesia yang juga menang pada debutnya di UFC. Jeka menang pada 2023.
Saat itu, Jeka tampil pada preliminary card duel UFC Fight Night di Las Vegas. Jeka melawan Lucas Alexander, dan juga menang KO di ronder pertama.
(yna/aff)",sport,https://sport.detik.com/sport-lain/d-8639883/bilal-hasan-ucap-syukur-usai-menangi-debut-ufc-alhamdulillah
31,"Umar Nurmagomedov hadapi Song Yadong dalam UFC Shanghai. Umar kalah KO!
UFC Fight Night: Nurmagomedov vs Song dalam UFC Shanghai digelar di Oriental Sports Center, Sabtu (29/8). Duel utama di kelas bantam UFC, Umar Nurmagomedov di ranking ketiga kontra Song Yadong di ranking keenam.
Umar Nurmagomedov lepas leg kick di awal ronde pertama. Song juga lancarkan tendangan ke badan. Jual beli tendangan pun terjadi.
Umar menyerang single leg takedown untuk jatuhkan Song. Song lantas mencoba guillotine, Umar bisa bertahan.
Dalam posisi ground and pound, Umar coba cari posisi terbaik di atas. Song bikin Umar sibuk dengan lepas pukulan.
Song akhirnya cepat bisa lepas, kembali pertarungan atas. Jual beli pukulan satu dua terjadi.
Lanjut ronde kedua, diawali jual beli tendangan. Song bisa bertahan dari double leg takedown Umar.
Dua jab Umar masuk, pelipis Dong berdarah. Selanjutnya Song lepas jebakan dari pukulan jab, Umar menunduk, dan setingan pukulan upper cut yang baru maju setengah sudah kena bagian kanan kepala Umar.
Umar terjatuh dan kalah KO! Umar bahkan sampai terlihat tidak sadarkan diri dan darah mengalir deras dari telinganya.
Song menang di ronde kedua. Sementara Umar, dirinya raih kekalahan kedua dalam karier MMA profesional.
(aff/yna)",sport,https://sport.detik.com/sport-lain/d-8639850/hasil-ufc-shanghai-umar-nurmagomedov-kalah-ko
32,"Ciputra Golfpreneur Tournament 2026 telah tuntas. Kevin Caesario Akbar membuat sejarah sebagai pegolf Indonesia pertama yang mampu juara di ajang tersebut.
Pertandingan final ini berlangsung di Damai Indah Golf-BSD Course, Serpong, Banten, Sabtu (29/8/2026). Kevin berhasil mencetak birdie di hole 18, yang mengantarkannya menjadi juara dengan skor 263 atau 25-under, menyamakan rekor skor terendah yang sebelumnya dipatok oleh Matt Killen, juara tahun lalu.
Kevin mendedikasikan kemenangan ini untuk anaknya. Kevin pada Juli lalu telah resmi menjadi seorang ayah setelah istrinya melahirkan anak laki-laki.
""Kalau mengingat permainan tiap hole rasanya sulit dipercaya karena banyak putting jarak jauh yang masuk, lalu bisa chip-in eagle, jadi bersyukur sih. Tadi setelah selesai bermain, ada teman yang berceletuk, 'Ini rejeki anak,' dan rasanya benar sekali,"" ujar Kevin dalam rilis yang diterima detikSport.
Kevin mengaku sama sekali tidak terpikir akan menang. Dia cuma berusaha bermain seperti biasa, fokus pada setiap pukulannya.
""Ketika tiba di hole terakhir, sebelum melakukan pukulan ketiga dan melihat papan klasemen, saya mulai berpikir kalau ada peluang menang. Tapi saya memerlukan birdie di hole terakhir, dan alhmadulilah dapat birdie dengan putting dari jauh, jadi lumayan deg-degan,"" Kevin mengungkapkan.
""Terima kasih kepada istri, papa saya, Ciputra Golfpreneur Foundation, para sponsor, dan semua yang sudah mendukung saya. Kemenangan ini saya dedikasikan untuk anak saya,"" kata Kevin usai menerima trofi.
Ciputra Golfpreneur Tournament diselenggarakan sejak tahun 2014. Tahun ini merupakan edisi ke-11 setelah sempat absen pada tahun 2020 dan 2021 akibat pandemi Covid-19.
Setiap edisi dimenangkan oleh juara dari negara-negara yang berbeda. Edisi pertama dimenangkan oleh James Bryne (Skotlandia), diikuti Michael Trant (Vietnam), Oscar Zetterwall (Swedia), Masaru Takashi (Jepang), Miguel Carballo (Argentina), Tom Kim (Korea Selatan), Suteepat Prateeptienchai (Thailand), Yuvraj Sing Sandhu (India), Liu Yung Hua (China Taipei), dan Matt Killen (Inggris).
""Selamat kepada semua pemain yang sudah menunjukkan semangat berkompetisi. Dari 11 edisi turnamen ini diselenggarakan, juaranya selalu berasal dari negara yang berbeda dan sekarang giliran Indonesia,"" kata Budiarsa Sastrawinata selaku Pendiri dan Ketua Dewan Pembina Ciputra Golfpreneur Foundation.
(ran/aff)",sport,https://sport.detik.com/sport-lain/d-8639826/kevin-caesario-bawa-indonesia-ukir-sejarah-di-golfpreneur-tournament-2026
33,"Bilal Hasan menang pada debutnya di UFC. The IndoNinja menyamai catatan Jeka Saragih sebagai fighter berdarah Indonesia yang langsung menang di oktagon.
Bilal Hasan menjadi fighter berdarah Indonesia kedua yang mentas di UFC. Ia lolos ke ajang MMA terpopuler itu usai menang di ajang Dana White's Contender Series.
Tampil di UFC, Bilal langsung masuk line up pertarungan utama (main card) dengan melawan Nilson Rojas di UFC Fight Night 286 atau UFC Shanghai 2026. Ia meramaikan pertarungan utama yang pertemukan Umar Nurmagomedov vs Song Yadong di Shanghai Aquatic Sports Center, Sabtu (29/8).
Melawan Rojas, Bilal tampil agresif sejak awal. Ia banyak menekan lawannya ke sudut, dan beberapa kali bisa merebahkannya ke kanvas.
Setelah ronde pertama berakhir, Bilal Hasan melanjutkan tekanannya di ronde kedua. Pada menit 2:27, Bilal akhirnya bisa merobohkan Rojas.
Sebuah punches keras tangan kanannya menghantam wajah Rojas. Lawan asal Chile itu langsung ambruk, dan Bilal menghujaninya dengan pukulan lagi.
Wasit langsung menyetop Bilal melanjutkan serangannya. Rojas dinyatakan kalah, dan Bilal pemenangnya!
Hasil ini bikin Bilal menyamai rekor Jeka Saragih, fighter Indonesia yang juga menang pada debutnya di UFC. Jeka menang pada 2023.
Saat itu, Jeka tampil pada preliminary card duel UFC Fight Night di Las Vegas. Jeka melawan Lucas Alexander, dan menang KO di ronder pertama.
Usai kemenangan itu, Jeka dua kali lagi tampil di UFC melawan Westin Wilson dan Yoo Joo-sang. Dua laga itu berakhir kekalahan KO dan submission.
Bagi Bilal Hasan, kemenangan atas Rojas membuatnya berpeluang tampil di UFC lagi seperti Jeka Saragih. Lawan yang lebih berat jelas akan menantinya di oktagon.
(yna/ran)",sport,https://sport.detik.com/sport-lain/d-8639771/menangi-debut-ufc-bilal-hasan-samai-rekor-jeka-saragih
34,"Bilal Hasan jalani debut di UFC kontra Nilson Rojas. Bilal yang asal Indonesia petik kemenangan dengan pertarungan yang ngeri!
UFC Fight Night: Nurmagomedov vs Song dalam UFC Shanghai digelar di Oriental Sports Center, Sabtu (29/8). Bilal Hasan yang jalani laga debut, hadapi petarung asal Peru, Nilson Rojas.
Bilal Hasan menang dalam pertarungan tiga ronde. Bilal menang pada ronde kedua, ketika pukulan lurusnya langsung jatuhkan Nilson Rojas!
Mari resapi betapa ngerinya The IndoNinja!
Bilal Hasan coba ambil momentum dengan melepas serangan kombinasi duluan begitu ronde pertama dimulai. Dua tendangan atasnya sulitkan Rojas, Rojas coba serangan balik tapi Bilal jaga jarak.
Pertarungan jarak dekat terjadi, keduanya jual beli serangan. Satu pukulan lurus Bilal masuk ketika menyerang balik.
Bilal lebih apik lepas serangan kombinasi atas bawah. Leg kick, body kick, high kick. Kombinasi pukulan satu-duanya pun berbahaya, buktinya Rojas sudah mengeluarkan darah dan sempat terjatuh.
Masih di ronde satu, Bilal sukses lancarkan takedown. Empat pukulan dalam posisi ground and pound masuk, Bilal sempat coba rear naked choked, tapi Rojas bisa bertahan.
Bilal tidak lepas tekanan, lepas tendangan lutut ke wajah Rojas saat keduanya coba bangun. Rojas coba menyerang, sekali lagi pukulan telak Bilal masuk.
Dalam posisi clinch, gantian pukulan siku Rojas mendarat ke wajah Bilal. Ronde pertama selesai, Rojas sudah babak belur.
Lanjut ronde kedua, Bilal Hasan kembali menyerang duluan. Kombinasi pukulannya masuk.
Rojas gantian meledak. Tendangan lurus ke badan jatuhkan Bilal! Bilal langsung bangkit dan tersenyum.
Bilal lebih sabar, terus ganti kuda-kuda orthodox dan southpaw. Rojas ambil kendali.
Bilal tak lama tuntaskan pertarungan. Ketika Rojas yang pegang kendali dipatahkan ritmenya oleh Bilal dengan pukulan kanan lurus!
Bum! Rojas terjatuh dan wasit menghentikan pertarungan. Bilal Hasan menang KO, catatkan debut manis di UFC, sembari berdansa ala Michael Jackson.
Bilal tambah rekor sempurna di dunia MMA dengan 10-0. Belum pernah kalah!
(aff/yna)",sport,https://sport.detik.com/sport-lain/d-8639712/begini-ngerinya-debut-ufc-bilal-hasan-lawan-babak-belur
35,"Bilal Hasan merebut kemenangan pada debutnya mentas di UFC. Fighter berdarah Indonesia itu menang KO lawan Nilson Rojas.
Bermain di Shanghai Aquatic Sports Center, Sabtu (29/8/2026), Bilal melakoni debutnya di UFC. Fighter Peru, Nilson Rojas, menjadi lawannya.
Sejak ronde pertama dimulai, Bilal tampil agresif. Petarung berjuluk The IndoNinja itu terus menyudutkan lawannya ke ring oktagon.
Sesekali punch keras dilepaskannya, dan tepat mengenai Rojas. Lawannya beberapa kali sempat terhuyung dan bisa dibuat mencium kanvas.
Rojas mulai bangkit dan melakukan beberapa serangan kepada Bilal. Namun, fighter berusia 25 tahun itu bisa bertahan sampai ronde pertama berakhir.
Di ronde kedua, Bilal tampak sabar untuk melancarkan serangan. Sampai akhirnya, pukulan Bilal tepat mengenai wajah Rojas.
Lawannya ambruk, dan langsung dihujani pukulan oleh Bilal. Wasit langsung menghentikan duel, menyatakan Bilal pemenangnya.
Bagi Bilal, ini menjadi kemenangan pertamanya di UFC. Jelas, lawan yang lebih berat akan menantinya di oktagon selanjutnya.
(yna/aff)",sport,https://sport.detik.com/sport-lain/d-8639683/hasil-ufc-fight-night-286-bilal-hasan-menang-ko-lawan-nilson-rojas
36,"Sean Gelael akan tampil lagi di GT World Challenge Europe (GTWCE) akhir pekan ini. Sean ingin melanjutkan momentum bagusnya di Spa dua bulan lalu.
Setelah dua bulan libur, GTWCE-Endurance Cup akan lanjut di Nurburgring, Jerman, Minggu (30/8/2026). Sean dan rekan-rekannya di AF Corse 50, rthur Leclerc dan Lilou Widoux, akan coba meraih poin lagi.
Sean dkk. dalam momentum bagus karena pada balapan terakhir GTWCE di 24H of Spa, mereka finis kelima setelah start dari posisi 28.
Race di Nurburgring tidak lama, hanya tiga jam. Oleh karenanya, Sean, Arthur, dan Lilou bertekad memberikan penampilan sebaik mungkin seperti di Spa.
""Senang bisa kembali balapan. Waktu di Spa kami benar-benar fight dan saya merasa mobil nomor 50 dan 51 sama baiknya,"" ujar Sean dalam rilis kepada detikSport.
""Kami semua bangga dengan pencapaian itu. Kami terbukti bisa kompetitif walau ini tahun pertama kami di kelas Pro,"" timpal Lilou.
Sean dan kawan-kawan saat ini fokus untuk mendapatkan hasil terbaik dari setiap race, tanpa memikirkan posisi di kejuaraan. Kelas Pro terdiri dari 17 peserta, di mana total GTWCE ada 55 mobil.
Sean ingin menuntaskan balapan GTWCE di Nurburgring. Tahun lalu dia ikut serta di kelas Bronze bersama Darren Leung dan Dan Harper. Start menjanjikan dari P2 musnah dalam 10 menit karena tertabrak peserta lain.
Race GTWCE-Endurance Cup 3H of Nurburgring disiarkan langsung oleh kanal youtube GTWorld, Minggu (30/8) mulai pukul 20.00 WIB.
Jadwal GTWCE Nurburgring
Jumat, 28 Agustus
16.45 - 18.45 WIB: Paid Test
Sabtu, 29 Agustus
15.50 - 17.20 WIB: Free Practice 1
21.15 - 22.45 WIB: Free Practice 2
Minggu, 30 Agustus
15.05 - 16.15 WIB: Qualifying
20.00 - 23.00 WIB: Race
(mrp/raw)",sport,https://sport.detik.com/sport-lain/d-8639065/gtwce-sean-ingin-lanjutkan-momentum-bagus-di-nurburgring
37,"Pertamax Turbo Drag Fest 2026 akan terasa spesial. Sebab, ajang drag race tersebut resmi masuk kalender Kejuaraan Nasional (Kejurnas).
Pertamax Turbo Drag Fest 2026 akan digelar dalam dua putaran, yakni Putaran I di Lanud Gading, Wonosari, Yogyakarta pada 29-30 Agustus 2026 dan Putaran II di Lanud Sutan Sjahrir, Padang pada 14-15 November 2026. Ajang ini menghadirkan total 25 kelas kompetisi Drag Bike dan Drag Race.
VP Corporate Communication Pertamina Patra Niaga, Kitty Andhora, mengatakan Pertamax Turbo Drag Fest 2026 menjadi bentuk dukungan pihaknya terhadap perkembangan olahraga otomotif nasional. Sekaligus memberikan ruang kompetisi positif bagi para pebalap dan komunitas dari berbagai daerah.
""Pertamax Turbo Drag Fest 2026 bukan sekadar ajang adu cepat, tetapi juga menjadi wadah bagi para pebalap dan komunitas otomotif untuk menunjukkan kemampuan, berkompetisi secara sportif, serta memperkuat ekosistem olahraga otomotif di Indonesia. Tahun ini semakin istimewa dengan hadirnya Drag Race sebagai bagian dari Kejuaraan Nasional,"" ujar Kitty dalam rilis kepada detiksport.
Penggunaan Pertamax Turbo dalam ajang ini juga sejalan dengan karakter produk beroktan RON 98 yang dirancang untuk mendukung performa mesin berteknologi tinggi. Melalui Pertamax Turbo Drag Fest 2026, Pertamina Patra Niaga menghadirkan semangat pembuktian performa sekaligus memperkuat kedekatan produk dengan komunitas dan pecinta otomotif di Indonesia.
Selain kompetisi, Pertamax Turbo Drag Fest 2026 juga menghadirkan berbagai aktivitas hiburan, mulai dari konser musik, bazaar, hingga official simulator MotoGP. Pengunjung dapat menikmati kompetisi dan rangkaian hiburan secara gratis dengan memiliki aplikasi MyPertamina.
(mrp/bay)",sport,https://sport.detik.com/sport-lain/d-8638955/pertamax-turbo-drag-fest-2026-digelar-resmi-masuk-kejurnas
38,"Jakarta bakal menjadi panggung kehadiran salah satu legenda motorsport dunia. Peraih sembilan gelar juara dunia World Rally Championship (WRC), Sebastien Loeb, dipastikan ambil bagian dalam FIA Rallycross World Cup 2026 yang untuk pertama kalinya digelar di Indonesia.
Loeb akan turun bersama SARGA Motorsport pada ajang yang berlangsung di Jakarta International E-Prix Circuit (JIEC), Ancol, Jakarta, 5-6 Desember 2026. Kehadirannya menjadi salah satu daya tarik utama dalam debut FIA Rallycross World Cup di Asia Tenggara.
""Saya sangat menantikan kesempatan untuk kembali membalap di Jakarta dan menjadi rekan satu tim dengan Kevin. Penyelenggaraan FIA Rallycross World Cup perdana di Indonesia merupakan perkembangan yang menarik bagi olahraga ini, dan saya senang dapat menjadi bagian dari babak baru bersama SARGA,"" kata Loeb dalam keterangan persnya.
Pembalap asal Prancis tersebut akan berlaga di kategori RX1. Menariknya, Loeb tidak sendirian. Ia akan kembali satu tim dengan pembalap Swedia, Kevin Hansen.
Keduanya bukan sosok asing. Loeb dan Hansen pernah menjadi rekan satu tim ketika Peugeot terlibat dalam ajang World RX pada periode 2016 hingga 2018. Kini, keduanya kembali bekerja sama untuk menghadapi babak baru rallycross di Jakarta.
Bagi Loeb, FIA Rallycross World Cup di Indonesia menjadi kesempatan menarik untuk kembali merasakan atmosfer rallycross. Sebelumnya, ia pernah berkompetisi di World Rallycross Championship pada 2016 hingga 2018.
SARGA Motorsport juga menyiapkan talenta Indonesia. Kingston Effendi akan memperkuat tim tersebut dan turun di kategori RX5, sehingga kehadiran Loeb sekaligus menjadi bagian dari komposisi pembalap internasional dan lokal dalam ajang perdana tersebut.
""FIA Rallycross World Cup di Jakarta merupakan tonggak penting bagi SARGA.CO dalam membangun kehadiran yang lebih kuat di panggung motorsport internasional,"" kata Founder SARGA.CO, Aryo PS Djojohadikusumo.
""Kami bangga dapat bekerja sama dengan Kevin Hansen dan SÃ©bastien Loeb, dua nama yang memiliki reputasi luar biasa dalam dunia motorsport, sekaligus memberikan panggung kepada Kingston Effendi sebagai representasi generasi baru talenta Indonesia,"" sambungnya.
FIA Rallycross World Cup 2026 sendiri menjadi sejarah baru bagi Indonesia. Jakarta ditunjuk sebagai tuan rumah edisi perdana kompetisi tersebut sekaligus menjadi penyelenggaraan rallycross kelas dunia pertama di Asia Tenggara. Balapan akan menggunakan lintasan yang telah dimodifikasi dari JIEC dengan komposisi sekitar 60 persen aspal dan 40 persen gravel.
""SÃ©bastien, Kevin, dan Kingston mewakili tiga elemen penting dari apa yang ingin kami bangun melalui SARGA Motorsport: pengalaman kelas dunia, prestasi di level tertinggi, dan potensi generasi baru Indonesia,"" kata Chief of SARGA Motorsport, Felix Effendi.
(ran/aff)",sport,https://sport.detik.com/sport-lain/d-8638498/jagoan-reli-dunia-akan-tampil-di-fia-rallycross-2026-jakarta
39,"Bilal Hasan akan menjalani debutnya di UFC akhir pekan ini. Fighter berdarah Indonesia itu akan melawan Nilson Rojas.
Bilal akan melakoni debutnya di UFC akhir pekan ini. Ajang UFC Fight Night 286 yang digelar di Shanghai Oriental Sports Center, China, Sabtu (29/8/2026) menjadi momennya.
Bilal akan menantang fighter asal Chile, Nilson Rojas, di kelas terbang. Keduanya juga sudah menggelar sesi timbang badan pada Jumat (28/8), dengan beratnya sama di angka 124,5 pon atau setara 56,4 kg.
Bilal menjadi fighter Indonesia kedua yang mentas di UFC, setelah Jeka Saragih. Ia mendapat tiket ke oktagon lewat jalur Dana White's Contender Series, dengan mengalahkan Mridul Saikia.
Bilal Hasan dan Rojas punya rekor bertanding yang sama, yakni 9 kemenangan dan belum terkalahkan. Artinya, rekor keduanya bakal dipertaruhkan akhir pekan ini.
Jelang debutnya di UFC, Bilal sadar tekanannya besar. Meski begitu, ia mensyukuri kesempatannya bertanding di ajang terbesar ini.
""Ini panggung yang besar,"" katanya, mengutip situs resmi UFC.
""Tekanan ini sungguh sebuah kehormatan, dan saya hanya merasa bersyukur setiap detiknya. Bahkan saat saya sedang menurunkan berat badan dan melakukan segala pengorbanan, bahkan saat saya berlatih dan dihajar habis-habisan, saya tetap bersyukur bisa berada di posisi ini,"" jelas Bilal Hasan, yang menjuluki dirinya The IndoNinja.
(yna/aff)",sport,https://sport.detik.com/sport-lain/d-8638188/menanti-debut-bilal-hasan-di-ufc-akhir-pekan-ini
40,"Kultur otomotif roda dua bakal kembali semarak lewat Throttle LAnd 2026, festival yang mengusung konsep Cross-Genre Moto Festival pertama di Indonesia. Acara ini mempertemukan komunitas motor dari berbagai genre, mulai dari sport, klasik, custom, adventure, supermoto, skutik, hingga motor listrik, dalam satu ruang kolaborasi.
Throttle LAnd 2026 akan digelar pada Sabtu (29/8/2026) di Mitra Terrace, Gatot Subroto, Jakarta, mulai pukul 14.00 hingga 23.00 WIB. Berbeda dari festival motor pada umumnya, komunitas yang hadir tidak hanya berperan sebagai pengunjung, tetapi juga dilibatkan langsung sebagai bagian dari penyelenggaraan acara.
Sejak digelar pertama kali, Throttle LAnd mendapat sambutan positif dari komunitas roda dua, tidak hanya di Jakarta, tetapi juga Jawa Barat dan Jawa Tengah. Hingga saat ini, lebih dari 50 komunitas telah terlibat dalam rangkaian acara, mulai dari pre-event hingga hari pelaksanaan
Untuk membangun antusiasme, melalui kegiatan ini diwarnai berbagai keseruan unik, seperti gathering Wheels Knock, riding bareng, KURATOR (cukur rambut di motor), SABU (sarapan bubur), hingga Roda Ria (DJ set di atas motor).
Puncak acara pada 29 Agustus mendatang dipastikan tidak hanya menampilkan motor dengan berbagai genre, Throttle Land menyatukan kultur roda dua dengan seni, musik, dan lifestyle. Pengunjung bakal disuguhkan aksi Throttles Orchestra, live painting helmet, sengitnya Head to Head Drag Speed Challenge, hingga deretan booth Moto & Street Market serta F&B racikan komunitas. Menariknya, bagi yang kelewatan di pre-event, keseruan potong rambut di atas motor lewat KURATOR siap hadir kembali.
Sejumlah brand juga menghadirkan penawaran khusus selama event berlangsung. Rabbit & Wheels membagikan free T-shirt untuk setiap pembelian Motorsport Jacket. Sementara Polytron menawarkan diskon hingga Rp6,5 juta plus merchandise eksklusif untuk setiap pembelian motor listrik, serta merchandise gratis bagi pengunjung yang mencoba test ride, dengan syarat dan ketentuan berlaku.
Sebagai event yang lahir dari komunitas, Throttle Land menyajikan tradisi riding bareng yang dikemas berbeda lewat Rolling Wheels. Peserta tidak diberangkatkan dari satu lokasi, melainkan berkumpul di dua titik kumpul berdasarkan genre. Skuad matic dan sport berkumpul di Taman Menteng, sedangkan kubu custom serta vintage mengambil start di Motovillage, hingga nantinya meluncur serempak menuju venue.
Project Director Throttle LAnd 2026, Adam Hadziq menjelaskan setiap genre motor punya selera musiknya masing-masing. Karena itu, Throttle LAnd menghadirkan deretan musisi lintas genre sepanjang hari.
Band rock NTRL tampil sebagai salah satu headliner, bersama Teenage Death Star Full Squad with Vincent Rompies, Orkes Nunung CS, Ten Hole feat. Nuwie Fourtwnty, The Diegos, serta karaoke session bersama Adella Johana dan Bottom Bunkk.
""Throttle LAnd hadir untuk menyatukan seluruh genre komunitas motor dalam satu festival. Kami ingin menghadirkan ruang bagi seluruh pecinta roda dua untuk bertemu, berbagi inspirasi, dan merayakan kultur berkendara Indonesia tanpa memandang jenis motor,"" ujar Adam Hadziq, dalam keterangan tertulis Senin (24/8/2026).
Semangat kebersamaan yang jadi dasar Throttle LAnd juga sejalan dengan Bold Riders, yang hadir sebagai sponsor utama. Menaungi lebih dari 600 komunitas motor lintas genre di Indonesia, Bold Riders memiliki semangat yang sama, yaitu The Spirit of Brotherhood. Semangat itu juga dibawa langsung ke Throttle LAnd, dengan lebih dari 250 member Bold Riders dari berbagai daerah yang akan turut hadir.
Brand Communications Bold Riders, Matthew Raynaldi, mengatakan bahwa Bold Riders lahir sebagai wadah bagi komunitas motor.
""Bold Riders lahir sebagai wadah bagi komunitas motor. Setiap komunitas punya karakter dan kebanggaannya masing-masing, dan Throttle LAnd menjadi tempat untuk semua bisa berkumpul tanpa harus jadi seragam. Buat kami, itulah The Spirit of Brotherhood."" katanya.
Sebagai bentuk apresiasi untuk komunitas yang sudah menjadi bagian dari perjalanan ini, Bold Riders menghadirkan Lucky Draw dengan hadiah utama satu unit sepeda motor, yang terbuka untuk seluruh pengunjung. Dainese, brand apparel dan perlengkapan berkendara asal Italia, turut menghadirkan dua doorprize eksklusif berupa Explorer WP Duffel Bag 46 liter dan Explorer WP Upbag 19 liter, dengan total nilai mencapai Rp10 juta.
Tidak hanya itu, di penyelenggaraan perdananya Throttle LAnd juga membuka akses gratis. Komunitas motor maupun pengunjung umum cukup melakukan registrasi untuk masuk ke area festival, dengan informasi lengkap yang bisa diakses melalui akun Instagram @throttle.land.
""Kami mengundang seluruh pecinta roda dua untuk datang dan menjadi bagian dari Throttle LAnd. Tahun ini, pengunjung dapat menikmati seluruh rangkaian acara secara gratis dengan registrasi melalui mtix.me/tlm atau link yang terdapat pada IG Throttle LAnd. Bersama Bold Riders, komunitas, dan seluruh mitra yang terlibat, kami berharap Throttle LAnd dapat tumbuh menjadi salah satu festival roda dua terbesar di Indonesia,"" tutup Adam.
(akd/ega)",sport,https://sport.detik.com/sport-lain/d-8637888/throttle-land-2026-by-bold-riders-digelar-29-agustus-ini-rangkaian-acaranya
41,"Taekwondoin Indonesia Giovano Gikey Mandagi sukses merebut medali perak di ajang China Open Taekwondo Championship 2026 di Hunan.
Giovano berlaga di nomor Kyorugi Junior putra kelas U-51 kg. Atlet taekwondo putra berusia 15 tahun itu melaju dari laga pertama sampai final, sebelum akhirnya jadi runner-up usai dikalahkan wakil Hong Kong.
Prestasi tersebut jadi catatan positif bagi Giovani dan Tim Pelatnas Taekwondo Indonesia dalam ajang China Open 2026 yang digelar 23-24 Agustus. Sekalipun gagal memenangi medali emas.
Ketua Umum Pengurus Besar Taekwondo Indonesia (PBTI) Letjen TNI Richard Tampubolon mengapresiasi pencapaian Giovano. Richard menyebut hasil tersebut membanggakan bagi taekwondo Indonesia.
""Giovano merupakan Atlet Junior Taekwondo Indonesia. Ia unjuk gigi dari peserta delapan negara untuk kategori Kyorugi (pertarungan) -51, dengan meraih 1 Medali Perak pada kejuaraan 2026 China Open Taekwondo Championship,"" kata Richard saat dikonfirmasi, Rabu (26/8/2026).
Medali ini kian melengkapi sukses Giovano Gikey Mandagi dalam dua bulan terakhir. Sebelumnya, Giovano memenangi medali emas di Wuhan Beach Taekwondo Open pada Juli silam.
(rin/raw)",sport,https://sport.detik.com/sport-lain/d-8635887/taekwondoin-giovano-mandagi-rebut-medali-perak-di-hunan
42,"Pemerintah Provinsi DKI Jakarta dan PT Sasana Jiwa berkolaborasi menggelar rangkaian event lari. One Running Series 2026 akan digelar di lima rute berbeda.
Lokasi ajang ini akan digelar di Jakarta Selatan, Jakarta Barat, Jakarta Timur, Jakarta Utara, dan Jakarta Pusat. Mengusung tema One City, One Celebration, Jakarta One Running Series hadir bukan sekadar sebagai kompetisi olahraga, tetapi sebagai sebuah perayaan yang mempertemukan masyarakat dari berbagai latar belakang dalam satu nuansa kebersamaan.
Setiap langkah di Jakarta One Running Series menjadi perayaan 500 tahun sejarah perkembangan, perjuangan, transformasi, dan kebanggaan masyarakat DKI Jakarta terhadap kotanya. Dalam sambutannya, Gubernur DKI Jakarta, Pramono Anung, menyoroti bahwa Jakarta One Running Series dapat menjadi cerminan nilai-nilai persatuan, kolaborasi, dan semangat kolektif masyarakat Jakarta.
""Saya melihat bahwa Jakarta One Running Series memiliki nilai yang sangat strategis. Dengan melibatkan lima wilayah kota dan menghadirkan titik temu di Monumen Nasional, kegiatan ini merepresentasikan Jakarta sebagai simbol persatuan, kolaborasi, dan semangat kolektif seluruh warganya,"" kata Pramono Anung di Hotel Borobudur, Jakarta, Rabu (26/8/2026).
Pramono juga menyampaikan apresiasi yang baik kepada Jakarta One Running Series yang mendorong gaya hidup aktif berkelanjutan dan mendukung penuh masyarakat untuk bergerak bersama, menunjukkan rasa cinta kepada kota ini, dan menghadirkan Jakarta sebagai kota global yang sehat dan inklusif. Jakarta One Running Series 2026 akan didesain sebagai serangkaian kegiatan lari yang menyoroti karakter khas dari setiap wilayah Jakarta, mulai dari distrik bisnis yang ramai hingga pusat sejarah dan budaya.
""Jakarta One Running Series bukan hanya tentang berlari dan mencapai garis finis. Kami ingin menciptakan satu acara yang dapat diikuti oleh semua orang di Jakarta, mulai dari pelari hingga yang ingin memulai berlari. Karena untuk menjadi bagian dari sebuah perayaan, kita tidak harus berlari paling cepat, kita hanya perlu mengambil satu langkah,"" ujar CEO PT Sasana Jiwa Rufina Novalita.
Semangat tersebut juga tercermin dalam konsep pengalaman yang akan dihadirkan sepanjang rangkaian Jakarta One Running Series 2026. Peserta tidak hanya diajak mengejar jarak dan waktu, tetapi juga menikmati perjalanan, atmosfer kota, komunitas, dan berbagai aktivitas yang menjadi bagian dari perayaan Jakarta. Race Director Jakarta One Running Series Husni Kamil menjelaskan bahwa pengalaman peserta menjadi salah satu fokus utama dalam penyelenggaraan event ini.
""Kami ingin setiap kilometer memiliki cerita. Mulai dari race experience, komunitas, hingga berbagai elemen yang hadir di sepanjang perjalanan, semuanya dirancang agar peserta dapat merasakan Jakarta dengan cara yang berbeda,"" ucap Husni Kamil.
Jakarta One Running Series akan dimulai pada 1 November 2026 di SCBD Jakarta Selatan, dilanjutkan di Ancol, Jakarta Utara, pada 17 Januari 2027, 21 Maret 2027 di Puri Jakarta Barat, 25 April 2027 di Velodrome Jakarta Timur, dan ditutup di Lapangan Banteng Jakarta Pusat pada 6 Juni 2027. Acara ini hanya memiliki satu kategori, yaitu 5 KM.
Untuk pendaftaran, dibuka pada tanggal 26 Agustus 2026 secara online. Selain itu, terdapat hadiah total puluhan juta rupiah untuk peserta yang mencapai podium 1 hingga 3.
""Kami menargetkan 10.000 pelari untuk satu acara di satu wilayah Jakarta, yang terdiri dari penggiat dan komunitas olahraga lari nasional, masyarakat umum kota Jakarta, hingga pelajar,"" tutur Husni Kamil.
Jakarta One Running Series 2026 didukung oleh Pemerintah Provinsi DKI Jakarta, Kementerian EKRAF Republik Indonesia, dan Kementerian Pariwisata Republik Indonesia serta disponsori oleh Hotel Borobudur Jakarta sebagai Official Hotel Partner, ConnectX, Miels, Wikinara, Ibundaku,Kliktron, dan Jabra. Race Pack Collection akan diadakan di Hotel Borobudur Jakarta pada tanggal 28, 29, dan 30 Oktober 2026.
(mro/nds)",sport,https://sport.detik.com/sport-lain/d-8635772/pemprov-dki-akan-gelar-one-running-series-2026-di-lima-rute-berbeda
43,"Indonesia's Horse Racing (IHR) Merdeka Cup 2026 rampung digelar di Lapangan Pacuan Kuda Kubu Gadang, Payakumbuh, Sumatera Barat, Minggu (23/8).
Ajang ini disaksikan hampir 18 ribu pengunjung dan disiarkan secara internasional, dengan 45 kuda pacu meraih podium dari 15 kelas serta memperebutkan total hadiah Rp 450 juta.
Pada Kelas Pacuan Kelompok Umur dan Kelompok Ketinggian, Padang Pariaman dan Payakumbuh menjadi daerah dengan raihan podium terbanyak, masing-masing enam podium, disusul Bukittinggi-Agam dengan empat podium. Meski meraih jumlah podium lebih sedikit, Bukittinggi-Agam berhasil menempatkan dua kudanya di podium pertama melalui Emperor Bukati dan Rajo Malindo, masing-masing pada Kelas A/B Terbuka 1.400 meter (M) dan Kelas D Terbuka 1.200M.
Padang Pariaman juga menempatkan Golden Sikumbang sebagai pemenang Kelas F 1.000M. Sementara di kelas bergengsi 3 Tahun Derby Div. I 1.400M, Zara Dinamite dari Padang keluar sebagai pemenang setelah bersaing ketat dengan Mutiara Kemilau dari Payakumbuh yang finis di posisi kedua.
Leomord CH dari Sumatera Utara tampil sebagai pemenang Kelas 3 Tahun Remaja Div. I 1.200M, sedangkan Pusako Nagura dari Padang Panjang memenangkan Kelas 3 Tahun Derby Div. II 1.400M. Daerah lain di luar Sumatera Barat, seperti DKI Jakarta, Jawa Barat, dan Aceh, juga berhasil menempatkan kuda mereka di podium IHR Merdeka Cup 2026.
DKI Jakarta meraih kemenangan di Kelas 3 Tahun Derby Div. II 1.200M melalui Golden Kalashnikov. Jawa Barat melalui Monica Dupont memenangkan Kelas C Terbuka 1.200M, sementara Aceh menempatkan Hennessy Angel di podium kedua Kelas 3 Tahun Derby Div. II.
Direktur Komersial SARGA.CO Diana Airin mengapresiasi antusiasme masyarakat terhadap penyelenggaraan IHR Merdeka Cup 2026. Menurutnya, kembalinya IHR ke Payakumbuh menunjukkan kuatnya posisi pacuan kuda di tengah masyarakat, khususnya Sumatera Barat.
""Bagi kami, IHR Merdeka Cup bukan hanya mengenai siapa yang menjadi juara di lintasan, melainkan juga bagian dari perjalanan untuk membangun pacuan kuda Indonesia menjadi semakin profesional dan modern, sekaligus tetap menghargai tradisi dan kearifan lokal,"" ujar Diana dalam keterangan tertulis, Selasa (25/8/2026).
Sebelum hadir di Sumatera Barat melalui IHR Merdeka Cup 2026, SARGA.CO telah menggelar lima IHR di Jawa Tengah, DI Yogyakarta, dan Jawa Barat dalam kalender IHR 2026. Kehadiran IHR di berbagai daerah menjadi bagian dari upaya memperluas jangkauan olahraga pacuan kuda sekaligus membangun platform yang menghubungkan olahraga, hiburan, pariwisata, ekonomi kreatif, dan potensi daerah.
Perluasan jangkauan tersebut juga dilakukan SARGA.CO melalui siaran IHR Merdeka Cup dalam bahasa Inggris. VP Marketing & Operation SARGA.CO Kevin Jonathan mengatakan langkah tersebut menjadi salah satu implementasi tema IHR 2026, yakni Race to the World Stage.
""Memproduksi sebuah siaran berstandar internasional untuk menjangkau masyarakat global merupakan salah satu implementasi dari tema IHR 2026 yaitu Race to the World Stage. Kami berharap siaran IHR berbahasa Inggris ini dapat menjadi pintu masuk perhatian dan minat audiens dan komunitas dunia terhadap pacuan kuda di Indonesia,"" ujar Kevin.
Sherman Tan, Director of Sales NEP Middle East & Asia (Southeast Asia), menambahkan bahwa world feed yang diproduksi untuk pacuan kuda Indonesia menjadi tayangan pacuan kuda internasional pertama dari Asia Tenggara. Menurutnya, siaran tersebut tidak hanya menghadirkan pengalaman menyaksikan pacuan kuda ala Indonesia bagi penonton internasional, tetapi juga memperkenalkan Indonesia dan daerah setempat secara lebih luas.
Kelas Tradisional dan Pertunjukan Modern
Selain mempertandingkan kelas-kelas pacuan modern, IHR Merdeka Cup 2026 tetap mempertahankan unsur tradisional melalui tiga Kelas Draf Bogi dan dua Kelas Lokal Payakumbuh. Di Kelas Draf Bogi, Bukittinggi-Agam meraih jumlah podium terbanyak, sedangkan di Kelas Lokal Payakumbuh, PYK Stable meraih tiga podium dan Tabstar Stable meraih dua podium.
Ketua Komisi Pacu PP PORDASI Munawir mengatakan Payakumbuh merupakan salah satu sentra utama peternak kuda di Sumatera Barat dan memiliki banyak kuda hasil persilangan dengan kuda luar. Menurutnya, Kelas Lokal Payakumbuh memberikan kesempatan bagi kuda-kuda lokal untuk bertanding dengan standar nasional sekaligus mendorong peningkatan kualitas kuda dan joki daerah.
Sementara itu, Ketua Pengurus Provinsi PORDASI Sumatera Barat Dery Asta menilai penyelenggaraan IHR di Sumatera Barat menjadi langkah maju bagi tradisi pacuan kuda lokal. Ia melihat tradisi pacuan kuda yang telah berlangsung turun-temurun di Sumatera Barat kini dapat dikemas sebagai pertunjukan modern melalui perpaduan metode balap, teknologi, dan pengemasan yang tepat.
Menuju Seri IHR Berikutnya
IHR Merdeka Cup 2026 menjadi kejuaraan keenam dari delapan event yang masuk dalam kalender IHR 2026. Sebelumnya, SARGA.CO bersama PP PORDASI telah menyelenggarakan IHR Jateng Derby 2026, IHR Triple Crown Serie 1 & Pertiwi Cup, IHR Triple Crown Serie 2 & Piala Raja Mangkunegaran, IHR Piala Paku Alam, serta IHR Indonesia Derby 2026.
Setelah Merdeka Cup 2026, rangkaian IHR akan berlanjut menuju Kejurnas Seri II yang dijadwalkan berlangsung pada Oktober di Sulawesi Utara. Rangkaian tersebut kemudian ditutup dengan Piala Hamengku Buwono X di DI Yogyakarta pada November 2026.
Rangkaian IHR 2026 dengan tema Race to the World Stage menjadi bagian dari komitmen SARGA.CO dan PP PORDASI untuk membangun ekosistem pacuan kuda Indonesia yang semakin profesional, kompetitif, dan memenuhi standar internasional.
IHR Merdeka Cup 2026 turut didukung oleh Arsari Tambang, JAPFA, Fortis, Blue Blood Stable, Coca Cola, dan Semen Padang.
(prf/ega)",sport,https://sport.detik.com/sport-lain/d-8634255/ihr-merdeka-cup-2026-digelar-18-ribu-penonton-hadir-di-payakumbuh
44,"Selesai sudah kiprah Avila Bahar di Malaysia Touring Car Championship (MTCC) 2026. Bersama rekannya Aaron Lim, Avila berhasil jadi juara umum.
Keberhasilan itu didapat Avila pada seri keempat MTCC 2026 di Sirkuit Internasional Sepang, Minggu (23/8/2026). Avila bersama Aaron memperkuat Honda Malaysia Racing Team (HMRT). Sejak balapan Race pertama Sabtu, Avila dan Aaron sama-sama tampil menawan sepanjang 18 lap.
Avila dan Aaron finis meraih podium ketiga di Race pertama Sabtu, (22/8/2026). Finis ketiga tidak bikin Avila puas dan dia membayarnya di balapan kedua.
Avila dan Aaron pun begitu bersemangat memacu kendaraan Honda FE dengan livery putih merah nomor 27 ini.
Apalagi Avila memang tampil istimewa di Round 4 MTC ini sejak official practice, qualification session hingga race pertama, Avila-Aaron selalu jadi yang tercepat. Avila pun mencatat waktu tercepat di Race kedua, 2 menit 31,707 detik di lap kedua.
Seperti di Race 1, Avila yang start dari pole position langsung menggebrak. Sejak awal keduanya bisa menjaga irama laju kendaraan dengan baik hingga menyudahi 18 lap dengan waktu tercepat di posisi P1.
Sayangnya karena sempat terlalu cepat satu detik saat keluar dari pitstop, Avila pun harus kena penalti 60 detik sehingga posisinya bersama Aaron melorot ke tempat kedua. Namun, hasil itu tidak menahan laju Avila dan Aaron ke puncak klasemen sekaligus gelar juara MTCC 2026.
""Secara overall untuk Round 4 ini memang kami ada di 3 besar dan itu cukup untuk kami terus jadi pimpinan klasemen sehingga bisa juara Championship di MTC 2026,"" kata Avila dalam rilis kepada detikSport.
Avila juga mengakui ada banyak drama di Putaran keempat ini. Dia pun bersyukur bisa melaluinya dengan baik sekaligus meraih gelar juara pertamanya sejak lima tahun l alu pindah ke HMRT.
""Sempat susul-susulan, strategi yang kami terapkan juga sempat terchallenge. Tapi, yang paling menyenangkan di putaran akhir ini adalah kami beberapa kali memimpin dan selalu menjadi yang tercepat. Mulai official practice, kualifikasi, hingga balapan pun akhirnya bisa kita kunci dengan finis P1 bahkan fastest lap semua,"" sambungnya.
""Bahagia sekali rasanya setelah 5 tahun bersama HMRT akhirnya bisa juara championship 2026. Kita juga masih punya satu kali balapan lagi tahun ini yaitu Sepang 1000 Km pada November 2026 nanti.""
""Untuk balapan panjang ini, kita berharap dengan pengalaman dan data yang kita punya di MTCC akan jadi modal yang cukup buat kita berlomba selama 8-9 jam di Sepang 1000 Km nanti,"" demikian Avila.
(mrp/ran)",sport,https://sport.detik.com/sport-lain/d-8634061/mtcc-2026-avila-bahar-juara-umum-di-sepang
45,"Sebuah robot humanoid menyelesaikan lari dalam waktu kurang dari 10 detik. Catatan waktunya mengalahkan rekor dunia manusia milik Usain Bolt!
World Humanoid Robot Games digelar di Beijing pada 22-26 Agustus 2026. Ajang ini menyerupai gelaran Olimpiade, tapi diikuti ribuan robot yang bertanding di 51 cabang olahraga.
Salah satu yang ditampilkan adalah kemampuan lari robot humanoid. Menukil The Guardian, salah satu robot bernama Lightning berhasil menyelesaikan lari 100 meter hanya dalam tempo 9,32 detik
Catatan waktunya bisa dibilang luar biasa. Kecepatan lari Lightning mengalahkan rekor dunia milik Usain Bolt dalam Kejuaraan Atletik Dunia di Berlin pada 2009 (9,58 detik).
Robot Lightning dikembangkan oleh produsen ponsel pintar China Honor. Lightning memenangkan lomba lari setengah maraton Beijing (21 kilometer) pada April 2026.
Lightning mencatatkan waktu 50 menit dan 26 detik dalam lomba lari setengah maraton Beijing. Waktunya lebih cepat beberapa menit daripada pemegang rekor dunia manusia, Jacob Kiplimo (Uganda), yang menyelesaikan race 21 km di Lisbon selama 58 menit 20 detik pada Maret 2026.
ð¤FLASH INFO - UN ROBOT BAT LE CHRONO D'USAIN BOLT !
BaptisÃ© Â« Lightning Â» et dÃ©veloppÃ© par le fabricant de smartphones Honor, le robot a parcouru 100 mÃ¨tres en 9,32 secondes, contre 9,58 secondes pour le record du monde Ã©tabli par Usain Bolt en 2009.. pic.twitter.com/Cs9QXEf1iN
Robot Lightning memiliki tinggi 169 sentimeter dan panjang kaki 95 sentimeter saat lomba setengah maraton. Kehadirannya menunjukkan kemajuan besar di bidang kecerdasan buatan, mengingat robot humanoid terbaik kesulitan menyelesaikan perlombaan tahun lalu.
China telah mempromosikan robot humanoid sebagai industri yang berkembang pesat. Para pembuat kebijakan dan perusahaan memprediksi kemajuan AI (akal imitasi) dan perangkat keras akan mempercepat penerapan di bidang manufaktur, logistik, dan aplikasi konsumen.
(bay/krs)",sport,https://sport.detik.com/sport-lain/d-8633211/wow-robot-humanoid-kalahkan-rekor-lari-usain-bolt
46,"Persatuan Binaraga dan Fisik Indonesia (Perbafi) kembali mengharumkan nama Indonesia. Dua emas dibawa pulang dari WFF Asia Pacific Championship 2026.
WFF Asia Pacific Championships dihelat di Shaoxing, China, akhir pekan kemarin. Kejuaraan tahunan yang masuk kalender WFF Internasional ini diikuti atlet dari lebih dari 250 atlet dari 20 negara.
Perbafi mengirim lima atlet, empat di antaranya berhasil medali. Rinciannya dua medali emas dan satu medali perunggu dari Divisi Profesional, serta satu medali perak dari Divisi Amatir.
Dua medali emas dipersembahkan oleh Imelda Takasowa dari nomor Women Sportsmodel Pro dan Reimun Sarumaha pada nomor Jeans Model.
Kemudian perak diraih oleh Denny Enjel dari Men Beach Model-Amateur Division. Plus medali perunggu direngkuh Muhammad Iksir dari kategori Men Sportsmodel-Pro Division.
Hanya Rosiana Tasya yang gagal mendapatkan medali di kategori Miss Glamour. Meski demikian, pencapaian para atlet Perbafi itu sudah bikin sang ketua Kemalsyah Nasution.
""Selamat kepada seluruh atlet dan keluarga besar PERBAFI, WFF Indonesia. Terima kasih atas perjuangan, disiplin dan pengorbanannya untuk Merah Putih,"" kata Kemalsyah dalam rilis kepada detikSport.
""Dari Indonesia, untuk dunia. Mandiri dalam perjuangan. Merah Putih dalam tujuan. Yang membanggakan adalah medali emas ini diraih di bulan Kemerdekaan,"" tambah pria yang juga bertugas sebagai juri WFF Asia Pacific Championships 2026 itu.
Kabar membanggakan lainnya datang adalah Indonesia ditetapkan menjadi tuan rumah WFF Asia Pacific Championships 2027, yang rencananya digelar di Jakarta.
(mrp/bay)",sport,https://sport.detik.com/sport-lain/d-8633121/atlet-perbafi-raih-2-emas-di-wff-asia-pacific-championship-2026
47,"Kota Tangerang resmi menjadi tuan rumah Kejuaraan Nasional (Kejurnas) Hoki Indoor di GOR Nambo. Ajang ini diikuti 24 tim dari 12 provinsi di Indonesia.
Kejurnas Hoki Indoor dibuka oleh Gubernur Banten, H. Andra Soni, Minggu (23/8/2026). Perhelatan ini akan berlangsung selama tujuh hari.
Momen pembukaan juga dihadiri oleh Ketua Umum PP FHI Mayjen TNI (Purn) Budi Sulistijono, Ketua NOC Indonesia Raja Sapta Oktohari, Sekjen FHI Yasser Arafat Suaidy, Ketua Pengprov FHI Banten HM Ali Hanafiah, dan Wali Kota Tangerang H. Sachrudin.
""Kami berharap prestasi olahraga hockey di Indonesia, khususnya di Banten, terus berkembang. Hoki merupakan olahraga Olimpiade yang populer di dunia, dan tugas kita bersama untuk makin mempopulerkannya di Tanah Air,"" ujar Andra Soni dalam keterangan persnya.
Andra Soni, menyampaikan rasa hormatnya atas kepercayaan yang diberikan oleh Federasi Hockey Indonesia (FHI). Pihaknya berkomitmen penuh untuk menyelenggarakan kompetisi ini sesuai dengan standar terbaik.
""Hoki adalah olahraga global dengan lebih dari 3 miliar penggemar di seluruh dunia, berada di tingkat atas bersama sepakbola dan kriket. Kami berkomitmen penuh mendorong kemajuan prestasi hoki Indonesia melalui proses pembinaan yang berkelanjutan,"" tegasnya.
Andra Soni menyoroti catatan gemilang Timnas Hoki Indonesia yang sukses menyabet medali emas pada SEA Games di Bangkok 2025 dan Kamboja 2023, serta persiapan berlaga di Asian Games Nagoya mendatang. Guna menjaga tren positif ini, Pemerintah Provinsi Banten bersama Pemkot Tangerang telah menyiapkan langkah strategis terkait penyediaan fasilitas olahraga.
Selain pemanfaatan indoor venue yang ada saat ini, Wali Kota Tangerang menginisiasi pembangunan GOR khusus hoki indoor pada tahun 2027. Fasilitas ini ditujukan untuk pembinaan atlet muda sekaligus persiapan Banten sebagai tuan rumah PON XXXII.
Tak berhenti di situ, Pemprov Banten juga berencana melengkapi area Banten Sport Center dengan Stadion Hockey Field (Hoki Lapangan) berstandar internasional, bersanding dengan fasilitas akuatik, atletik, beladiri, dan futsal yang telah direncanakan dalam RPJMD.
""Kejurnas ini sangat strategis sebagai tolak ukur pembinaan prestasi di daerah-daerah. Kami berharap seluruh atlet tampil maksimal mengeluarkan performa terbaik dari hasil latihan selama ini,"" kata Budi Sulistijono.
(ran/yna)",sport,https://sport.detik.com/sport-lain/d-8631661/kejurnas-hoki-indoor-diikuti-24-tim
48,"Eks pelatih kepala Pelatnas Federasi Panjat Tebing Indonesia (FPTI) Hendra Basir ditetapkan tersangka kasus dugaan kekerasan seksual. Menteri Pemuda dan Olahraga Erick Thohir menyambut positif keputusan itu.
Berdasarkan keterangan kepolisian, peristiwa tersebut diduga terjadi secara berulang dalam rentang 2022 hingga Desember 2025. Berkas perkara kini telah dinyatakan lengkap atau P-21 dan telah dilaksanakan penyerahan tersangka dan barang bukti atau Tahap 2 ke Kejari Kota Bekasi.
""Kami mendukung penuh langkah kepolisian dalam menegakkan hukum dan mengungkap perkara ini secara tuntas serta menetapkan pelaku sebagai tersangka. Proses ini juga merupakan bukti bahwa segala bentuk kekerasan dan pelecehan tidak mendapatkan tempat,"" ujar Erick dalam keterangan tertulisnya, Jumat (21/8/2026).
Erick menegaskan pelaku tidak boleh lagi berkecimpung di dunia olahraga. Yang paling penting adalah memastikan korban mendapatkan perlindungan, pendampingan, dan keadilan.
""Negara tidak boleh membiarkan atlet yang seharusnya berada di lingkungan yang aman justru mengalami kekerasan atau pelecehan. Saya ingin para korban tahu bahwa mereka tidak sendiri. Pemerintah hadir dan berpihak pada korban,"" sambungnya.
Pria 56 tahun ini menyebut kasus ini bukan hanya soal hukum terhadap satu orang, tetapi juga momentum pembenahan menyeluruh ekosistem olahraga nasional.
""Olahraga harus menjadi ruang yang aman bagi setiap atlet untuk tumbuh, berlatih, berprestasi, dan mengharumkan nama bangsa. Tidak boleh ada penyalahgunaan kekuasaan, relasi kuasa, kekerasan, apalagi kekerasan seksual. Prestasi tidak boleh dibangun dengan mengorbankan martabat dan keselamatan atlet,"" katanya.
Erick lantas meminta seluruh induk organisasi cabang olahraga, pelatih, dan ofisial menjadikan keselamatan dan perlindungan atlet sebagai prioritas utama. Ia juga berharap para korban mendapatkan ruang pemulihan tanpa tekanan dan stigma.
""Harapan saya kepada para korban, tetap kuat dan jangan merasa bersalah atas apa yang terjadi. Fokus pada pemulihan diri. Kami berharap mereka mendapatkan dukungan dari keluarga, federasi, pemerintah, dan seluruh masyarakat,"" ujarnya.
Kemenpora akan mendorong sistem perlindungan atlet yang lebih kuat di semua cabang olahraga, meliputi pencegahan, mekanisme pengaduan, pendampingan, dan penanganan yang berpihak kepada korban.
""Kami ingin membangun olahraga Indonesia yang bersih. Bersih bukan hanya dari doping atau pengaturan pertandingan, tetapi juga bersih dari kekerasan, pelecehan, intimidasi, dan penyalahgunaan kekuasaan. Integritas olahraga dimulai dari bagaimana kita memperlakukan manusia di dalamnya,"" ujar Erick.
""Kami juga ingin atlet Indonesia berprestasi setinggi-tingginya, tetapi mereka juga harus merasa aman dan dihargai. Medali itu penting, tetapi keselamatan, martabat, dan masa depan atlet jauh lebih penting. Jangan pernah ada lagi atlet yang merasa harus memilih antara mengejar prestasi dan melindungi dirinya sendiri,"" tutup eks Menteri BUMN tersebut.
(mcy/mrp)",sport,https://sport.detik.com/sport-lain/d-8630677/eks-pelatih-panjat-tebing-jadi-tersangka-menpora-negara-ada-untuk-atlet
49,"Avila Bahar dalam kepercayaan diri tinggi usai dua podium di Mandalika pekan lalu. Avila menargetkan kemenangan di MTCC Malaysia.
Avila yang merupakan andalan Honda Racing Indonesia sudah berada di Malaysia, tidak lama setelah merebut double podium di Round 3-4 kelas ISTCR 1200 MFoS di Mandalika International Circuit.
Avila kemudian terbang ke Malaysia pada Senin malam karena ingin beradaptasi lagi dengan suasana di Sepang International Circuit, sebelum tampil pada Round 4 bersama Honda Malaysia Racing Team (HMRT) di Sepang International Circuit, Sabtu-Minggu, 22-23 Agustus.
Race 2 Balapan Round 4 MTCC ini akan digelar, Minggu (23/6) mulai pukul 10.00 hingga 17.00 waktu Malaysia.
Avila kembali berpasangan dengan pebalap Malaysia Aaron Lim. Chemistry kedua pembalap beda negara ini sudah mantap sejak tahun lalu sehingga terbilang cepat untuk beradaptasi bagi Avila.
Apalagi semangat Avila jelas sedang membara usai meraih double podium di Mandalika pekan lalu. Di kelas ISTCR 1.200 itu, ketangguhan sasis dan efisiensi mesin Honda Brio RS yang dipacu Avila tampak teruji maksimal.
Avila yang kini juga menjabat sebagai Direktur HRI Team Management menyatakan kalau persaingan di MFoS saat ini makin ketat. Tapi, dia bersyukur karena posisinya masih aman di puncak klasemen, sehingga itu bisa menyemangatinya tampil di MTCC Round 4 nanti di Sepang International Circuit.
""Persiapan sudah mumpuni. Tinggal bagaimana kami bertarung Sabtu nanti. Mohon doakan agar saya dan Aaron Lim bisa kembali mengulang sukses Round 3 akhir Juli lalu. Semoga ini akan jadi akhir pekan manis buat tim HMRT meraih hasil terbaik di Race satu maupun dua pada Minggu,"" kata putra pembalap kawakan Alvin Bahar itu dalam rilis kepada detikSport.
(mrp/adp)",sport,https://sport.detik.com/sport-lain/d-8630600/usai-dua-podium-di-mandalika-avila-bahar-incar-juara-mtcc-malaysia
50,"Timnas Wushu Indonesia akhirnya menjalani Training Camp (TC) di China. Program ini akan berlangsung hingga menjelang keberangkatan ke Asian Games 2026 Aichi-Nagoya, 19 September-4 Oktober 2026.
Keberangkatan TC ini bisa terwujud setelah Kemenpora berhasil memperjuangkan tambahan dana Pelatnas sebesar Rp 95 miliar. Kini, anggaran Pelatnas Asian Games 2026 menjadi Rp222 miliar.
""Pengurus Besar Wushu Indonesia (PB WI) cukup memahami kondisi anggaran bantuan pemerintah terkait adanya kebijakan pemangkasan anggaran seluruh Kementerian sehingga program TC ke luar negeri belum bisa dipenuhi sesuai jadwal yang diinginkan. Makanya, kita memberikan apresiasi atas upaya Kemenpora,"" kata Manajer Timnas Wushu Indonesia Iwan Kwok, dalam keterangan tertulisnya, Sabtu (22/8/2026).
""Kamu bersyukur akhirnya keinginan memberangkatkan Timnas Wushu Indonesia menjalani TC di China dalam menghadapi Asian Games 2026 bisa terwujud,"" Sekjen PB WI Ngatino menambahkan.
Training camp di China dibagi dalam dua lokasi. Timnas Wushu taolu di Nanjing dan audah terbang pada Kamis (20/8), sementara sanda berlatih di Shaolin Taogu, Henan, dan berangkat pada keesokan harinya.
Iwan mengatakan TC ini menjadi kunci penting dalam mematangkan persiapan para atlet sebelum tampil di Asian Games.
""TC ke China itu sangat penting untuk memperkuat mental atlet dan pelatih bisa melakukan evaluasi agar bisa mempersiapkan atlet lebih baik lagi. Jadi, kami bisa memaksimalkan peluang wushu untuk bisa mempertahankan tradisi medali emas,"" ujar Iwan yang merupakan Wakil Ketua Umum I PB WI.
Daftar Atlet Wushu Indonesia TC ke China
Taolu Putra:
Seraf Naro Siregar, Terrence Tjahyadi, Ahmad Ghozali Fuaiz, Andrea Simon, Rainer Reinaldy Ferdiansyah
Taolu Putri:
Patrice Geraldine, Eugenia Diva Widodo
Sanda Putra:
Fereddy Sinaga 56kg, Bintang Reindra Nada Guitara 60kg, Samuel Marbun 65kg, Jumanta 70kg
Sanda Putri:
Tharisa Dea Florentina 52kg, Thania Kusumaningtyas 60kg
(mcy/cas)",sport,https://sport.detik.com/sport-lain/d-8630247/timnas-wushu-indonesia-tc-ke-china-sampai-asian-games-2026
51,"Kejuaraan Panahan Satria Legawa Pro Championship 2026 resmi dimulai di Jakarta International Equestrian Park Pulomas (JIEPP), Jakarta Timur, Jumat, 21 Agustus 2026. Ajang ini tak sekadar menjadi panggung adu ketepatan membidik sasaran.
Satria Legawa Pro Championship 2026 berlangsung hingga 25 Agustus 2026. Sebanyak 1.153 peserta ambil bagian, terdiri dari atlet, serta official dari dalam dan luar negeri.
Dari jumlah tersebut, 884 atlet Indonesia berasal dari 126 klub panahan yang tersebar di berbagai daerah. Sementara 78 atlet asing datang dari enam negara, yakni Malaysia, Singapura, Thailand, Kanada, Prancis, dan Hong Kong.
Adapun 191 official turut terlibat untuk mendukung jalannya kompetisi. Kehadiran atlet mancanegara membuat Satria Legawa Pro Championship 2026 memiliki atmosfer berbeda. Kompetisi ini sekaligus menjadi kesempatan bagi pemanah Indonesia untuk mengukur kemampuan menghadapi lawan dari berbagai negara.
Pembukaan Satria Legawa Pro Championship 2026 juga semakin istimewa dengan kehadiran sejumlah tokoh penting, di antaranya Wakil Kepala Staf Angkatan Laut (Wakasal) Laksamana Madya TNI Edwin serta Srikandi Panahan Indonesia, Nurfitriyana Saiman.
Nurfitriyana Saiman yang merupakan salah satu legenda panahan Indonesia juga menjadi sosok inspiratif bagi para atlet yang tampil dalam kejuaraan tersebut. Pengalamannya di panggung internasional diharapkan dapat memberikan motivasi kepada generasi muda Indonesia untuk terus berprestasi dan mengikuti jejak para seniornya hingga ke level Olimpiade.
Aster Kasau Marsda TNI Palito Sitorus, yang mewakili KSAU Marsekal TNI Mohamad Tonny Harjono, menegaskan ajang ini juga menjadi bukti komitmen TNI Angkatan Udara (TNI AU) dalam mendukung perkembangan olahraga nasional. Palito bahkan menyebut Satria Legawa Pro Championship akan diarahkan menjadi agenda tahunan.
""Pada hari ini pagi tadi kita sudah sama-sama menyaksikan pembukaan panahan dari Satria Legawa. Tadi sudah disampaikan Ketua Panitia bahwa ke depan kegiatan panahan ini akan kita jadikan kalender tahunan,"" kata Palito.
Menurutnya, pertandingan seperti ini memiliki peran penting dalam membangun fondasi prestasi atlet. Sebab, perjalanan menuju level internasional harus dimulai melalui kompetisi yang terencana dan berkelanjutan.
""Ini adalah suatu ajang yang bukan hanya sebatas pertandingan, tapi merupakan suatu tahapan bagaimana memulai kegiatan-kegiatan dalam pertandingan yang harus dipersiapkan sejak dini,"" ujarnya.
Palito berharap kompetisi tersebut mampu memacu semangat para atlet untuk terus berkembang hingga akhirnya menjadi andalan Indonesia di kancah dunia.
""Ini yang kita harapkan supaya atlet-atlet kita mempunyai semangat, mempunyai prestasi yang bisa kita andalkan nanti di dunia panahan,"" tuturnya.
Komitmen TNI AU terhadap olahraga ternyata tidak hanya berhenti pada panahan. Palito mengungkapkan, pihaknya juga telah menggelar sejumlah kejuaraan nasional seperti judo, pencak silat, dan taekwondo.
TNI AU juga memiliki perhatian khusus terhadap olahraga dirgantara dan rutin menggelar pertandingan berskala internasional di sejumlah daerah.
""Angkatan Udara juga konsen. Mungkin rekan-rekan dari Angkatan Darat dan Angkatan Laut juga mempunyai program yang sama. Bukan hanya panahan saja, tetapi ada beberapa cabang olahraga,"" kata Palito.
Khusus panahan, TNI AU ingin kembali memperkuat pembinaan karena menilai Indonesia memiliki potensi atlet yang besar. Sejumlah fasilitas yang dimiliki TNI AU juga dinilai bisa dimanfaatkan untuk mendukung pengembangan olahraga tersebut.
""Kita gali lagi bahwa panahan ini memang harus kita kembangkan lagi karena kita juga punya atlet-atlet dulu. Kelihatannya ini perlu kita-up lagi sehingga nanti ke depan bisa menjadi atlet-atlet yang bisa kita andalkan,"" jelas Palito.
Bahkan, kompetisi serupa terbuka kemungkinan digelar di berbagai daerah. TNI AU memiliki sejumlah pangkalan udara yang dapat menjadi lokasi pengembangan olahraga.
""Ke depan mungkin bukan hanya di sini saja. Kita juga banyak Lanud atau pangkalan-pangkalan. Mungkin kita bisa melihat bagaimana perkembangan olahraga di daerah-daerah yang kemudian kita kembangkan di sana juga,"" ujarnya.
(ran/bay)",sport,https://sport.detik.com/sport-lain/d-8629408/kejuaraan-panahan-satria-legawa-diikuti-ribuan-peserta
52,"Ajang The Indonesia Pro-Am 2026 sudah selesai. Duet pegolf Indonesia dan Thailand merajai turnamen tersebut.
Mereka adalah pasangan Parathakorn Suyasri (Thailand) dan Luke Evan Moore (am.) yang menguasai puncak klasemen putaran akhir, Jumat (21/8), di Gunung Geulis Country Club (West Course), Bogor, Jawa Barat.
Mereka membukukan skor total 180, mengungguli duet Gabriele De Barba (ITA)/Andree Harahap (am.) yang berhasil menyodok ke posisi kedua dengan selisih satu pukulan. Alhasil Suyasri dan Luke berhasil mempertahankan gelar juara beregu Asian Development Tour untuk keempat kalinya ajang ini.
""Saya sangat senang. Luke adalah seorang pemain yang sangat menakjubkan. Dia sangat memahami kondisi lapangan Gunung Geulis ini. Kami menjadi tim yang sangat baik. Kami memiliki 3 hari yang sangat menyenangkan,"" jelas Suyasri dalam rilis kepada detikSport.
Sementara itu, pegolf China Andi Xu jadi juara di kategori individual. Dia menjadi pegolf keempat yang mengukir juara dalam turnamen ADT Pro-Am pertama dan terbesar di Indonesia itu.
Setelah memimpin klasemen pada putaran kedua kemarin, Xu mengakhiri pertarungan di putaran final di posisi yang sama. Pegolf berusia 24 tahun mengumpulkan skor total 195 (18-di bawah-par), menyalip rekan bermain satu grupnya-Darcy Brereton yang sempat memimpin di papan atas leaderboard.
Setelah bogey di hole 14, Xu mampu mengembalikan kepercayaan dirinya setelah membuat birdie di hole 15. Ia pun makin percaya diri setelah membukukan 3 birdie di 3 hole akhir yang memastikan trofi internasional pertamanya.
""Saya tidak melihat papan skor sampai hole ke-15, saat ada papan leaderboard di samping green. Saat itu skor saya 14-di bawah-par dan saya rasa saya tertinggal satu pukulan dari Darcy,"" ujar Xu.
""Akhirnya saya berhasil memasukkan pukulan birdie dari pinggiran green di sana (15), lalu membuat beberapa birdie lagi di tiga hole terakhir untuk menutup putaran akhir dengan kemenangan, unggul satu pukulan,"" sambungnya.
""Di green-green seperti ini, Anda tidak benar-benar tahu apakah putt sejauh 20 kaki itu akan masuk. Saya hanya berkata pada diri sendiri sebelum setiap putt, 'Lakukan saja putt yang bagus. Ini sama seperti semua putt yang Anda latih. Jangan pikirkan skornya.' Dan kemudian bola-bola itu pun masuk.""
Kemenangan ini menjadi momen emosional bagi Xu, yang sedang menjalani musim pertamanya berkompetisi di Asian Tour dan ADT. Apalagi setelah menyelesaikan kuliahnya pada 2024, Xu belum bisa meraih gelar.
""Rasanya luar biasa. Sejujurnya, sudah lama sekali saya tidak merasakan hal seperti ini. Kemenangan turnamen terakhir saya terjadi saat kuliah, dan bisa menang di panggung profesional seperti ini sangat berarti bagi saya.""
kesuksesan perhelatan The Indonesia Pro-Am tentu saja memberikan kepuasan bagi para sponsor, yakni Combiphar dan Nomura. Mereka tetap berkomitmen menyelenggarakan turnamen untuk melahirkan para juara di level internasional.
""Setelah menyelenggarakan turnamen ADT sejak 2016 di Gunung Geulis, kami mengubah format menjadi pro-am melalui The Indonesia Pro-Am presented by Combiphar & Nomura pada 2023, tepatnya 4 tahun lalu. Jadi, selain menampilkan nomor individual, turnamen ini pun mengedepankan kategori beregu (pro-am), yang ternyata disukai para amatir kita,"" kata Michael Wanandi selaku Presiden Direktur Combiphar.
""Bersama Pak Agung (Budiman, President Director Gunung Geulis Country Club), kami ingin menawarkan suasana kompetisi berbeda melalui pro-am ini,"" sambungnya.
""The Indonesia Pro-Am presented by Combiphar & Nomura memberikan platform bagi para pegolf nasional kita untuk grow the game. Hasilnya, kami cukup senang 3 pegolf kita, Kevin C. Akbar, Peter Gunawan, dan Amadeus Susanto, bisa compete dengan para pegolf luar hingga putaran akhir. Kami berharap tahun depan akan banyak pegolf kita yang juga bisa bersaing dengan pegolf-pegolf ADT,"" timpal Presiden Direktur Gunung Geulis Country Club Agung Budiman.
Pegolf Indonesia Kevin C. Akbar berhasil finis di posisi T6 dengan total 11-di bawah-par. Ini menjadi prestasi terbaik Kevin setelah memenangi edisi perdana tiga tahun silam.
HASIL AKHIR HE INDONESIA PRO-AM PRESENTED BY COMBIPHAR & NOMURA 2026
Kategori Individual
POS Nama R1 R2 R3 Total Ke Par
1. Xu Andi (CHI) 66 64 65 195 -18
2. Darcy Brereton (AUS) 65 66 65 196 -17
3. Minhyeok Yang (KOR) 65 69 64 198 -15
4. Michele Ortolani (ITA) 65 68 66 199 -14
5. Khavish Varadan (MAS) 66 65 69 200 -13
T6 Roberto Lebrija (MEX) 66 67 69 202 -11
Kevin C. Akbar (INA) 65 67 70 202 -11
Kategori Beregu (PRO-AM)
POS Nama R1 R2 R3 Total 
1. Parathakorn Suyasri (THA)/Luke Evan Moore (am.) 61 58 61 180
2. Gabriele De Barba (ITA)/Andree Harahap (am.) 63 60 58 181
3. Kosuke Hamamoto (THA)/Alwin Ciputra (am.) 62 62 58 182
4. Jazz Janewattananond (THA)/Matthew Wanandi (am.) 58 62 62 182
5. Michael Ortolani (ITA) /Maureen Shavelle Yose (am.) 61 59 63 183
(mrp/yna)",sport,https://sport.detik.com/sport-lain/d-8629348/duet-pegolf-indonesia-thailand-juara-the-indonesia-pro-am-2026
53,"Semangat Kemerdekaan Republik Indonesia ke-81 dirayakan SARGA.CO melalui ajang olahraga dan hiburan bertajuk Indonesia's Horse Racing (IHR) Merdeka Cup 2026. Kejuaraan pacuan kuda ini akan digelar pada Minggu, 23 Agustus 2026 di Lapangan Pacuan Kuda Kubu Gadang, Payakumbuh, Sumatera Barat.
Sebagai perusahaan ekosistem olahraga dan hiburan sekaligus promotor pacuan kuda profesional pertama dan satu-satunya di Indonesia, SARGA.CO kembali menghadirkan pengalaman berbeda bagi masyarakat melalui perpaduan kompetisi olahraga, hiburan, dan budaya lokal. IHR Merdeka Cup 2026 menjadi bagian dari rangkaian kalender IHR 2026 yang bekerja sama dengan PP PORDASI.
Mengusung tema ""Race to the World Stage"", IHR Merdeka Cup 2026 menjadi bagian dari komitmen SARGA.CO dalam membawa ekosistem pacuan kuda Indonesia menuju standar internasional. Tidak hanya menghadirkan kompetisi, ajang ini juga menjadi ruang untuk memperkenalkan pacuan kuda sebagai olahraga sekaligus warisan budaya kepada masyarakat luas.
CEO SARGA.CO Nugdha Achadie mengatakan Sumatera Barat memiliki tradisi pacuan kuda yang kuat dan telah menjadi bagian dari budaya masyarakat. Kehadiran kembali IHR di Payakumbuh merupakan bagian dari komitmen untuk mengembangkan pacuan kuda sebagai olahraga kompetisi, warisan budaya, dan sportainment yang memberikan manfaat lebih luas bagi masyarakat dan daerah.
""Sumatera Barat memiliki tradisi pacuan kuda yang kuat dan telah menjadi bagian dari budaya masyarakat. Kehadiran kembali IHR di Payakumbuh merupakan bagian dari komitmen kami untuk mengembangkan pacuan kuda tidak hanya sebagai olahraga kompetisi, tetapi juga sebagai warisan budaya dan sportainment yang dapat memberikan manfaat lebih luas bagi masyarakat dan daerah,"" ujarnya dalam keterangan tertulis, Jumat (21/8/2026).
78 Kuda Bersaing di 15 Kelas dengan Total Hadiah Rp 450 Juta
IHR Merdeka Cup 2026 akan menghadirkan persaingan dari 78 kuda yang berasal dari berbagai daerah. Peserta datang dari Batusangkar, Bukittinggi-Agam, Padang, Padang Panjang, Padang Pariaman, Payakumbuh, Sawahlunto, Solok, Tanah Datar, Jawa Barat, hingga DKI Jakarta.
Para peserta akan berlaga dalam 15 kelas pertandingan yang mencakup kategori kelompok umur, kelompok tinggi, serta pacuan tradisional. Seluruh kelas tersebut memperebutkan total hadiah mencapai Rp 450 juta.
Tiga kelas bergengsi dari kategori kelompok umur yang menjadi perhatian antara lain Kelas 3 Tahun Derby Divisi I 1.400 meter dengan hadiah Rp 80 juta, Kelas 3 Tahun Derby Divisi II 1.400 meter dengan hadiah Rp 50 juta, serta Kelas 3 Tahun Remaja Divisi I 1.200 meter dengan hadiah Rp 60 juta.
Sementara itu, kategori pacuan kelompok tinggi akan mempertandingkan Kelas AB Terbuka, C Terbuka, D Terbuka, dan E Terbuka. Kompetisi tersebut akan mempertemukan kuda-kuda terbaik dalam ajang pacuan kuda profesional.
Menariknya, IHR Merdeka Cup 2026 tetap mempertahankan unsur pacuan tradisional sebagai identitas olahraga berkuda di Sumatera Barat. Beberapa kelas tradisional yang dipertandingkan meliputi Draf Bogi Baru 2.400 meter, Draf Bogi Usang Baru 3.200 meter, Draf Bogi Usang Lamo 3.200 meter, serta Kelas Lokal Payakumbuh 800 meter.
Perpaduan antara pacuan kuda modern dan tradisional menjadi daya tarik tersendiri dalam IHR Merdeka Cup 2026. Konsep tersebut menunjukkan upaya SARGA.CO menghadirkan perkembangan olahraga pacuan kuda tanpa meninggalkan nilai budaya lokal.
SARGA Festival Hadirkan Hiburan Bernuansa Cowboy
Tidak hanya menghadirkan kompetisi olahraga, SARGA.CO juga memadukan pacuan kuda dengan hiburan melalui SARGA Festival. Festival ini akan digelar sehari sebelum IHR Merdeka Cup, yaitu pada Sabtu, 22 Agustus 2026 di Lapangan Imam Bonjol, Kota Padang.
Mengusung nuansa desa cowboy, SARGA Festival akan menghadirkan sejumlah musisi seperti Tulus, Banda Neira, Fiersa Besari, Trio Imron, dan DJ Damonok. Acara ini menjadi bagian dari rangkaian akhir pekan Kemerdekaan yang menggabungkan musik, hiburan, dan pengalaman sportainment.
Penyelenggaraan SARGA Festival di Kota Padang dan IHR Merdeka Cup di Payakumbuh memberikan kesempatan bagi masyarakat untuk menikmati dua pengalaman berbeda dalam satu rangkaian acara. Mulai dari hiburan musik hingga menyaksikan langsung kompetisi pacuan kuda.
Tiket IHR Merdeka Cup Mulai Rp 25 Ribu
Masyarakat yang ingin menyaksikan langsung IHR Merdeka Cup 2026 dapat memilih berbagai kategori tiket sesuai kebutuhan. Tiket tersedia mulai dari kategori Regular hingga VIP dengan berbagai benefit menarik.
VP Marketing & Operation SARGA.CO Kevin Jonathan mengatakan, pilihan tiket tersebut disediakan agar masyarakat dapat menikmati pengalaman menonton sesuai preferensi masing-masing.
""Kami menyediakan berbagai pilihan tiket yang dapat disesuaikan dengan kebutuhan setiap penonton. Dengan benefit yang dapat diperoleh penonton dari setiap jenis tiket, kami yakin menonton IHR Merdeka Cup akan menjadi pengalaman yang menyenangkan,"" jelasnya.
Tiket Regular tersedia dengan harga Rp 25.000 dengan bonus topi payung bagi 5.000 pengunjung pertama. Sementara tiket Tribun dibanderol Rp 100.000 dengan benefit race book dan soft drink.
Untuk pengalaman lebih eksklusif, tersedia tiket VIP (Mounting View) dengan harga Rp 750.000 untuk pembelian online dan Rp 1 juta untuk pembelian langsung di lokasi. Tiket VIP memberikan fasilitas free flow food & beverage, race book berwarna, serta akses best view.
Selain itu, tiket SARGA Festival tersedia mulai harga Rp 155.000. Tiket IHR Merdeka Cup dan SARGA Festival dapat diperoleh melalui sargatiket.com maupun secara langsung di venue pada 22 dan 23 Agustus 2026.
Melalui IHR Merdeka Cup 2026 dan SARGA Festival, SARGA.CO mengajak masyarakat merayakan Kemerdekaan Indonesia melalui olahraga, hiburan, serta kebanggaan terhadap warisan pacuan kuda Indonesia.
IHR Merdeka Cup 2026 didukung oleh Arsari Tambang, JAPFA, Fortis, Blue Blood Stable, Coca Cola, dan Semen Padang.
(prf/ega)",sport,https://sport.detik.com/sport-lain/d-8628698/sarga-co-gelar-ihr-merdeka-cup-2026-total-hadiah-rp-450-juta
54,"Punya sosok inspiratif di daerah yang konsisten menjaga eksistensi olahraga tradisional? Hari ini merupakan kesempatan terakhir untuk mendaftarkan pahlawan budaya dan olahraga daerah tersebut dalam ajang DPD RI Awards 2026 melalui laman resmi awards.dpd.go.id/nominasi. Pendaftaran dibuka hingga malam ini, 21 Agustus 2026, pukul 23.59 WIB.
Kehadiran olahraga tradisional dan permainan rakyat di berbagai penjuru Nusantara bukan sekadar sarana hiburan, melainkan aset budaya yang membentuk identitas bangsa. Di tengah gempuran olahraga modern dan gim digital, keberadaan tokoh-tokoh lokal yang mendedikasikan waktunya untuk menghidupkan kembali pencak silat tradisional, egrang, hingga festival olahraga daerah menjadi benteng penting pelestarian warisan leluhur.
Guna memberikan panggung penghormatan atas dedikasi tersebut, Dewan Perwakilan Daerah (DPD) RI mengajak seluruh masyarakat untuk merekomendasikan para penggerak daerah dalam ajang DPD RI Awards 2026.
Bagi masyarakat yang mengetahui sosok dengan kiprah tersebut, Dewan Perwakilan Daerah (DPD) RI mengajak publik untuk merekomendasikan pahlawan daerah dalam ajang DPD RI Awards 2026. Kehadiran ajang penghargaan ini menjadi harapan agar semakin banyak apresiasi yang diberikan kepada masyarakat dan menjadi sebuah inspirasi bagi daerah lainnya.
""Melalui DPD RI Awards 2026, DPD RI berharap semakin banyak sosok yang telah bekerja dan berkarya bagi masyarakat mendapatkan apresiasi sekaligus menjadi inspirasi bagi daerah lainnya,"" Ujar Sultan dalam DPD Awards 2025.
Ada 4 kategori penerima DPD RI Awards 2026. Berikut penjelasannya:
1. Inovator Pendidikan Non-Formal/Pendidikan Luar Sekolah
Kategori pertama adalah bidang pendidikan. Penghargaan ini diberikan kepada individu yang memiliki dedikasi dan berkontribusi dalam pendidikan nonformal.
""Penghargaan diberikan kepada Inovator Pendidikan Nonformal/Pendidikan Luar Sekolah yang berdedikasi dalam mengembangkan pendidikan nonformal dan memperluas kesempatan belajar bagi masyarakat,"" tulis DPD RI.
2. Inovator Teknologi Kesehatan
DPD RI Awards 2026 juga memberikan penghargaan kepada tokoh yang menghadirkan inovasi di bidang kesehatan. Penghargaan ini ditujukan kepada mereka yang menghasilkan inovasi teknologi kesehatan.
""Diberikan kepada individu, profesional atau akademisi yang menghasilkan inovasi di bidang kesehatan melalui riset klinis maupun laboratorium, termasuk penemuan obat, terapi, atau alat kesehatan yang memberikan manfaat bagi masyarakat,"" jelas DPD.
Kategori ini dapat menjadi ruang bagi para inovator yang mengembangkan teknologi kesehatan sekaligus memberikan dampak bagi masyarakat di daerah.
3. Penggerak Desa Mandiri Pangan
Selanjutnya adalah bidang ketahanan pangan. Penghargaan diberikan kepada tokoh yang menjadi penggerak dalam membangun desa mandiri pangan.
""Ditujukan kepada Penggerak Desa Mandiri Pangan yang mendorong kemandirian pangan melalui pemanfaatan potensi pangan lokal, pemberdayaan masyarakat, dan penguatan ketahanan pangan secara berkelanjutan,"" katanya.
4. Pelestari Budaya Daerah
Kategori terakhir adalah bidang seni dan budaya. Penghargaan diberikan kepada individu yang melestarikan hingga mempromosikan budaya daerah.
""Diberikan kepada individu yang memiliki inovasi dalam pengembangan dan pelestarian budaya daerah serta berperan aktif dalam mempromosikan budaya daerah di tingkat nasional maupun internasional,"" jelas DPD.
DPD RI juga akan menghadirkan Special Recognition Awards bagi tokoh, individu, maupun kelompok yang telah memberikan kontribusi secara konsisten dan berkelanjutan bagi daerah.
Angkat Kiprah Tokoh Daerah ke Nasional
Ketua DPD RI, Sultan B Najamudin mengatakan DPD Awards digelar untuk memberikan panggung penghormatan kepada figur-figur inspiratif dari berbagai daerah yang selama ini bekerja dan berkontribusi secara nyata tanpa sorotan publik nasional.
""Melalui ajang ini, DPD RI ingin mempertegas bahwa kekuatan pembangunan Indonesia bertumpu pada inisiatif dan kerja keras masyarakat di seluruh wilayah Nusantara, bukan hanya pada pusat pemerintahan dan kota-kota besar,"" ucap Sultan dalam DPD Awards tahun 2025 lalu.
Sultan juga menjelaskan bahwa penghargaan ini sekaligus mencerminkan aspirasi masyarakat yang diperjuangkan DPD RI di tingkat pusat. Ia mengingatkan bahwa anggota DPD RI merupakan representasi langsung dari kepentingan daerah yang membawa suara rakyat agar hadir dalam kebijakan nasional.
Menurutnya, masih banyak tokoh masyarakat yang sesungguhnya menjadi penggerak perubahan dan pendorong kemajuan daerah di berbagai sektor strategis, namun belum mendapat apresiasi yang memadai.
""Beberapa kategori pantas diberikan kepada orang daerah atau tokoh-tokoh daerah yang memang kontribusinya cukup signifikan,"" katanya.
Kontribusi para kandidat dan finalis, lanjut Sultan, mencakup sektor pendidikan, sosial, kesehatan, pariwisata, ekonomi kreatif, kebudayaan, hingga pelestarian lingkungan.
DPD Awards diharapkan dapat memperkuat semangat bagi para tokoh tersebut untuk terus menginspirasi dan memperluas dampak perjuangannya di masyarakat.
Bagi Anda yang memiliki rekomendasi tokoh penggerak di daerah, batas pendaftaran nominasi DPD RI Awards 2026 akan ditutup malam ini. Jangan lewatkan kesempatan mengusulkannya dalam DPD RI Awards 2026 melalui laman resmi awards.dpd.go.id/nominasi batas akhir pukul 23.59 WIB.
(akn/ega)",sport,https://sport.detik.com/sport-lain/d-8625919/hari-ini-batas-daftar-penghargaan-pelestari-olahraga-budaya-tradisional
55,"Terjadi pergantian di pucuk klasemen hari kedua The Indonesia Pro-Am. Di nomor individual, pegolf China kini menguasai klasemen.
Pada hari kedua The Indonesia Pro-Am presented by Combiphar & Nomura di lapangan Gunung Geulis Country Club, Kamis (20/8), pemain China Andy Xu membukukan skor terendah.
Pegolf berusia 24 tahun tersebut membukukan skor 64 (7-di bawah-par). Hasil ini langsung mendongkrak alumnus University of San Diego, AS, tersebut ke puncak leaderboard. Xu yang mulai berstatus pegolf profesional pada 2024 ini memimpin dengan total 130 (12-di bawah-par).
""Saya bermain di West Course hari ini. Kondisinya (lapangan) memang tidak mudah. Tentu saja ada banyak kesempatan untuk birdie, tapi greennya cukup sulit. Saya melakukan 2-3 putt hari ini. Tapi saya tetap menjaga, memasukkan banyak putt, dan mendapatkan speed yang tepat. Hal utama adalah jangan terlalu agresif, dan tetap menjaga kecepatan. Itu sangat membantu saya hari ini,"" kata Xu dalam rilis kepada detikSport.
Meski memimpin klasemen, posisi Xu memang belum aman. Ia hanya unggul satu pukulan dari dari dua pegolf, Khavish Varadan (Malaysia) dan Darcy Brereton (Aaustralia), yang sama-sama mengumpulkan total 11-di bawah-par.
Selain itu, Nitithorn Thippong (Thailand) dan pegolf tuan rumah Kevin C. Akbar yang berada di T4 pun bisa memberikan ancaman dengan total 10-di bawah-par.
Kevin bahkan mengincar gelar juara keduanya di The Indonesia Pro-Ama setelah di edisi perdana tahun 2023.
Selain Kevin, ada dua wakil Indonesia yang juga lolos di nomor profesional rookie, Amadeus Christian Sutanto dan Peter Gunawan, ketika batas cut ditetapkan pada total 139 (3-di bawah-par).
Amadeus membukukan skor total 136 (6-di bawah-par), sedangkan Peter mencetak 3-di bawah-par. Bagi Amadeus, ini merupakan pencapaian apik pada debutnya di Asian Development Tour Tour sebagai pemain profesional.
Sementara dari kategori tim, pasangan Parathakorn Suyasri (Indonesia) dan Luke Evan Moore (am) berbagi tempat dengan Waris Manthorn (Thailand)/Steven Dirga Setya (am.) setelah sama-sama membukukan skor total 119.
Namun, keduanya hanya unggul tipis satu pukulan dari pasangan Khavish Varadan (Malaysia)/Yosia Raja Simarmata (am.), Michele Ortolani (Italia)/Maureen Shavelle Yose (am.), serta Jazz Janewattananond (Thailand)/Matthew Wanandi (am.), yang telah mengumpulkan skor total 120.
Sebanyak 20 tim berhasil meloloskan diri ke putaran final, Jumat (21/8). Batas cut ditetapkan pada skor total 125.
(mrp/ran)",sport,https://sport.detik.com/sport-lain/d-8627891/the-indonesia-pro-am-pegolf-china-melesat-ke-puncak
56,"Qarrar Firhand tahu balapan British Formula 4 tidaklah mudah. Oleh karenanya, pebalap muda Indonesia itu akan mencari pengalaman sebanyak-banyaknya dulu sebelum ke sana.
Qarrar akan tampil di ajang British F4 bersama Hitech yang merupakan balapan perdananya di sana. Tentu saja persiapan yang dilakukan tidak main-main karena persaingan makin ketat.
Salah satunya dengan lebih dulu memperkuat tim Argenti Motorsport pada putaran Thruxton, Inggris, 25-26 Juli lalu. Keikutsertaan itu menjadi bagian dari proses transisinya dari karting menuju balap mobil formula.
Qarrar sudah mempelajari karakter sirkuit, tingkat persaingan, serta cara bekerja bersama tim dalam setiap kesempatan turun ke lintasan. Oleh karenanya, hasil bukanlah prioritas utama Qarrar karena fokusnya adalah membiasakan diri dengan ajang tersebut.
""Tahun ini saya ingin belajar sebanyak mungkin dan mendapatkan pengalaman untuk musim depan. Kalau bisa berada di depan tentu menjadi bonus, tetapi yang terpenting adalah mendapat bekal sebanyak mungkin,"" kata Qarrar dalam jumpa pers, Kamis (20/8).
Menurut Qarrar, pengalaman mengikuti balapan F4 memberikan pelajaran berbeda dibandingkan sekadar menjalani sesi pengujian.
Dia mengaku sudah terbiasa dengan karakter mobil karena sebelumnya beberapa kali mengikuti tes, tetapi situasi perlombaan menuntut pemahaman lebih jauh mengenai racecraft.
""Tes dan balapan itu berbeda. Dalam balapan saya harus memahami racecraft, menghadapi pembalap lain, melakukan race start, dan banyak hal lain yang tidak sepenuhnya didapat saat tes,"" sambungnya,
""Setiap balapan selalu memberikan pelajaran. Saya bisa semakin mengenal trek, kompetisi, dan mobil. Tahun ini saya ingin memahami semuanya dengan lebih baik,"" kata dia.
Setelah melalui fase adaptasi tersebut, Qarrar berencana meningkatkan target pada musim penuh 2027.
""Tahun depan targetnya tentu mencoba memenangi balapan. Kalau ada kesempatan untuk memenangi kejuaraan, itu juga yang akan kami kejar,"" demikian dia.
(mrp/ran)",sport,https://sport.detik.com/sport-lain/d-8627859/sebelum-ke-f4-qarrar-firhand-ingin-cari-pengalaman-dulu
57,"Pengurus Besar Olahraga Domino Nasional (PB ORADO) telah resmi dilantik Komite Olahraga Nasional Indonesia (KONI) Pusat. PB ORADO kini bersiap untuk menghadirkan berbagai kompetisi.
PB ORADO dilantik KONI di Kantor KONI Pusat, Senayan, Jakarta Pusat, Kamis, 19 Agustus 2026. Pelantikan ini dilakukan oleh Ketua KONI, Marciano Norman.
Ketua Umum PB ORADO, Yooky Tjahrial mengatakan, pelantikan tersebut sekaligus menjawab pertanyaan masyarakat mengenai organisasi resmi yang menaungi olahraga domino di Indonesia.
""Hari ini juga menjawab satu hal yang selama ini mungkin masih sering ditanyakan oleh masyarakat: 'Sebenarnya, organisasi resmi olahraga domino di Indonesia itu siapa?' Jawabannya jelas. PB ORADO adalah induk organisasi olahraga domino yang telah diterima sebagai anggota KONI Pusat, dan hari ini kepengurusan PB ORADO secara resmi dilantik oleh KONI Pusat,"" kata Yooky kepada awal media.
""Tetapi saya ingin mengingatkan teman-teman semua, status resmi ini bukan untuk membuat kita merasa paling hebat atau lebih tinggi dari siapa pun. Justru ini adalah amanah,"" ujarnya menambahkan.
Menurut Yooky, amanah tersebut harus diwujudkan dengan menaungi, menata, membina, dan mengembangkan olahraga domino secara resmi dan berjenjang, mulai dari tingkat kabupaten/kota, provinsi, hingga nasional.
Saat ini, ORADO telah hadir di 38 provinsi dan 309 kabupaten/kota di seluruh Indonesia. Jaringan tersebut menjadi modal organisasi untuk merangkul komunitas dan pemain domino yang telah berkembang di berbagai daerah.
Yooky menegaskan, keberadaan PB ORADO bukan untuk mempertajam perbedaan dengan komunitas maupun kelompok domino yang telah lebih dulu ada.
""Kita hadir bukan untuk mempertajam perbedaan. Kita hadir untuk menyatukan seluruh insan domino Indonesia ke dalam satu wadah, satu sistem, dan satu tujuan yang sama,"" jelasnya.
Setelah pelantikan, PB ORADO akan memprioritaskan pembangunan sistem kompetisi yang jelas, pembinaan atlet secara berjenjang, peningkatan kualitas wasit, pembentukan klub, serta penyelenggaraan pertandingan yang profesional dan menarik.
Yooky mengatakan, ORADO juga akan dikembangkan sebagai bagian dari sport industry. Dengan konsep tersebut, olahraga domino diharapkan memiliki nilai prestasi, hiburan, sekaligus nilai ekonomi.
""Kita akan memanfaatkan teknologi agar pertandingan domino bisa ditonton dengan menarik. Kita akan membangun klub, turnamen, liga, merchandise, dan membuka ruang kerja sama dengan berbagai pihak,"" ungkapnya.
Namun, ia menegaskan bahwa atlet tetap harus menjadi pusat dari pengembangan olahraga domino.
""Yang harus menjadi bintang adalah para atlet. Mereka yang harus dikenal, mendapatkan prestasi, menjadi brand ambassador, dan menginspirasi generasi berikutnya,"" tuturnya.
PB ORADO juga menargetkan olahraga domino dapat dipertandingkan sebagai cabang olahraga eksibisi pada Pekan Olahraga Nasional (PON) 2028.
Untuk mencapai target tersebut, Yooky mengatakan ORADO harus membuktikan memiliki organisasi yang kuat, pembinaan yang berjalan, atlet berkualitas, regulasi yang jelas, serta kompetisi yang aktif dari tingkat daerah hingga nasional.
Ia juga mengajak generasi muda untuk mengenal olahraga domino dan menjadikannya sebagai aktivitas yang terbuka, tertib, sportif, serta profesional.
""Hari ini KONI telah memberikan kepercayaan kepada kita. Sekarang tugas kita adalah membuktikan bahwa kepercayaan tersebut diberikan kepada organisasi yang tepat,"" pungkasnya.
(ran/nds)",sport,https://sport.detik.com/sport-lain/d-8627609/usai-dilantik-koni-pb-orado-siap-hadirkan-kompetisi-berjenjang
58,"Bilal Hasan resmi mendapat kontrak duel di UFC. Lawan fighter asal Indonesia itu sudah diumumkan dan rekornya cukup seimbang.
Menilik situs resmi UFC, Bilal Hasan akan melawan Nilson Rojas. Keduanya akan berduel di Shanghai Oriental Sport Center, Shanghai, Minggu (29/8).
Rojas adalah figher asal Peru. Ia juga punya catatan 9 kemenangan (7 T/KO) tanpa terkalahkan, sama seperti Bilal.
Bilal vs Rojas akan tersaji di kelas terbang (flyweight). Keduanya masuk dalam duel main card di UFC Shanghai pekan depan, dengan tajuk utamanya pertarungan Umar Nurmagomedov vs Song Yadong di kelas bantam.
Bilal Hasan mendapat tiket ke UFC usai mengalahkan Mridul Saikia dalam ajang Dana White's Contender Series (DWCS) di Meta Apex, 12 Agustus lalu.
Dalam duel tersebut, Bilal menang TKO di ronde pertama. Fighter Indonesia itu cuma butuh 45 detik untuk merobohkan lawannya.
Bilal menjadi orang Indonesia kedua yang tampil di UFC. Sebelumnya ada Jeka Saragih, yang mendapat kontrak lewat jalur Road to UFC tahun 2022.
Jeka sudah tampil tiga kali di UFC. Petarung asal Medan itu menang pada debutnya melawan Lucas Alexander, namun kalah saat melawan Westin Wilson dan Yoo Joo-sang.
(yna/aff)",sport,https://sport.detik.com/sport-lain/d-8627495/bakal-debut-di-ufc-bilal-hasan-dapat-lawan-setara
59,"Grand Final Indonesia Pingpong League (IPL) Season 2 bukan cuma menyajikan persaingan klub-klub tenis meja. Ada pula duel ekshibisi Desta Mahendra vs Bedu yang akan meramaikan babak puncak kompetisi tersebut. Grand Final IPL Season 2 akan digelar pada 26-30 Agustus 2026 di Trans Studio Mall (TSM) Cibubur.
Desta dan Bedu akan bertanding dalam partai ekshibisi. Bedu menyebut duel tersebut menjadi bagian dari upaya memasyarakatkan kembali olahraga tenis meja.
""Saya akan melawan Desta. Kami ingin membantu memasyarakatkan kembali olahraga pingpong ini. Olahraga pingpong sangat bagus karena bisa dimainkan semua kalangan tak peduli usia. Dari anak-anak sampai orang tua juga bisa karena melatih motorik, olahraga yang menyehatkan,"" kata Bedu.
Di luar duel Desta vs Bedu, Grand Final IPL Season 2 juga menjadi bagian penting dalam persiapan tenis meja Indonesia menuju Asian Games 2026.
Sekretaris Jenderal IPL Yon Mardiyono mengatakan pemilihan pusat perbelanjaan sebagai lokasi pertandingan memang disengaja. IPL ingin membawa olahraga tenis meja lebih dekat dengan masyarakat.
""Kami adakan di tengah-tengah mall dengan tujuan memasyarakatkan olahraga tenis meja. Diharapkan bisa menarik perhatian pengunjung pusat perbelanjaan sehingga bisa mulai mencintai tenis meja,"" ujar Yon dalam jumpa pers di Trans Studio Mall Cibubur, Kamis (20/8/2026).
Grand Final IPL Season 2 akan mempertemukan delapan klub terbaik dari total 153 tim peserta. Pesertanya terdiri dari empat klub putra dan empat klub putri yang berasal dari ONIC Sport Jakarta, PTM Arwana Jaya, PTM Sukun Kudus, Zakhwan Sport, dan Jasa Raharja Putera.
Babak puncak ini sedianya digelar pada akhir 2025. Pelaksanaannya ditunda karena para atlet harus mengikuti SEA Games dan sejumlah kejuaraan internasional.
""Grand Final ini seharusnya dilakukan akhir tahun 2025 tapi tertunda karena ada SEA Games dan beberapa kejuaraan internasional yang diikuti para atlet. Jadi kita undur dan pilih di Agustus ini karena bertepatan dengan HUT RI ke-81 dan bisa jadi persiapan atlet menuju Asian Games 2026,"" Yon mengungkapkan.
Menariknya, seluruh atlet yang akan dikirim Indonesia ke Asian Games 2026 juga turun memperkuat klub-klub tersebut. Total ada 10 atlet inti, terdiri dari lima putra dan lima putri, serta dua atlet cadangan.
Dengan demikian, Grand Final IPL Season 2 tidak hanya menjadi perebutan gelar klub, tetapi juga kesempatan menguji kekuatan para atlet yang diproyeksikan tampil di Asian Games 2026. Atlet ONIC Sport Jakarta, Muhammad Naufal Junindra Irawan, menyebut persiapan menghadapi Grand Final dilakukan secara maksimal.
""Persiapan kami sangat keras jelang Grand Final. Lawan-lawan yang dihadapi bukan sembarangan jadi persiapan harus maksimal,"" kata Naufal.
(mcy/krs)",sport,https://sport.detik.com/sport-lain/d-8627433/grand-final-ipl-season-2-digelar-di-mall-ada-desta-vs-bedu-adu-pingpong
60,"Tenis meja Indonesia memasang target realistis di Asian Games 2026. Tim Merah Putih membidik babak delapan besar di Aichi-Nagoya, Jepang.
Asian Games 2026 akan digelar pada 19 September hingga 4 Oktober mendatang. Tenis meja menjadi salah satu dari 35 cabang olahraga yang diikuti Indonesia.
Saat ini, Indonesia Pingpong League (IPL) telah menyiapkan 10 atlet yang terdiri dari lima putra dan lima putri, serta dua atlet sebagai cadangan. Sekretaris Jenderal IPL Yon Mardiyono menyebut lolos ke delapan besar sudah menjadi pencapaian yang berarti bagi tenis meja Indonesia.
""Jadi target realistis dengan masuk delapan besar itu sudah cukup menjadi sejarah tenis meja,"" kata Yon dalam jumpa pers Grand Final IPL Season 2 di Trans Studio, Cibubur, Kamis (20/8/2026).
Menuju Asian Games, IPL memanfaatkan Grand Final IPL Season 2 sebagai ajang try in bagi atlet-atlet Pelatnas. Setelah itu, mereka akan tampil di World Tour di Filipina sebelum menghadapi Asian Games.
Yon menilai persiapan menuju ajang besar harus dilakukan melalui proses yang berkelanjutan. Kompetisi di liga menjadi salah satu sarana untuk menjaga atlet tetap berlatih dan bertanding. Menurut Yon, kompetisi juga menjadi ruang untuk melihat dan memilih atlet terbaik yang nantinya mewakili Indonesia.
""Jadi prestasi itu adalah sebuah proses. Kita tahu tahun depan akan ada SEA Games dan persiapannya tidak bisa satu-dua bulan. Jadi kami siapkan dari liga-liga pingpong ini supaya mereka berlatih dan bersiap terus, sehingga mereka tahu arahnya kemana,"" tuturnya.
""Dan sebagai pengurus kami menyiapkan ruang itu, atletnya pun harus diberitahu agar mereka tahu goalnya. Nah, dari Grand Final IPL Season 2 ini, atmosfer (kompetitif) ini yang ingin kami buat. Tinggal tugas kami cari best of the best untuk mewakili negara ini,"" tambah Yon.
Terakhir Raih Medali pada 1978
Tenis meja Indonesia terakhir kali tampil di Asian Games pada 2018. Saat itu, hasil terbaik atlet Indonesia di nomor perorangan hanya sampai babak 32 besar. Ficky Supit Santoso mencapai babak tersebut di tunggal putra. Sementara di tunggal putri, Rina Sintya dan Kharisma Nur Hawwa juga terhenti di babak 32 besar.
Untuk nomor beregu, baik putra maupun putri belum mampu melaju ke babak knockout. Adapun medali terakhir tenis meja Indonesia di Asian Games diraih pada 1978 di Bangkok. Saat itu, Empie Wuisan/Sinyo Supit meraih medali perak ganda putra setelah kalah dari wakil China.
Dengan catatan tersebut, target menembus delapan besar di Asian Games 2026 menjadi sasaran yang ingin diwujudkan tenis meja Indonesia.
""Mudah-mudahan ya, kita juga enggak tahu kalau mixed double, double, bisa tembus semifinal itu juga sangat luar biasa. Makanya, kalau menembus perempatfinal menjadi hal yang perlu diapresiasi,"" kata Yon.",sport,https://sport.detik.com/sport-lain/d-8627387/tenis-meja-targetkan-tembus-8-besar-di-asian-games-2026
61,"Timnas voli putri Indonesia menghadapi tantangan berat di AVC Women's Volleyball Continental Championship 2026. Indonesia tergabung di Pool B bersama Thailand, Kazakhstan, dan Australia, tetapi tetap memasang target menembus enam besar.
AVC Women's Volleyball Continental Championship 2026 akan berlangsung di Tianjin, China, 21-30 Agustus 2026. Turnamen ini diikuti 12 tim yang terbagi ke dalam tiga pool.
Indonesia berada satu grup dengan Thailand, Kazakhstan, dan Australia. Thailand datang sebagai juara bertahan, sementara Kazakhstan juga memiliki rekam jejak kuat di level Asia.
Meski persaingan tidak mudah, Ketua Umum Pengurus Pusat Persatuan Bola Voli Seluruh Indonesia (PP PBVSI) Imam Sudjarwo menilai target enam besar masih realistis.
""Target kita masuk enam besar. Lawan kuat, mudah-mudahan target bisa dicapai dan bisa lebih bagus lagi,"" ujar Imam dalam keterangan tertulisnya, dikutip Kamis (20/8/2026).
Target Tinggi di Tengah Persaingan Ketat
Indonesia harus menghadapi tiga lawan di Pool B. Laga pertama bahkan langsung mempertemukan Garuda Pertiwi dengan Kazakhstan pada 22 Agustus, sebelum menghadapi Thailand pada 24 Agustus dan Australia pada 26 Agustus.
Thailand menjadi salah satu ujian terberat. Mereka berstatus juara bertahan AVC Women's Volleyball Continental Championship dan baru saja menyapu bersih dua seri SEA V Cup 2026.
Namun, Imam meminta target enam besar tidak justru menjadi beban bagi para pemain. Menurutnya, aspek mental harus berjalan beriringan dengan kemampuan teknik dan kondisi fisik. Pemain, pelatih, dan ofisial juga diminta memiliki visi yang sama agar target yang dipasang dapat dikejar secara maksimal.
Selain mengejar prestasi, AVC Continental 2026 penting bagi Indonesia karena tiga tim teratas akan mendapatkan tiket ke FIVB Women's World Championship 2027. Sistem tersebut berlaku untuk tiga besar dari masing-masing kejuaraan kontinental.
Jangan Berhenti di Target Enam Besar
Imam juga mengingatkan agar enam besar tidak dipandang sebagai batas akhir. Ia berkaca pada keberhasilan timnas voli putra Indonesia di AVC Cup 2026. Target awal yang diberikan saat itu hanya mencapai semifinal, tetapi performa tim kemudian membawa Indonesia melampaui sasaran tersebut hingga menjadi juara.
""Keberhasilan tersebut menunjukkan bahwa target dapat dilewati apabila seluruh anggota tim mampu menjaga kebugaran, kekuatan mental, kekompakan, dan rasa kebersamaan,"" ujarnya.
Karena itu, timnas voli putri Indonesia diharapkan tidak sekadar mengejar posisi enam besar, tetapi mampu melangkah sejauh mungkin setelah fase pool.
Dengan lawan-lawan tangguh di Pool B, pertandingan sejak awal akan menjadi ujian penting bagi skuad Indonesia. Jika mampu melewati fase tersebut dengan hasil positif, peluang untuk mengejar target yang lebih tinggi pun terbuka.
AVC Women's Volleyball Continental Championship 2026
- Lokasi: Tianjin, China
- Tanggal: 21-30 Agustus 2026
- Peserta: 12 tim
- Pool B: Indonesia, Thailand, Kazakhstan, Australia
- Target Indonesia: 6 besar
- Laga pertama Indonesia: Kazakhstan vs Indonesia, 22 Agustus
- Laga kedua: Thailand vs Indonesia, 24 Agustus
- Laga ketiga: Indonesia vs Australia, 26 Agustus",sport,https://sport.detik.com/sport-lain/d-8626901/avc-continental-ditunggu-lawan-lawan-berat-ini-target-timnas-voli-putri-ri
62,"Selesai sudah putaran pertama ajang golf The Indonesia Pro-Am 2026. Dua tim bersaing sengit di puncak klasemen, siapa saja?
Putaran pertama turnamen yang bernama lengkap The Indonesia Pro-Am presented by Combiphar & Nomura itu digelar, Rabu (19/8) di Gunung Geulis Country Club. Ada 98 tim yang ikut (profesional dan amatir) untuk beradu skill di dua lapangan, West & East Course.
Pegolf profesional Jazz Janewattananond (Thailand) yang berpasangan dengan pemain amatir Indonesia Matthew Wanandi bersaing sengit dengan Waris Manthorn (Thailand) yang berduet dengan pegolf amatir Steven Dirga Setya. Mereka menduduki posisi teratas klasemen beregu (pro-am) dengan 13 di bawah par.
Dua tim tersebut mengungguli empat tim yaitu Ayoub Lguirati (Maroko)/Alvin Wahyudi, Nguyen Nhat Long (Vietnam)/Agus Budiman, Kelvin Si (Makau)/Gani Arieldi, dan Liu Yung Hua (Korea)/John Baey yang berada di posisi T3 dengan 11-di bawah par.
Ayoub Lguirati memimpin klasemen nomor individual. Pegolf berusia 32 tahun itu bahkan mencetak course record untuk satu putaran pergelaran Asian Development Tour (ADT) di East Course dengan skor 62 (9 di bawah par).
""Saya sangat senang dengan cara saya bermain, dan terutama dengan cara kami menangani course ini. Saya membukukan 9 birdie dan tanpa bogey. Ini adalah skor terbaik saya di pertandingan. Ini pun merupakan event pertama saya dengan kedi Mohsen. Ia melakukan pekerjaan yang luar biasa hari ini. Jadi, saya sangat senang,"" kata Lguirati dalam keterangan kepada detikSport.
Dua wakil Amerika Serikat membuntuti Lguirati, yakni Tim Nielsen dengan skor 63 (8 di bawah par) dan Nathan Han dengan skor 64 (7 di bawah par).
Sementara itu, tujuh pegolf berada di T4 dengan skor 65 (6 di bawah par), salah satunya asal Indonesia Kevin Caesario Akbar.
Juara The Indonesia Pro-Am edisi 2023 tersebut membuka harapan untuk tuan rumah setelah berhasil menyodok ke Top 5. Titik balik Kevin terjadi di back nine (sembilan hole kedua) setelah membuat 3 birdie dan 1 eagle, melengkapi 1 birdie di front nine.
""Permainan hari ini alhamdulillah solid. Banyak sabar saja sih di West Course. Karena kalau salah sedikit kan bisa agak bahaya. Bisa meledak skornya. Jadi tadi sih lebih main sabar aja. Yang penting bisa on track terus bolanya, on the fairway, dan green,"" kata Kevin.
(mrp/bay)",sport,https://sport.detik.com/sport-lain/d-8626332/indonesia-pro-am-dua-tim-puncaki-klasemen-putaran-pertama
63,"Tes fisik tersebut menjadi bagian dari pemantauan kondisi atlet sebelum menghadapi berbagai agenda kompetisi, termasuk Asian Games 2026 yang menjadi salah satu sasaran utama.
Ketua Umum PBTI Letjen TNI Richard Tampubolon meninjau langsung pelaksanaan tes fisik di Stadion Atang Sutresna, Markas Kopassus, Cijantung, Jakarta Timur, Rabu (19/8/2026).
Dalam kunjungan tersebut, Richard didampingi Sekjen PBTI Rafael Siagian, Manajer Pelatnas Adhy, Pelatih Nasional Lia Karina Mansyur, Korsmin Kolonel Inf. Marlon, serta Kajas Kopassus Letkol Inf. Emrizal.
Tes dilakukan untuk memantau tingkat kebugaran dan kondisi fisik dasar atlet secara berkala. Pengukuran tersebut juga menjadi bagian dari evaluasi standar fisik yang dibutuhkan untuk menghadapi ajang multievent.
Sejumlah aspek yang diuji meliputi antropometri, keseimbangan, lari jarak pendek untuk mengukur kemampuan gerak cepat dan kelincahan, serta kelenturan otot kaki dan pinggul yang penting dalam menunjang teknik tendangan.
Pemantauan kondisi fisik menjadi bagian dari program persiapan Pelatnas Taekwondo Indonesia untuk meningkatkan kesiapan atlet menghadapi kompetisi.
Dengan Asian Games 2026 sebagai salah satu target utama, hasil tes fisik tersebut dapat menjadi bahan evaluasi untuk melihat perkembangan kondisi atlet sekaligus menentukan aspek yang masih perlu ditingkatkan sebelum bertanding. Asian Games ke-20 akan digelar di Aichi-Nagoya, Jepang, pada 19 September-4 Oktober 2026. (krs/aff)",sport,https://sport.detik.com/sport-lain/d-8626158/jelang-asian-games-2026-pelatnas-taekwondo-jalani-tes-fisik
64,"Alvin Bahar selangkah lagi menuju gelar juara nasional. Sebab, pebalap Honda Racing Indonesia itu baru saja merajai Mandalika Festival of Speed (MFos) akhir pekan kemarin.
Alvin turun di putaran ketiga dan keempat kelas Indonesia Touring Car Race (ITCR) 3600 Mandalika di Sirkuit Internasional Mandalika, Sabtu-Minggu (16-17 Agustus).
Menggunakan mobil Honda Civic Type R, Alvin berhasil menyapu bersih dua putaran itu dengan kemenangan. Alvin menyudahi total 12 lap balapan dengan catatan waktu 23 menit 01, 055 detik. Sekaligus juga ia mencatat fastest lap dengan catatan waktu impresif 1 menit 53,162 detik di putaran keempat.
Hasil sempurna ini membuat Alvin makin kukuh di puncak klasemen ITCR 3600 dan berpotensi meraih gelar juara nasional ke-15. Dua kemenangan ini makin menegaskan dominasi Alvin selama akhir pekan kemarin ketika dia menguasai sesi latihan sebelum merebut pole position.
Pembalap kelas ITCR 3600 non seeded, Apip Ginanjar ,tak berkutik dan cuma finis di belakang Alvin di Round 4. Di posisi ketiga ada Muhammad Yasin Kosasih.
""Alhamdulillah kemenangan di dua Round akhir pekan ini membuat persaingan meraih gelar juara nasional (ke-15) makin terbuka lebar. Tentu saya dan tim Honda Racing Indonesia jadi makin bersemangat,"" tutur Alvin dalam rilis kepada detikSport.
Alvin berpotensi mengunci gelar juara itu pada putaran kelima dan keenam 17-18 Oktober. Dia akan mempersiapkan diri sebaik mungkin agar bisa mengunci gelar juara di sana.
""Jelas kepercayaan diri saya makin tinggi dan rasanya sudah tak sabar menanti Round berikut pada Oktober nanti,"" tutur Alvin.
(mrp/mrp)",sport,https://sport.detik.com/sport-lain/d-8624716/mandalika-festival-of-speed-alvin-bahar-dekati-gelar-juara-nasional
65,"Kontingen Indonesia terus mematangkan kesiapan menuju Asian Games 2026. Aspek non-teknis menjadi fokus utama satu bulan menjelang dimulainya pertandingan multievent empat tahunan tersebut.
Demikian disampaikan Chef de Mission Tim Indonesia, Todotua Pasaribu, yang menyebut bakal meminimalkan sekecil mungkin kendala yang bisa mengganggu fokus atlet saat bertanding.
""Tugas kami adalah memaksimalkan seluruh persiapan non-teknis dan meminimalisir sekecil mungkin segala kendala yang bisa mengganggu fokus atlet saat bertanding,"" ujar Todotua dalam keterangan tertulisnya, Selasa (18/8/2026).
Saat ini, CdM bersama deputi, dan perwakilan cabang olahraga sedang merampungkan detail keberangkatan. Mulai dari akomodasi, transportasi, sampai kesiapan selama tim Indonesia berada di Aichi-Nagoya.
""Hari ini kami matangkan koordinasi sebelum keberangkatan bersama para perwakilan cabor dan tiap-tiap deputi. Kami terus pastikan kesiapan akomodasi hingga transportasi di Aichi-Nagoya berada dalam kondisi siap 100 persen,"" kata Todotua.
Selain urusan logistik, Tim CdM juga membangun komunikasi dengan komunitas Warga Negara Indonesia di Jepang. Dukungan langsung dari WNI diharapkan bisa menambah semangat atlet di arena.
""Selain itu, kita juga membangun kerja sama erat dengan rekan-rekan WNI yang ada di Jepang agar dukungan untuk kontingen Indonesia semakin maksimal,"" ujar Todotua.
Asian Games 2026 akan diselenggarakan mulai 19 September hingga 4 Oktober. Indonesia menurunkan 432 atlet dari 35 cabang olahraga, serta didukung 148 ofisial.
Tim Indonesia ditargetkan merebut empat medali emas di multiajang olahraga tertinggi di Asia tersebut. Adapun cabang olahraga yang menjadi tumpuan di antaranya bulu tangkis, angkat besi, dan panjat tebing.
(mcy/adp)",sport,https://sport.detik.com/sport-lain/d-8624500/indonesia-kebut-persiapan-non-teknis-sebulan-jelang-asian-games
66,"Islam Makhachev baru mempertahankan sabuk juara kelas welter UFC. Islam sudah 17 pertarungan menang terus, siapa lawan selanjutnya?
Islam Makhachev kalahkan Ian Garry pada UFC 330, Minggu (16/8). Islam pertahankan sabuk kelas welter dan bikin sejarah.
Petarung asal Dagestan itu jadi petarung UFC pertama yang capai 17 kemenangan beruntun. Islam lewati capaian Anderson Silva dengan 16 kali.
Islam Makhachev ditanya siapa yang mau dirinya lawan selanjutnya? Carlos Prates dinilai layak.
""Shavkat tidak sedang bertarung. Prates masih bertarung, masih aktif. Morales juga bagus, tapi saya tidak ingat kapan terakhir kali dia bertarung. Jika Anda bertanya kepada saya siapa yang lebih layak, menurut saya Carlos Prates,"" jawabnya seperti dilansir dari MMA Junkie.
Di kelas welter UFC, Prates ada di nomor satu klasemen. Michael Morales di nomor tiga.
""Atau mereka berdua bertarung saja, yang menang lawan saya,"" tambah Islam.
Islam Makhachev siap bertarung di octagon lagi secepatnya. Islam mau bertarung sebelum bulan Ramadan tiba di Februari 2027 mendatang.
""Saya siap 100 persen bertarung lagi, kalau bisa sebelum Ramadan tiba. Paling tidak di akhir tahun 2026 atau di Januari nanti,"" tutupnya.
(aff/adp)",sport,https://sport.detik.com/sport-lain/d-8624329/siapa-lawan-islam-makhachev-selanjutnya
67,"Persiapan Timnas basket putri menuju Asian Games 2026 memasuki pra kompetisi. Mereka dipersiapkan mengikuti uji coba di Korea Selatan.
Program tersebut merupakan rangkaian persiapan menghadapi Asian Games di Aichi-Nagoya, 19 September hingga 4 Oktober mendatang.
Pertandingan dimulai dengan melawan Cheongju KB Stars Basketball pada 18 Agustus 2026. Usai rehat sehari, Timnas Basket Putri akan menghadapi Incheon Shinhan Bank S-Birds pada dua hari berikutnya.
Agustin Gredita Retong dkk kemudian menjajal kekuatan melawan Yongin Samsung Life Blueminx pada 21/8, dan berjumpa Dankook University Basketball pada keesokan harinya.
""Tujuan try out tentu mempertajam strategi pelatih dan mempersolid tim menuju Asian Games 2026,"" kata Manajer Timnas Basket Putri Handoyo, dalam keterangan tertulis Selasa (18/8/2026).
Sebelum bertolak ke Korea Selatan, Timnas basket putri Indonesia telah melakoni latihan di GOR CLS Kertajaya sejak awal Mei 2026.
Para pemain merupakan kombinasi pemain potensial dan pengalaman. Di antaranya Agustin Gredita Retong, Ayu Sriartha, Kimberley Pierre-Louis, Nathania Oville, dan Priscilla Karen yang pernah antarkan Timnas Basket Putri juara di SEA Games 2023 Kamboja.
Lalu ada Angelique Aritonang dan Faizzatus Shoimah yang pernah antarkan Indonesia promosi ke Divisi A dalam FIBA Women's Asia Cup 2023.
Lainnya merupakan pemain masa depan Timnas Basket Putri, di antaranya ada Valencia Callistan, Kezia Setiawan, Erinindita Madafa, Kartika Hatta dan Anggita Yuliani Putri.
Campuran pemain muda dan berpengalaman diharapkan memberikan hasil yang bagus di multievent tingkat Asia itu. Timnas Basket Putri berada di Pool A bersaing dengan Thailand dan China.
""Ya hasil drawing Asian Games menurut kami menarik. Di mana kita satu grup dengan tim kuat China dan negara tetangga Thailand. Kita persiapkan semaksimal mungkin untuk bisa lolos dari grup,"" ujarnya.
""Kekuatan China layak menjadi perhatian serius. Ini karena China salah satu tim terkuat di Asia dengan materi pemainnya. Sementara Thailand kita terakhir bertemu di SEA Games jadi kita sudah tahu sama tahu,"" kata Handoyo.
Berikut Daftar Pemain Timnas Putri ke Korea Selatan
Agustin Gredita Retong
Angelique Aritonang
Valencia Callistan
Kezia Setiawan
Erinindita Madafa
Faizzatus Shoimah
Lea Kahol
Kezia Supit
Kartika Hatta
Anggita Putri
Ayu Sriartha
Kimberley Pierre-Louis
Nathania Oville
Priscilla Karen
Yualita Rency.",sport,https://sport.detik.com/sport-lain/d-8624039/menuju-asian-games-timnas-basket-putri-uji-coba-di-korea-selatan
68,"Setelah resmi menjadi anggota Komite Olahraga Nasional Indonesia (KONI) Pusat, Pengurus Besar Olahraga Domino Nasional (PB ORADO) makin memasifkan kejuaraan Domino. Kini menjalankan ajang Piala Panglima TNI.
PB ORADO merencanakan perhelatan tersebut digelar pada akhir September 2026. Dukungan Piala Panglima TNI juga datang dari Pemilik sekaligus pendiri PS Store, Putra Siregar, dengan menggelontorkan uang Rp 1 miliar.
Putra Siregar menyerahkannya kepada Ketua Bidang Humas PB ORADO, Henry Kurnia Adhi atau Jhon LBF, di salah satu gerai PS Store di kawasan Condet, Jakarta Timur. Turut serta yang menyaksikan penyerahan itu adalah Duta ORADO, Willie Salim dan Anji Manji.
""Saya melihat domino memiliki basis masyarakat yang sangat besar. Ketika sekarang dikelola sebagai olahraga prestasi, memiliki organisasi, pembinaan atlet, dan kompetisi yang jelas, tentu ini perkembangan yang positif. Karena itu, kami ingin ikut memberikan dukungan agar Piala Panglima TNI ini sukses dan bisa melahirkan atlet-atlet berprestasi,"" kata Putra dalam keterangan persnya.
Putra bukan sosok baru dalam dunia olahraga. Selain dikenal sebagai pengusaha, ia juga merupakan pemilik klub sepakbola profesional FC Bekasi City. Pengalamannya berkecimpung di olahraga membuatnya menilai pembinaan dan kompetisi menjadi dua elemen penting untuk membangun prestasi secara berkelanjutan.
PB ORADO juga terus memperkuat organisasi di 38 Provinsi Indonesia. ORADO punya 309 pengurus cabang kabupaten dan kota di Indonesia.
""Kami mengucapkan terima kasih kepada Bang Putra Siregar atas support yang luar biasa sebesar Rp1 miliar untuk menyukseskan Open Turnamen Domino Piala Panglima TNI. Ini bukan hanya tentang nilai supportnya, tetapi juga bentuk kepercayaan terhadap ORADO dan perkembangan domino sebagai olahraga prestasi,"" ujar Jhon.
Open Turnamen Domino Piala Panglima TNI juga akan dimeriahkan sejumlah selebritas Indonesia, kreator konten, dan selebgram yang ikut bertanding. Kehadiran publik figur diharapkan membuat olahraga domino semakin dikenal lintas generasi tanpa menghilangkan karakter kompetitif dan sportivitas dalam pertandingan.
PB ORADO membuka kesempatan untuk bergabung dan mengikuti sistem pembinaan serta kompetisi. Masyarakat bisa mendaftar lewat situs resmi PB ORADO.
(ran/aff)",sport,https://sport.detik.com/sport-lain/d-8623069/pb-orado-dapat-dukungan-gelar-kejuaraan-piala-panglima-tni
69,"Persaingan ITCR 1500 Non-Seeded 2026 makin menarik. Zayn Neymar jadi salah satu kandidat juara tampil apik di Ronde 3 & 4 Mandalika Festival of Speed 2026.
Di Sirkuit Mandalika, Lombok, akhir pekan lalu, Zayn mampu tampil konsisten. Driver Honda Racing Indonesia (HRI) Management itu bisa mengimbangi persaingan ketat kelas ITCR 1500 Non-Seeded.
Zayn, yang masih berusia 14 tahun, mampu membawa Honda City Hatchback yang dikendarainya merebut podium tertinggi di ITCR 1500 Non-Seeded. Capaian apik pada dua round terakhir di Mandalika itu menjadi tambahan penting dalam perjalanannya musim ini.
""Saya bersyukur bisa mendapatkan hasil yang baik di Round 3 dan Round 4. Terima kasih untuk Honda Racing Indonesia, tim, keluarga, dan semua yang selalu mendukung saya. Semoga saya bisa terus konsisten sampai akhir musim dan mewujudkan target menjadi Juara Nasional,"" kata Zayn dalam keterangannya
Kini Zayn Neymar memiliki modal untuk menghadapi seri-seri berikutnya. Namun, masih ada poin yang harus diperjuangkan dan persaingan yang harus dihadapi hingga putaran terakhir.
Kini Zayn harus mampu mempertahankan performanya, menghindari kesalahan, dan terus mengumpulkan poin di setiap kesempatan. Didukung Honda Racing Indonesia, Zayn mendapat modal berharga dalam menjalani proses tersebut.
""Masukan dari Avila (Bahar) yang menjadi lead di HRI Management, turut memberikan pengembangan diri saya, semoga saya bisa meraih gelar Juara Nasional Non-Seeded ITCR 1500 tahun ini,"" tambah Zayn
Jika mampu mempertahankan konsistensi yang sudah ditunjukkan di Mandalika, peluang Zayn Neymar untuk mengakhiri musim sebagai Juara Nasional ITCR 1500 Non-Seeded 2026 semakin terbuka. Hal itu juga membuktikan Zayn Neymar tidak datang hanya untuk meramaikan persaingan, namun memancang target juara.
(yna/pur)",sport,https://sport.detik.com/sport-lain/d-8623143/bersinar-di-mandalika-zayn-neymar-bidik-target-juara-nasional
70,"Baru saja selesai digelar seri pertama Liga Pelajar Karate 2026. INKAI DKI Jakarta tampil sebagai juara umum.
Liga Pelajar Karate 2026 digelar Pengurus Provinsi Federasi Olahraga Karate-Do Indonesia (FORKI) DKI Jakarta yang memperebutkan Piala Kadispora DKI Jakarta, 15-16 Agustus, di GOR PKP Jakarta Islamic School.
Ada total 520 atlet dari 37 kontingen yang bertanding di 82 kelas yang meliputi kategori Kumite, Kata, dan Kata Beregu.
INKAI DKI Jakarta keluar sebagai juara umum setelah mendominasi perolehan medali dengan raihan 24 emas, 15 perak, dan 7 perunggu. Posisi kedua ditempati Dojo Halim Karate Champion dengan koleksi 10 emas, 11 perak, dan 9 perunggu.
Sementara Inkanas Jakarta Selatan berada di peringkat ketiga dengan perolehan 5 emas, 4 perak, dan 4 perunggu.
Adapun FORKI Jakarta Pusat menempati peringkat keempat dengan 3 emas, 6 perak, dan 15 perunggu, disusul LEMKARI DKI di posisi kelima dengan 3 emas, 5 perak, dan 9 perunggu.
Kejuaraan tersebut dibuka secara resmi oleh Kepala Dinas Pemuda dan Olahraga (Kadispora) Provinsi DKI Jakarta, Andri Yansyah, melalui prosesi pemukulan gong. Kehadiran ratusan atlet pelajar menjadikan ajang ini sebagai salah satu wadah penting dalam pengembangan prestasi karate di Ibu Kota.
Ketua Umum FORKI DKI Jakarta, Herianto Syahputra, mengatakan Liga Pelajar Karate merupakan bagian dari ekosistem pembinaan atlet yang terstruktur dan terukur.
Menurutnya, kompetisi tersebut tidak hanya menjadi ajang perebutan prestasi, tetapi juga menjadi sarana untuk menjaring serta memantau bibit-bibit atlet potensial yang diproyeksikan mewakili DKI Jakarta pada berbagai ajang tingkat nasional hingga internasional.
""Setelah suksesnya pelaksanaan Seri 1 ini, FORKI DKI Jakarta direncanakan akan melanjutkan rangkaian Liga Pelajar Karate untuk Seri 2 pada bulan Oktober dan Seri 3 pada bulan Desember 2026,"" ujar Herianto dalam rilis kepada detikSport.
Pelaksanaan seri lanjutan tersebut menjadi bagian dari sistem evaluasi pembinaan atlet secara berkesinambungan. Jadwal dan lokasi pelaksanaan Seri 2 dan Seri 3 akan diinformasikan lebih lanjut melalui kanal informasi resmi Pengprov FORKI DKI Jakarta.
Dengan terselenggaranya Seri 1, Liga Pelajar Karate DKI Jakarta 2026 diharapkan makin memperkuat sistem pembinaan atlet usia pelajar sekaligus membuka peluang lahirnya karateka-karateka muda potensial yang mampu mengharumkan nama Jakarta di tingkat nasional dan internasional.
(mrp/raw)",sport,https://sport.detik.com/sport-lain/d-8623047/inkai-dki-juara-umum-seri-1-liga-pelajar-karate-2026
71,"Bagi kamu yang mengenal sosok yang berjuang melestarikan olahraga tradisional dan budaya daerah, ajukan sekarang di DPD RI Awards 2026 melalui awards.dpd.go.id/nominasi. Pendaftaran dibuka hingga 21 Agustus 2026 pukul 23.59 WIB.
Di balik seni bela diri dan olahraga tradisional yang terus bertahan di tengah perubahan zaman, ada sosok-sosok yang tak kenal lelah menjaga warisan daerah. Mereka tidak hanya mengajarkan teknik, tetapi juga merawat nilai, tradisi, dan identitas yang diwariskan dari generasi ke generasi.
Salah satunya pencak silat. Seni bela diri asal Indonesia tersebut telah ditetapkan UNESCO sebagai Warisan Budaya Takbenda (WBTb) pada sidang ke-14 Intergovernmental Committee for the Safeguarding of the Intangible Cultural Heritage di Bogota, Kolombia, pada 9-14 Desember 2019.
Namun, upaya menjaga seni bela diri tradisional tidak berhenti pada pencak silat. Berbagai olahraga tradisional dan budaya daerah juga membutuhkan sosok yang konsisten merawat sekaligus mengenalkannya kepada generasi berikutnya.
Para penggerak di balik pelestarian tersebut dapat diusulkan dalam DPD RI Awards 2026. Tahun ini, terdapat empat kategori penghargaan yang dapat menjadi ruang apresiasi bagi sosok-sosok inspiratif dari berbagai daerah.
1. Inovator Pendidikan Non-Formal/Pendidikan Luar Sekolah
Kategori pertama ditujukan bagi individu yang berdedikasi dalam mengembangkan pendidikan nonformal dan memperluas kesempatan belajar bagi masyarakat.
""Penghargaan diberikan kepada Inovator Pendidikan Nonformal/Pendidikan Luar Sekolah yang berdedikasi dalam mengembangkan pendidikan nonformal dan memperluas kesempatan belajar bagi masyarakat,"" tulis DPD RI.
Sosok yang selama ini bergerak memberikan pendidikan kepada masyarakat, termasuk melalui pendekatan dan metode pembelajaran yang inovatif, dapat diusulkan dalam kategori ini.
2. Inovator Teknologi Kesehatan
Kategori kedua diberikan kepada individu, profesional, atau akademisi yang menghadirkan inovasi di bidang teknologi kesehatan.
""Diberikan kepada individu, profesional atau akademisi yang menghasilkan inovasi di bidang kesehatan melalui riset klinis maupun laboratorium, termasuk penemuan obat, terapi, atau alat kesehatan yang memberikan manfaat bagi masyarakat,"" jelas DPD.
Kategori ini menjadi bentuk apresiasi bagi sosok yang menghadirkan solusi di bidang kesehatan melalui inovasi dan pengembangan teknologi.
3. Penggerak Desa Mandiri Pangan
Berikutnya ada kategori Penggerak Desa Mandiri Pangan yang ditujukan bagi sosok yang mendorong kemandirian pangan di tingkat desa.
""Ditujukan kepada Penggerak Desa Mandiri Pangan yang mendorong kemandirian pangan melalui pemanfaatan potensi pangan lokal, pemberdayaan masyarakat, dan penguatan ketahanan pangan secara berkelanjutan,"" katanya.
Upaya membangun desa yang mampu mengelola dan mengembangkan potensi pangan lokal menjadi bagian penting dalam mendorong kemandirian masyarakat di daerah.
4. Pelestari Budaya Daerah
Kategori keempat menjadi salah satu yang relevan bagi para pejuang seni bela diri dan olahraga tradisional daerah. Pelestari Budaya Daerah diberikan kepada individu yang memiliki inovasi dalam mengembangkan dan melestarikan budaya daerah.
""Diberikan kepada individu yang memiliki inovasi dalam pengembangan dan pelestarian budaya daerah serta berperan aktif dalam mempromosikan budaya daerah di tingkat nasional maupun internasional,"" jelasnya.
Karena itu, sosok yang selama ini konsisten menjaga seni bela diri, olahraga tradisional, kesenian, maupun tradisi khas daerah dapat menjadi bagian dari apresiasi tersebut.
Selain empat kategori tersebut, DPD RI juga menghadirkan Special Recognition Awards. Penghargaan khusus ini ditujukan bagi tokoh, individu, maupun kelompok yang telah memberikan kontribusi secara konsisten dan berkelanjutan bagi daerah.
Angkat Kiprah Tokoh Daerah ke Nasional
Ketua DPD RI Sultan B Najamudin mengatakan DPD Awards menjadi ruang penghormatan bagi figur inspiratif dari berbagai daerah yang selama ini bekerja dan memberikan kontribusi nyata tanpa banyak mendapat sorotan di tingkat nasional.
""Melalui ajang ini, DPD RI ingin mempertegas bahwa kekuatan pembangunan Indonesia bertumpu pada inisiatif dan kerja keras masyarakat di seluruh wilayah Nusantara, bukan hanya pada pusat pemerintahan dan kota-kota besar,"" kata Sultan dalam DPD Awards tahun 2025 lalu.
Penghargaan tersebut sekaligus mencerminkan aspirasi masyarakat yang diperjuangkan DPD RI di tingkat pusat. Anggota DPD RI merupakan representasi kepentingan daerah yang membawa suara rakyat agar dapat hadir dalam kebijakan nasional.
Sultan menilai masih banyak tokoh masyarakat yang menjadi penggerak perubahan dan kemajuan daerah di berbagai sektor strategis, tetapi belum memperoleh apresiasi yang memadai.
Kontribusi para kandidat dan finalis DPD Awards mencakup berbagai sektor, mulai dari pendidikan, sosial, kesehatan, pariwisata, ekonomi kreatif, kebudayaan, hingga pelestarian lingkungan.
Melalui DPD RI Awards 2026, sosok-sosok tersebut diharapkan mendapatkan apresiasi sekaligus menjadi inspirasi bagi masyarakat dan daerah lainnya.
Kenal pejuang olahraga tradisional, pelestari budaya, atau sosok inspiratif lain yang terus berkontribusi untuk daerah? Jangan lewatkan kesempatan untuk mengusulkannya di DPD RI Awards 2026 melalui awards.dpd.go.id/nominasi. Pendaftaran dibuka hingga 21 Agustus 2026 pukul 23.59 WIB.
(akd/ega)",sport,https://sport.detik.com/sport-lain/d-8622172/pejuang-olahraga-tradisional-daerah-layak-bersinar-usul-di-sini
72,"Tim Horseback Archery (HBA) Blue Blood Stable baru saja tampil di Liga Memanah Berkuda Indonesia (LMBI) Series 3 Tahun 2026. Berikut hasilnya.
Kejuaraan ini digelar venue HBA Al Kahfi Stable, Tajur Halang, Bogor, Jawa Barat (16/8) yang juga menjadi rangkaian penutup seri kejuaraan HBA itu.
Ada total 90 entri peserta yang mengikuti nomor-nomor di lintasan berputar dan lintasan lurus dengan memperebutkan trofi-trofi bergengsi seperti Piala Ketua Harian PP PORDASI dan Piala Blue Blood Stable sebagai pendukung pelaksanaan kejuaraan.
Di kejuaraan itu, Tim HBA Blue Blood Stablediperkuat Sultan Shadiq, Omar El Farooq Putra Alleut, Kenzie Alkautsar, dan Kaisar Akhtar. Mereka turun di dua kelas pertandingan bergengsi, yakni Professional Class yang mempertandingkan nomor Tower 90 dan Open Class dengan nomor pertandingan Skirmish.
Dari kelas pertandingan Professional Class, Omar berhasil mempersembahkan medali perunggu, sementara Kaisar, Sultan, dan Kenzie masing-masing menempati peringkat 4,5, dan 10.
Sedangkan dari nomor pertandingan Open Class, Sultan berhasil meraih medali perak disusul oleh Omar, Kenzie, dan Kaisar yang menduduki peringkat 4, 5, dan 6.
Terkait hasil kejuaraan itu, Omar mengungkapkan persaingan terbilang ketat, karena tidak cuma harus menghadapi sesama atlet Indonesia, tapi juga atlet Malaysia.
Sementara itu, Sultan lebih menyoroti persiapan tim dalam menghadapi kejuaraan-kejuaraan selanjutnya. Sultan berjanji akan lebih fokus dalam mempersiapkan kuda-kuda tunggangannya demi mendukung performa saat pertandingan.
""Dalam kesempatan ini, Kami mengucapkan terima kasih yang sebesar-besarnya atas dukungan penuh dari Blue Blood Stable, dan mudah-mudahan kedepannya kami berempat akan lebih maksimal lagi dalam memberikan prestasi di kejuaraan-kejuaraan HBA selanjutnya,"" papar Sultan dalam keterangan kepada media.
Sebagai bentuk kepedulian dalam upaya mengembangkan olahraga HBA di Indonesia, Blue Blood Stable mengambil langkah strategis dengan membangun tim HBA sekaligus mendukung pelaksanaan kejuaraan HBA di dalam negeri agar dapat terselenggara dengan lebih profesional.
(mrp/adp)",sport,https://sport.detik.com/sport-lain/d-8621729/tim-horseback-archery-blue-blood-bawa-2-medali-dari-ajang-ini
73,"Selesai sudah putaran keempat Mandalika Festival of Speed 2026. Delta Garage Racing Team berhasil membawa pulang tiga trofi juara. Top!
Pada ajang yang digelar di Sirkuit Internasional Mandalika, Lombok Tengah, Nusa Tenggara Barat, Sabtu (15/8/2026), Delta Racing menurunkan sembilan pebalap yakni Umar Abdullah, Dypo Fitra, Muhammad Detik, Avan Abdullah, Rafa Dypo, Rafin Dypo, Zharfan Rahmadi, Prima, dan Putera Adam.
Uma dan Dypo Fitra sebagai pebalap senior di tim itu tampil cemerlang. Umar menjadi juara di kelas Overall dan kelas GT3 Superstars Sportscar Series (SSS).
Sementara Dypo Fitra naik dua podium runner-up di kelas GT3 dan overall. Mereka berdua sama-sama menggunakan Porsche 911 GT3 R, yang khusus dibawa untuk ajang MFoS 2026.
Lalu, ada Avan Abdullah yang merajai kelas ITCR 1500 Seeded A. Putera Adam jadi juara di kelas ITCR 1200 Seeded A usai menaklukkan sirkuit sepanjang 4,31 km tersebut.
Tidak hanya itu, Delta Garage Racing Team juga mengantarkan Muhammad Detik Javasdad sebagai peringkat ketiga kelas GTC SSS dengan mobil Lamborghini.
""Alhamdulillah, kita berhasil mencetak hattrick di kelas-kelas utama. Dan, kita senang bisa membawa mobil-mobil Sportcar dan GT3 ke event Superstars Sportscar Series di Mandalika, berharap teman teman komunitas dan penggemar balap Supercar bisa joint ke Mandalika,"" ujar Umar yang belum lama menyabet juara 1 Lamborghini Super Trofeo Europe di Spa, Belgia, dalam rilis kepada detikSport.
(mrp/adp)",sport,https://sport.detik.com/sport-lain/d-8621710/delta-garage-racing-team-kuasai-round-4-mandalika-festival-of-speed
74,"Selesai sudah petualangan dua pereli wanita Indonesia Lody Natasha dan Sasty Laksamana di Asia Cross Country Rally (AXCR) 2026. Bagaimana hasilnya?
Lody sebagai florist dan Sasty selaku dokter gigi turun di ajang rally raid paling menantang di Asia sedari 9-15 Agustus di Thailand. Meski demikian, latar belakang profesi itu tidak menyurutkan semangat keduanya menaklukkan kerasnya medan AXCR 2026.
Setelah melewati rangkaian perlombaan selama tujuh hari dan menempuh jarak 2.000 KM, Lody dan Sasty akhirnya menyelesaikan AXCR 2026 di P2 kategori Ladies, P12 dari 26 peserta di kelas T1D (Modified Diesel), dan P21 dari 42 peserta overall.
Bagi Lody, AXCR 2026 merupakan keikutsertaan ketujuh, sementara bagi Sasty menjadi keikutsertaan keempat. Keduanya kembali berlaga sebagai privateer Indonesia menggunakan Toyota Hilux 2020 di kelas T1D, kelas yang diisi berbagai pebalap profesional serta tim dengan dukungan pabrikan besar seperti Toyota, Ford, Isuzu, dan Mitsubishi.
Hasil tahun ini memang belum menyamai pencapaian mereka pada AXCR sebelumnya. Pada tahun 2025, Lody dan Sasty berhasil meraih posisi pertama kategori Ladies dan P19 overall. Namun AXCR kembali membuktikan bahwa hasil akhir tidak pernah bisa diprediksi hingga kendaraan benar-benar melewati garis finis.
Dengan total jarak perlombaan sekitar 2.000 kilometer, setiap stage membawa tantangan yang berbeda. Berbeda dengan reli konvensional yang memungkinkan pembalap melakukan survey lintasan sebelumnya, AXCR menuntut pembalap membaca road book bergaya tulip dan langsung beradaptasi dengan kondisi lintasan saat perlombaan berlangsung.
Posisi dapat berubah drastis dari satu hari ke hari berikutnya. Kesalahan navigasi, speed-limit zone, penalty, kondisi kendaraan, hingga keputusan dalam hitungan detik dapat mempengaruhi hasil secara signifikan.
""AXCR itu benar-benar tidak bisa ditebak. Hari ini kita bisa berada di posisi yang bagus, besok bisa berubah jauh. Jaraknya sangat panjang dan kita harus menjaga mobil sekaligus menjaga pace. Jadi bukan hanya soal siapa yang paling cepat,"" papar Lody dalam rilis kepada detikSport.
Menurut Lody, kemampuan mengemudi hanyalah satu bagian dari tantangan AXCR. Pebalap juga dituntut mampu membaca navigasi dengan cepat, mengambil keputusan di lintasan, menjaga kendaraan selama ribuan kilometer, serta bekerja sama dengan tim mekanik agar mobil tetap mampu menyelesaikan setiap stage.
Meski gagal mempertahankan gelar juara di kelas Ladies, Lody dan Sasty tetap bangga dengan pencapaian mereka. Apalagi tantangan yang harus dihadapi tidak mudah.
""Buat kami, hasil ini memang belum seperti yang kami harapkan. Tapi AXCR mengajarkan bahwa kita tidak pernah tahu apa yang akan terjadi sampai benar-benar melewati finish line. Dan akhirnya kami tetap sampai di sana,"" sambung Lody.
Bagi Lody, pengalaman di AXCR justru semakin menguatkan dirinya mewujudkan satu mimpi, yakni membawa Merah Putih berlaga di kejuaraan dunia rally raid, termasuk Rally Raid Portugal dan Dakar Rally.
""Saya tidak tahu kapan mimpi itu bisa terwujud. Tapi saya ingin terus mencoba. Semoga Tuhan merestui dan suatu hari nanti saya bisa membawa nama Indonesia lebih jauh lagi,"" tutup Lody.
(mrp/adp)",sport,https://sport.detik.com/sport-lain/d-8621702/akhir-perjalanan-dua-srikandi-ri-di-axcr-2026
75,"Memen Harianto gagal mempertahankan gelar juara Asia Cross Country Rally (AXCR) 2026. Memen pun meminta maaf kepada semua pihak atas hasil itu.
Memen yang Mengendarai Toyota Hilux Revo bersama Indonesia Cross Country Rally Team tampil konsisten dan sempat memimpin kelas T1G sebelum akhirnya finis di posisi keempat setelah mengalami masalah overheating pada SS6, Sabtu (15/8).
Hasil yang terbilang mengecewakan karena Memen sejatinya menargetkan gelar juara tahun ini. Namun, Memen tetap bersyukur karena masih bisa menuntaskan balapan.
""Yang paling penting, kami bisa menyelesaikan seluruh leg dari Leg 1 sampai Leg 6. Di SS6 memang kami mengalami overheating dan harus melakukan perbaikan terlebih dahulu di dalam SS. Itu membuat waktu kami terbuang cukup banyak,"" ujar Memen dalam rilis kepada detikSport.
""Kalau tidak ada masalah tersebut, tentunya kami masih memiliki peluang untuk mempertahankan posisi pertama T1G sampai akhir. Tetapi inilah rally. Yang paling penting buat saya, kami tidak menyerah dan tetap menyelesaikan SS6 sampai finish,"" sambungnya.
""Target kami tentu saja juara. Jadi saya pasti kecewa karena kesempatan itu akhirnya hilang akibat masalah overheating dan waktu yang terbuang. Tetapi saya juga bersyukur karena kami tetap bisa menyelesaikan seluruh rangkaian AXCR 2026,"" katanya.
Di balik perjuangan Memen di AXCR 2026, terdapat dukungan dari para sponsor, partner, tim, mekanik, keluarga, komunitas, media, dan masyarakat Indonesia. Memen menyampaikan apresiasi kepada seluruh pihak yang telah memberikan kepercayaan dan dukungan sejak masa persiapan hingga kompetisi berlangsung.
""Saya ingin mengucapkan terima kasih yang sebesar-besarnya kepada seluruh sponsor dan partner yang sudah percaya dan mendukung saya di AXCR 2026. Perjuangan ini bukan hanya perjuangan saya, tetapi perjuangan kita bersama,"" ujar Memen.
Selain itu, Memen juga menyampaikan permohonan maaf karena belum mampu mewujudkan target juara T1G.
""Saya mohon maaf karena tahun ini kami belum bisa memberikan gelar juara seperti yang kita harapkan. Saya tahu banyak sekali yang sudah memberikan support dan berharap kami bisa kembali membawa hasil terbaik untuk Indonesia.""
""Tapi saya berharap semua bisa melihat perjuangan kami secara keseluruhan. Dari Leg 1 sampai Leg 6 kami tetap berjuang dan berhasil menjadi finisher. Hanya saja, masalah overheating di SS6 membuat kami kehilangan waktu yang sangat berharga dan akhirnya peluang juara ikut hilang.""
Menurut Memen, masalah pada SS6 akan menjadi bahan evaluasi penting, terutama dalam meningkatkan reliability kendaraan dan kesiapan tim menghadapi reli jarak panjang dengan kondisi ekstrem.
""Kami akan evaluasi semuanya. Masalah di SS6 ini menjadi pelajaran yang sangat berharga. Kami akan kembali dengan persiapan yang lebih baik.""
(mrp/raw)",sport,https://sport.detik.com/sport-lain/d-8621659/memen-harianto-minta-maaf-gagal-pertahankan-gelar-axcr-2026
76,"Memen Harianto harus gigit jari di Asia Cross Country Rally (AXCR) 2026. Dia gagal juara setelah mesinnya mengalami overheating.
Pereli Indonesia yang membawa nama Indonesia Cross Country Rally Team tersebut terpaksa kehilangan peluang untuk merebut gelar juara setelah mobil Toyota Hilux Revo miliknya mengalami overheating pada Leg 6, sekitar 25 kilometer sebelum mencapai flying finis, Jumat (14/8).
Padahal, hingga menyelesaikan Leg 5, Memen berada di posisi 11 overall dan menjadi pemimpin klasemen kelas T1G. Posisi teratas di kelasnya bahkan sudah berhasil dipertahankan sejak Leg 3.
Dengan performa yang terus konsisten sejak awal reli, Memen sebenarnya datang ke Leg 6 dengan peluang besar untuk mempertahankan posisi teratas hingga akhir AXCR 2026.
Namun, reli lintas alam kembali menunjukkan bahwa kemenangan tidak hanya ditentukan oleh kecepatan, melainkan juga ketahanan mesin, kondisi kendaraan, navigasi, cuaca, medan, dan keberuntungan.
Masalah overheating yang terjadi di penghujung Leg 6 membuat Memen harus menghadapi kenyataan pahit. Ketika garis finis sudah semakin dekat, perjuangan yang telah dibangun selama berhari-hari akhirnya harus terhenti.
""Jujur, ini sangat berat buat saya. Sampai Leg 5 kami masih berada di posisi 11 overall dan nomor satu di T1G. Posisi pertama di kelas juga sudah kami pegang sejak Leg 3. Jadi tentu kami sangat yakin bisa mempertahankannya sampai akhir,"" ujar Memen dalam rilis kepada detikSport.
""Sayangnya, pada Leg 6 mobil mengalami overheating, sekitar 25 kilometer sebelum flying finish. Kami sudah berusaha semaksimal mungkin, tetapi kondisi mobil tidak memungkinkan untuk melanjutkan perjuangan seperti yang kami harapkan,"" sambungnya.
Memen mengakui bahwa hasil tersebut menjadi pukulan berat, bukan hanya bagi dirinya dan tim, tetapi juga bagi seluruh pihak yang telah memberikan dukungan selama persiapan hingga pelaksanaan AXCR 2026.
Apalagi, target yang dibawa ke Thailand tahun ini terbilang tinggi setelah sukses di ajang yang sama tahun lalu.
""Saya ingin menyampaikan permohonan maaf yang sebesar-besarnya kepada seluruh keluarga, tim, mekanik, partner, sponsor, komunitas, teman-teman media, dan seluruh masyarakat Indonesia yang sudah memberikan doa dan dukungan kepada saya,"" kata Memen.
""Saya tahu banyak yang berharap kami bisa kembali membawa hasil terbaik dan mengibarkan Merah Putih di podium. Saya juga sangat berharap hal yang sama.""
Menurut Memen, dunia reli memang selalu memberikan pelajaran bahwa sebuah perlombaan baru benar-benar selesai ketika kendaraan melewati garis finis.
""Ini bagian dari motorsport. Kita bisa menyiapkan semuanya sebaik mungkin, tetapi di lintasan selalu ada hal-hal yang berada di luar kendali kita. Kali ini kami harus menerima kenyataan bahwa masalah teknis menghentikan perjuangan kami ketika finis sudah begitu dekat.""
Meski gagal mempertahankan peluang menjadi juara AXCR 2026, Memen menegaskan bahwa pengalaman tersebut tidak akan membuatnya berhenti dan akan jadi bahan evaluasi untuk menghadapi kompetisi berikutnya.
""Saya sangat kecewa, tentu. Tetapi saya tidak mau berhenti di sini. Saya akan evaluasi semuanya, terutama masalah teknis yang terjadi. Kami akan kembali lebih kuat.""
Memen juga menyampaikan terima kasih secara khusus kepada seluruh sponsor dan partner yang telah memberikan kepercayaan serta dukungan untuk tampil di AXCR 2026.
""Terima kasih yang sebesar-besarnya kepada seluruh sponsor dan partner yang sudah percaya dan mendukung saya. Dukungan kalian sangat berarti, bukan hanya dalam bentuk materi, tetapi juga menjadi energi bagi saya selama menjalani reli ini.""
""Sekali lagi saya mohon maaf karena tahun ini belum bisa memberikan hasil yang kita semua harapkan. Saya tahu perjuangan ini bukan hanya milik saya. Ada banyak orang di belakang saya yang ikut berjuang.""
""Terima kasih sudah tetap percaya. Saya akan belajar dari kegagalan ini dan kembali berjuang untuk Indonesia,"" tutup Memen.
(mrp/raw)",sport,https://sport.detik.com/sport-lain/d-8621643/axcr-2026-overheating-gagalkan-misi-juara-memen-harianto
77,"Islam Makhachev menang atas Ian Garry di UFC 330 dalam laga lima ronde. Presiden UFC Dana White geregetan pada pertarungan itu.
UFC 330 digelari di Xfinity Mobile Arena, Philadelphia, Minggu (16/8) pagi WIB. Duel utama adalah Islam Makhachev vs Ian Garry. Islam sebagai pemegang sabuk juara kelas welter, sementara Ian sebagai penantang.
Islam menang via unanimous decision, 49-46, 49-46, dan 48-47. Islam pertahankan sabuk juara kelas welter!
Presiden UFC Dana White geregatan lihat pertarungan tersebut. Dana memuji ketangguhan Islam Makhachev, tapi menurutnya Ian Garry kurang galak!
""Menurut saya, ini pendapat jujur, saya merasa malam ini memang berpotensi memunculkan kejutan besar,"" bukanya selepas pertarungan seperti dilansir dari ESPN.
""Ian adalah petarung berbakat, tapi seandainya saja dia punya sedikit saja naluri untuk menghabisi lawan di ronde kelima itu, yang mana dia sudah terus-menerus menghajar bagian tubuh sisi kanan, bertahan dari serangan takedown, dan wajah Islam sudah babak belur,"" paparnya.
Dana White menilai tidak seharusnya Ian Garry terus tos dan berpelukan di tiap ronde. Sikap respeknya dinilai berlebihan.
""Anda tidak seharusnya berpelukan dan bersalaman terus. Hal semacam itu benar-benar membuat saya kesal setengah mati saat ada begitu banyak hal yang dipertaruhkan. Ada banyak permainan mental dalam olahraga ini,"" ungkapnya.
""Anda seharusnya keluar di ronde kelima itu dengan serangan lutut terbang atau sesuatu yang gila, lalu mencoba mengakhiri pertarungan. Ini adalah salah satu pertarungan yang nantinya akan membuat Ian berkata, 'sial, seandainya saja aku bisa mengulanginya lagi,"" paparnya.
""Jika saja dia keluar dari sudut ring seperti banteng yang sedang mengamuk, mungkin pembicaraan kita saat ini akan berbeda,"" tambahnya.
""Islam adalah petarung hebat, sudah layak disebut sebagai GOAT (petarung terbaik sepanjang masa). Dia melakukan segalanya untuk menang hari ini,"" tutupnya.
(aff/rin)",sport,https://sport.detik.com/sport-lain/d-8621412/saat-islam-makhachev-vs-ian-garry-bikin-presiden-ufc-geregetan
78,"Islam Makhachev menang atas Ian Garry di UFC 330. Islam tak cuma pertahankan sabuk juara kelas welter, turut jadi petarung UFC dengan kemenangan beruntun terbanyak. Sejarah!
UFC 330 digelari di Xfinity Mobile Arena, Philadelphia, Minggu (16/8) pagi WIB. Duel utama adalah Islam Makhachev vs Ian Garry. Islam sebagai pemegang sabuk juara kelas welter, sementara Ian sebagai penantang.
Islam menang via unanimous decision, 49-46, 49-46, dan 48-47. Islam pertahankan sabuk juara kelas welter!
Tak cuma itu. Dilansir dari ESPN, Islam Makhachev catatan rekor baru di UFC!
Islam jadi petarung dengan kemenangan beruntun terbanyak sebanyak 17 kali. Lewati pencapaian Anderson Silva dengan 16 kali.
Islam tidak terkalahkan sejak tahun 2016. Sepanjang 17 laga menang terus itu, Islam kawinkan sabuk juara kelas ringan dan welter UFC.
Tujuh kemenangan didapat via unanimous decision, tujuh kali via submission, dan sisanya lewat TKO.
Islam Makhachev total punya rekor di MMA 29-1.Di usia 34 tahun, Islam belum memikirkan pensiun.
""Kalau saya sudah mencapai 20 kemenangan beruntun, mungkin akan sulit terkejar,"" ujarnya.
(aff/cas)",sport,https://sport.detik.com/sport-lain/d-8620878/sejarah-islam-jadi-petarung-ufc-dengan-kemenangan-beruntun-terbanyak
79,"Islam Makhachev vs Ian Garry tersaji pada duel utama UFC 330. Islam menang unanimous decision dan pertahankan sabuk kelas welter!
UFC 330 digelari di Xfinity Mobile Arena, Philadelphia, Minggu (16/8) pagi WIB. Duel utama adalah Islam Makhachev vs Ian Garry.
Islam sebagai pemegang sabuk juara kelas welter, sementara Ian sebagai penantang. Laga dimulai!
Di ronde pertama, Islam lepas dua leg kick dan sekali head kick, Ian lancarkan kombinasi satu-dua. Islam lakukan double leg takedown, Ian bisa bertahan. Lanjut di jaring, Islam terus coba jatuhan Ian tapi Ian bertahan dengan baik.
Ian agresif duluan di ronde kedua. Namun momen besar buat Islam, head kick-nya masuk!
Ian terjatuh lalu kena takedown oleh Islam. Islam kembali coba lakukan kuncian, tapi lagi-lagi Ian bertahan dengan apik.
Islam lancarkan takedown lagi di ronde ketiga. Namun tiga menit setelahnya, Ian bangkit. Tendangan kombinasi ke badan dan kepala yang dilepasnya merepotkan Islam. Oblique kick alias tendangan ke lutut dari Ian juga buat Islam kesulitan.
Islam dua kali lakukan take down di ronde keempat. Dalam situasi clinch, Ian lebih mendominasi dengan pukulan-pukulan jarak dekatnya yang bikin wajah Islam berdarah.
Ronde kelima, Ian ambil kendali dulu. Islam bisa rapatkan jarak, lakukan takedown. Islam coba lakukan kuncian, tapi lagi dan lagi Ian bertahan dengan baik.
Islam menang lewat unanimous decision, 49-46, 49-46, dan 48-47. Islam pertahankan sabuknya!
(aff/cas)",sport,https://sport.detik.com/sport-lain/d-8620857/hasil-ufc-330-islam-makhachev-pertahankan-sabuk-juara
80,"Titan Run kembali mencatatkan prestasi dalam penyelenggaraan edisi 2026. Setelah tahun lalu meraih rekor Museum Rekor Dunia Indonesia (MURI) sebagai acara lari pertama yang menyajikan durian, tahun ini ajang tersebut kembali memperoleh penghargaan.
Rekor kali ini diberikan kepada Titan Run sebagai penyelenggara lomba lari dengan jarak tempuh 17,8 kilometer. Rekor tersebut menjadi bagian spesial dalam perayaan satu dekade penyelenggaraan Titan Run yang berlangsung di ICE BSD, Tangerang Selatan, Sabtu (15/8/2026).
Project Director Titan Run 2026, Ailiy, mengatakan pencapaian tersebut membuat penyelenggaraan tahun ini terasa semakin istimewa. Menurutnya, para peserta memiliki peran besar dalam lahirnya rekor MURI tersebut.
""Tahun ini sangat spesial karena kita merayakan 10 tahun Titan Run dan tahun lebih spesial lagi karena Titan Run mendapatkan rekor MURI sebagai penyelenggara lomba lari dengan jarak tempuh 17,8 kilometer. Jadi hari ini sangat spesial. Terima kasih para runners, hari ini bersama-sama membuat histori"" ujar Ailiy dalam rilis yang diterima detikSport.
Berkat pencapaian tersebut, Titan Run kini memiliki dua catatan MURI yang berkaitan dengan karakter khas acara tersebut.
Direktur Titan Group, Victor B. Tanuadji, menyebut keberhasilan Titan Run bertahan selama satu dekade menjadi hal yang patut dibanggakan. Ia menilai konsistensi menjadi salah satu kunci sehingga acara tersebut dapat terus berjalan, termasuk melewati masa sulit ketika pandemi Covid-19.
""Luar biasa, Titan Run sudah 10 tahun, lewat susah dan senangnya. Dari Covid kita bisa bangkit lagi pelan-pelan. Yang saya banggakan kepada tim panitia Titan Run adalah selalu konsisten dalam 10 tahun ini,"" kata Victor.
Pada penyelenggaraan tahun ini, jumlah peserta juga mengalami peningkatan. Setelah sekitar 5.000 peserta ambil bagian pada tahun lalu, Titan Run 2026 diikuti 6.000 pelari.
Menurut Victor, peningkatan jumlah peserta menjadi sinyal positif bagi keberlangsungan acara ini. Namun, pihak penyelenggara tetap mempertimbangkan kenyamanan pelari ketika menentukan kapasitas peserta.
""Yang bisa saya banggakan adalah konsistensi tim panitia yang sudah sepuluh tahun edisi Titan Run digelar. Semua peserta selalu senang dalam mengikuti acara ini,"" ucap Victor.
Selain mempertahankan jarak 17,8 kilometer, Titan Run juga mempertahankan sejumlah karakteristik yang telah melekat selain ini. Salah satunya adalah penyediaan makanan dan minuman bagi peserta secara gratis setelah menyelesaikan lomba.
Project Lead Titan Run 2026, Vickers Gunawan menjelaskan makanan yang disediakan mengusung konsep kuliner Nusantara. Sajian tersebut menjadi bagian dari upaya Titan Run menghadirkan nuansa perayaan kemerdekaan Indonesia yang bertepatan dengan momentum 17 Agustus.
""Kita menyiapkan makanan dan minuman untuk seluruh peserta free, tapi untuk makan di tempat dan tidak dibawa pulang. Kita sajikan berupa makanan Nusantara,"" tutur Vickers.
Khusus peserta kategori 17,8 kilometer, panitia juga menyiapkan area atau tenda khusus untuk memastikan mereka tetap memperoleh makanan setelah menyelesaikan lari.
Dari sisi fasilitas, Vickers menyebut penyelenggara juga mempertahankan sejumlah standar pendukung, seperti medical station dan water station. Penempatan titik air minum disebut telah diperhitungkan berdasarkan jarak agar kebutuhan pelari tetap terpenuhi.
Untuk penyelenggaraan berikutnya, Titan Run membuka kemungkinan melakukan penyesuaian pada rute agar pengalaman berlari menjadi lebih nyaman. Namun, penyelenggara tetap ingin mempertahankan konsep utama acara tersebut.
Titan Run juga berkomitmen mempertahankan tradisi menggelar lomba lari sebagai bagian dari perayaan Hari Kemerdekaan Indonesia. Konsistensi itu menjadi salah satu identitas acara yang telah berjalan selama 10 tahun.
Dengan kembali mencatatkan rekor MURI, Titan Run 2026 bukan hanya menandai satu dekade perjalanan penyelenggaraan. Ajang tersebut juga menunjukkan upaya mempertahankan identitas melalui jarak 17,8 kilometer yang kini menjadi bagian penting dari karakter Titan Run.
Berikut daftar pemenang Titan Run 2026:
Kategori 17,8 kilometer
Pria
1. Robi Syianturi
2. Immanuel Hutasoit
3. Argo Katiga
Wanita
1. Isania Tarigan
2. Ina Lydia
3. Marhaendrassiwi Dyahprasetyo
Kategori 10 kilometer
Pria
1. Pandu Sukarya
2. Julkipri Hutapea
3. Hendrik Nainggolan
Wanita
1. Aprilia Kartina
2. Anjellika BR Ginting
3. Inge Prasetyo
Kategori 5 kilometer
Pria
1. Jupianto Sembiring
2. Danu Maarif
3. Akbar Maulana
Wanita
1. Desi Kristiani
2. Dwi Sagita
3. Maria Suparno
(ran/bay)",sport,https://sport.detik.com/sport-lain/d-8620390/titan-run-2026-raih-rekor-muri
81,"Pesan tersebut disampaikan Erick saat membacakan amanat Presiden Prabowo Subianto dalam Upacara Peringatan Hari Pramuka ke-65 dan Jambore Nasional XII.
Momentum Hari Pramuka tahun ini berdekatan dengan peringatan HUT ke-81 Kemerdekaan RI yang jatuh pada 17 Agustus. Karena itu, Pramuka diharapkan tidak hanya menjadi kegiatan ekstrakurikuler, tetapi turut berperan dalam membentuk karakter generasi muda.
""Indonesia Emas 2045 adalah masa depan kalian. Bapak Presiden berpesan agar adik-adik Pramuka terus belajar, berlatih, berkarya, dan menjaga persatuan bangsa,"" kata Erick dalam keterangan tertulisnya, Sabtu (15/8/2026).
Menurut Erick, ada tiga karakter penting yang perlu dimiliki pemuda untuk menyongsong Indonesia Emas 2045, yakni patriotik, gigih, dan berempati. Ketiga nilai tersebut telah masuk dalam Desain Besar Karakter Pemuda Indonesia yang disusun Kemenpora.
Pembentukan karakter, kata Erick, tidak cukup hanya melalui pendidikan di dalam kelas. Pengalaman, latihan, keteladanan, serta lingkungan yang baik juga dibutuhkan sejak bangku sekolah hingga perguruan tinggi.
""Karakter tidak terbentuk dalam satu hari dan tidak cukup hanya melalui pelajaran di dalam kelas. Pembentukan karakter terjadi melalui latihan, pengalaman, keteladanan, dan lingkungan yang baik sejak bangku sekolah hingga perguruan tinggi,"" ujar Erick.
Pramuka Diminta Adaptif
Tantangan pembentukan karakter pemuda semakin besar di tengah perkembangan teknologi dan derasnya arus informasi. Karena itu, Gerakan Pramuka didorong mampu beradaptasi dengan perkembangan zaman tanpa meninggalkan nilai-nilai dasarnya. Disiplin, gotong royong, dan kepedulian sosial tetap menjadi bagian penting dalam pembinaan generasi muda.
Upaya tersebut juga membutuhkan sinergi lintas kementerian, khususnya Kemenpora, Kementerian Pendidikan Dasar dan Menengah, serta Kementerian Pendidikan Tinggi, Sains, dan Teknologi.
Dengan demikian, Pramuka diharapkan tidak berhenti sebagai kegiatan kepanduan, tetapi menjadi salah satu ruang bagi generasi muda untuk membangun karakter dan kemampuan menghadapi tantangan masa depan.
Pesan tersebut disampaikan menjelang HUT ke-81 RI, dengan generasi muda ditempatkan sebagai bagian penting dalam upaya mewujudkan Indonesia Emas 2045.
(mcy/krs)",sport,https://sport.detik.com/sport-lain/d-8620017/jelang-hut-ri-ini-pesan-menpora-di-peringatan-hari-pramuka
82,"Asia Cross Country Rally (AXCR) 2026 sudah menjalankan paruh pertama kompetisi. Bagaimana kiprah pereli Indonesia Memen Harianto?
Mewakili Indonesia di ajang AXCR 2026, Memen yang mengendarai Toyota Hilux Revo mampu mempertahankan laju kompetitif sedari awal balapan, Minggu (9/8) sekaligus memperlebar keunggulannya di kelas T1G FFA bensin.
Memasuki Leg 4 yang berlangsung Kamis (13/8), Memen kembali mencatat hasil positif dengan menjadi pemenang di kelas T1G FFA bensin. Dia mengawali etape dari posisi start overall ke-11 dan menyelesaikan etape di posisi ke-13 overall pada klasemen gabungan kendaraan diesel dan bensin.
Hasil tersebut menjadi puncak dari performa yang terus meningkat sejak awal reli. Pada hari pertama, Memen masih tertinggal sekitar tiga menit dari rival terdekat. Namun, situasi berubah pada hari kedua ketika ia mampu mengambil alih keunggulan sekitar satu menit.
Tekanan terus diberikan pada hari berikutnya. Keunggulannya bertambah menjadi delapan menit pada hari ketiga dan kembali melebar hingga 14 menit setelah menyelesaikan Leg 4.
""Persaingannya sangat rapat banget. Antar peserta waktunya mepet-mepet,"" ujar Memen dalam rilis kepada detikSport.
Menariknya, pencapaian tersebut diraih bukan tanpa hambatan. Pada Leg 1, Memen sempat kehilangan waktu setelah wiper Toyota Hilux tidak mampu membersihkan kaca depan yang dipenuhi lumpur. Setelah menghentikan mobil, ia baru menyadari plastik pelindung pada wiper ternyata belum dilepas.
Akibat insiden tersebut, posisinya sempat dilewati 4-5 peserta.
Persoalan teknis kembali muncul pada hari kedua. CV joint kiri pada as roda depan mengalami kerusakan ketika mobil melaju di lintasan licin dan berlumpur. Kondisi tersebut bahkan membuat Hilux sempat tersangkut di area sawah selama kurang lebih 10 menit karena tidak menemukan titik winching.
Alih-alih mengendur, Memen justru mampu bangkit pada Leg 3. Berangkat dari posisi ke-23, ia berhasil memperbaiki posisi hingga finis di urutan ke-11 overall.
Karakter lintasan yang menyerupai trek sprint rally di Indonesia turut membantu gaya balap Memen. Namun, tantangan belum selesai. Pada SS3, gearbox sempat terkunci di gigi empat ketika jarak menuju finis masih sekitar 40-50 kilometer.
Memen pun harus menyelesaikan sisa etape tanpa menggunakan gigi empat hingga mencapai garis finis.
""Kalau tidak ada issue, harusnya aman. Catatan waktunya rapat banget,"" katanya.
Selain masalah gearbox, sistem AC Toyota Hilux juga mengalami kendala sejak Leg 3 dan masih dalam proses perbaikan.
Di tengah berbagai persoalan tersebut, Memen memilih pendekatan yang lebih terukur. Ia menyadari karakter kendaraan lawan, termasuk Suzuki Jimny, memiliki keunggulan tersendiri dalam menghadapi sejumlah kondisi lintasan.
Karena itu, strategi Memen bukan hanya mengejar waktu tercepat, tetapi juga menjaga mobil tetap berada dalam kondisi yang memungkinkan untuk menyelesaikan setiap etape.
Dengan separuh perjalanan AXCR 2026 telah dilewati, Memen kini memiliki modal penting berupa keunggulan 14 menit di kelasnya. Tantangan berikutnya adalah mempertahankan konsistensi Toyota Hilux Revo agar bisa mencapai garis finis.
(mrp/mrp)",sport,https://sport.detik.com/sport-lain/d-8619150/bagaimana-kiprah-pereli-indonesia-di-axcr-2026
83,"I Gede Siman Sudartawa belum menutup kariernya di kolam renang. Perenang senior itu masih mendapat kesempatan memperkuat Indonesia di Asian Games 2026 Aichi-Nagoya, Jepang.
Kepastian tersebut disampaikan Wakil Ketua Umum I Bidang Pembinaan Prestasi dan Sport Science PB Akuatik Indonesia, Wisnu Wardhana. Siman masuk proyeksi tim renang Indonesia untuk Asian Games setelah memenuhi kriteria yang ditetapkan, salah satunya berkat medali yang diraihnya pada SEA Games 2025.
Pada SEA Games 2025 Thailand, Siman meraih medali perunggu nomor 50 meter gaya punggung putra dengan catatan waktu 25,49 detik. Medali emas menjadi milik juniornya, Jason Donovan Yusuf, yang mencatatkan waktu 25,36 detik.
Hasil tersebut turut membuat Siman memenuhi kriteria yang digunakan dalam penentuan atlet proyeksi Asian Games 2026, sesuai hasil Tim Review Peningkatan Prestasi Olahraga Nasional (PPON) Kementerian Pemuda dan Olahraga (Kemenpora).
""Memang (Siman Sudartawa) sempat berniat pensiun. Tapi setahu saya belum ada statment resmi,"" kata Wisnu kepada detikSport, dalam sambungan telepon.
Namun, peluang tampil di Asian Games membuat Siman masih memiliki satu target yang ingin dituntaskan.
""Tapi pada perkembangannya memang masih ada hal yang masih bisa dituntaskan, yaitu mencoba mendapat medali di Asian Games. Karena waktu 2018, dia nyaris, dan secara kriteria Siman pun masuk proyeksi Asian Games karena dapat medali SEA Games kemarin.""
""Jadi dia masuk kriteria PPON dan memang masih diberi kesempatan, karena secara kriteria juga layak masuk skuad Asian Games,"" ujarnya.
Delapan Tahun Lalu Siman Gagal Raih Medali
Asian Games bukan panggung baru bagi Siman. Ia sudah tampil di ajang tersebut sejak 2010 dan pernah nyaris meraih medali pada edisi 2014 di Incheon.
Pada Asian Games 2014, Siman finis keempat nomor 50 meter gaya punggung. Empat tahun kemudian, saat Indonesia menjadi tuan rumah Asian Games 2018, ia kembali gagal naik podium dan finis kelima dengan waktu 25,29 detik.
Padahal, Siman sempat tampil menjanjikan pada babak penyisihan 50 meter gaya punggung Asian Games 2018. Ia mencatatkan waktu 25,01 detik, sekaligus memecahkan rekor nasional yang saat itu juga menjadi catatan terbaiknya.
Karena itu, kesempatan tampil di Aichi-Nagoya 2026 bisa menjadi peluang bagi Siman untuk kembali memburu medali Asian Games. Kini, perannya juga tidak sebatas mengejar prestasi pribadi.
Siman Disiapkan Jadi Mentor Jason
PB Akuatik Indonesia melihat keberadaan Siman sebagai bagian dari proses regenerasi renang nasional. Siman diharapkan bisa menjadi mentor bagi para perenang muda, termasuk Jason Donovan Yusuf dan Farrel Armandio Tangkas.
Pengalaman Siman tampil di berbagai ajang internasional dinilai dapat membantu para junior, terutama dalam menghadapi tekanan dan membangun kepercayaan diri di level multievent.
""Kami melihat regenerasi sudah ada dan dia sudah paham dan tahu ada juniornya ada Farrel (Armandio Tangkas) dan Jason. Cuma kita harus melakukan peralihan ini dengan baik,"" ujarnya.
Peran tersebut bahkan sudah terlihat ketika Indonesia tampil di SEA Games 2025. Siman disebut aktif memberikan masukan kepada para perenang muda.
""Di SEA Games, dia banyak kasih masukan ke juniornya, tak hanya Jason tapi yang lain. Keberadaan dia sebagai perenang dan mentor.""
Pengalaman tersebut akan semakin penting di Asian Games 2026. Jason, yang menjadi salah satu harapan baru renang Indonesia, akan menghadapi multiajang level Asia untuk pertama kalinya.
""Itu juga yang kami perlukan karena Jason baru pertama kali tampil di Asian Games. Selain, tentu kami juga berharap Siman bisa beri terbaik untuk Indonesia karena waktu terbaik dia tak terlalu jauh dengan waktu terbaiknya.""
Renang Indonesia Bidik Medali
Asian Games Aichi-Nagoya dijadwalkan berlangsung pada 19 September hingga 4 Oktober 2026. PB Akuatik Indonesia tidak hanya membawa misi regenerasi. Target medali tetap menjadi sasaran tim renang Indonesia. Wisnu menyebut capaian waktu para atlet juga penting karena akan menjadi bagian dari pemetaan menuju kualifikasi Olimpiade.
""Targetnya tetap berusaha dapat medali. Jadi yang kami harapkan capai target waktu masing-masing karena dari sini kami bisa memetakan meloloskan atlet ke Olimpiade. Karena tim relay estafet itu yang bisa dapat kesempatan lebih di perorangan untuk lolos limit,"" tegas Wisnu.
Dengan demikian, keberadaan Siman di Asian Games 2026 memiliki dua misi sekaligus. Ia masih diharapkan memberikan kontribusi prestasi, tetapi pada saat yang sama juga menjadi jembatan antara generasi senior dan para perenang muda Indonesia.
Bagi Siman, kesempatan itu sekaligus membuka kembali peluang untuk mengejar medali Asian Games yang belum pernah diraihnya.",sport,https://sport.detik.com/sport-lain/d-8617923/siman-sudartawa-urung-pensiun-masih-diandalkan-indonesia-di-asian-games-2026
84,"Ajang The Indonesia Pro-Am tidak cuma wadah untuk para pegolf profesional beradu kemampuan. Tapi juga bisa mengasah mental para pemain amatir.
The Indonesia Pro-Am presented by Combiphar & Nomura merupakan kompetisi golf profesional-amatir yang rutin digelar sejak 2023. Untuk tahun ini, Gunung Geulis Country Club, Bogor, ditunjuk lagi jadi venue ajang yang dimulai 19-21 Agustus itu.
Turnamen yang menjadi bagian dari kalender Asian Development Tour (ADT) ini diikuti 100 pegolf profesional dan 100 pegolf amatir dalam kompetisi yang tidak hanya menguji kemampuan, tetapi juga membangun pengalaman dan mentalitas kompetitif.
The Indonesia Pro-Am mempertandingkan kategori individual dan pro-am team, dengan total hadiah buat profesional sebesar 150 ribu dolar AS (Rp 2,67 miliar), yang terdiri dari 125 ribu dolar AS untuk kategori individual dan 25 ribu dolar AS untuk kategori pro-am.
Pada dua putaran pertama, peserta akan bermain di East dan West Course Gunung Geulis sebelum memasuki babak final.
The Indonesia Pro-Am menjadi kesempatan bagi pegolf amatir Indonesia untuk merasakan atmosfer pertandingan bersama para profesional. Dalam tiga edisi sebelumnya, kolaborasi profesional dan amatir juga telah menghasilkan pasangan juara dari Thailand, Malaysia, Australia, dan Indonesia.
Penyelenggaraan tahun ini menjadi semakin istimewa bagi Combiphar, yang pada 2026 merayakan 55 tahun perjalanan sebagai perusahaan yang terus berkomitmen untuk mendorong kehidupan yang lebih sehat melalui semangat ""Championing A Healthy Tomorrow.""
Sebagai salah satu presenting sponsor, keterlibatan Combiphar dalam The Indonesia Pro-Am merupakan bagian dari komitmen jangka panjang perusahaan dalam mendukung perkembangan golf Indonesia. Combiphar sendiri telah mendukung penyelenggaraan event Asian Development Tour di Indonesia sejak 2016.
""Tahun ini sangat spesial bagi Combiphar karena kami merayakan 55 tahun perjalanan. Semangat Championing A Healthy Tomorrow tidak hanya berbicara tentang kesehatan, tetapi juga bagaimana kami dapat menginspirasi masyarakat untuk menjalani gaya hidup yang sehat dan aktif. Melalui The Indonesia Pro-Am, kami ingin memberikan pengalaman kompetitif yang berharga bagi pegolf amatir Indonesia sekaligus terus mendukung para pegolf profesional untuk berprestasi di tingkat internasional,"" ujar Michael Wanandi selaku President Director Combiphar dalam keterangan kepada detikSport.
Pada edisi perdana 2023, pegolf tuan rumah Kevin Caesario Akbar berhasil menjadi juara meraih prestasi. Belajar dari edisi perdana, Combiphar selaku sponsor selalu antusias memberikan kesempatan yang lebih luas bagi pegolf Indonesia untuk belajar, berkompetisi, dan membangun pengalaman bertanding.
Selain Kevin, pegolf tuan rumah yang patut ditunggu aksinay adalah Naraajie Emerald Ramadhan Putra. Naraajie yang telah mengoleksi tiga gelar ADT sebelumnya berhasil finis T3 dengan skor 14-under pada edisi 2025, hanya terpaut satu pukulan dari juara saat itu, Nopparat Panichphol dari Thailand.
Dengan mempertemukan pemain profesional dan amatir dalam satu kompetisi, The Indonesia Pro-Am diharapkan kembali menjadi panggung penting bagi perkembangan golf Indonesia sekaligus menghadirkan pengalaman kompetitif yang dapat membangun mentalitas juara.
(mrp/mrp)",sport,https://sport.detik.com/sport-lain/d-8617678/indonesia-pro-am-arena-pegolf-amatir-asah-mental
85,"Kemenpora kembali memperoleh opini Wajar Tanpa Pengecualian (WTP) dari Badan Pemeriksa Keuangan (BPK). Menpora Erick Thohir menilai capaian tersebut menjadi bukti lain bahwa pembenahan di internal Kemenpora memberikan hasil positif.
""Alhamdulillah kita bertemu BPK, kita dapatkan WTP kembali, dan ini hal yang positif,"" kata Erick dalam keterangan tertulisnya, Kamis (13/8/2026).
Bagi Menpora berusia 56 tahun ini, peningkatan kinerja dan capaian WTP menjadi dua indikator yang menunjukkan berbagai perbaikan terus dilakukan di Kemenpora. Bukti ini sekaligus mengapresiasi kepercayaan Presiden Prabowo Subianto, yang memberikan keleluasaan kepada pihaknya untuk melakukan transformasi birokrasi.
Transformasi birokrasi merupakan salah satu arahan yang diterapkan ke seluruh kementerian dan lembaga. Erick pun bertekad untuk terus menjalankan arahan tersebut dengan melakukan berbagai pembenahan dalam tata kelola pemerintahan.
""Presiden mendorong yang namanya transformasi birokrasi di semua kementerian/lembaga. Alhamdulillah kami juga di Kemenpora melaksanakan arahan dari Presiden dan beliau memberikan keleluasaan untuk kami bertransformasi,"" lanjutnya.
Tak hanya WTP, transformasi yang dilakukan Kemenpora juga terlihat dari peningkatan kinerja yang kini mencapai 83 persen berdasarkan penilaian dari Kemenpan-RB.
""Seperti diinformasikan sebelumnya, contoh kita terjadi peningkatan sekarang mencapai 83 persen. Terima kasih MenPAN-RB yang telah mendampingi kami. Kita akan dorong terus meskipun sudah jauh meningkat,"" pungkas Erick.
(mcy/raw)",sport,https://sport.detik.com/sport-lain/d-8617545/kemenpora-raih-wtp-erick-thohir-bukti-tranformasi-birokrasi-berhasil
86,"Menpora Erick Thohir menyebut dukungan anggaran berkelanjutan untuk Pelatnas sudah mulai dikucurkan. Bukan hanya untuk Asian Games 2026, tapi Olimpiade 2028 hingga persiapan Olimpiade 2032.
""Persiapan atlet itu harus tahunan. Bahkan untuk Olimpiade 2032 mestinya harus dilakukan hari ini (karena) negara lain sudah melakukan,"" kata Erick dalam keterangan tertulisnya, Kamis (13/8/2026).
Anggaran ini sekaligus menjadi bukti komitmen Presiden Prabowo Subianto dalam membangun prestasi olahraga nasional lewat program pemusatan latihan nasional jangka panjang.
Bukti paling nyata ada di Asian Games 2026 Aichi-Nagoya. Anggaran Pelatnas yang awalnya hanya Rp81 miliar, naik jadi Rp127 miliar. Bahkan, pemerintah kembali menambah Rp95 miliar sehingga totalnya menjadi Rp222 miliar khusus untuk Pelatnas.
Itu belum termasuk Rp61 miliar lain yang disiapkan untuk biaya pemberangkatan kontingen Indonesia ke Jepang.
""Kami bedakan anggaran Pelatnas dan pengiriman kontingen. Tapi ujungnya tetap satu: untuk prestasi terbaik di Asian Games,"" jelas Erick.
Erick Thohir juga mengapresiasi Menkeu Purbaya Yudhi Sadewa yang mengamini arahan Presiden. Dukungan itu, kata Menpora berusia 56 tahun itu, sudah terasa sejak tahun ini dengan adanya anggaran untuk Olimpiade 2028.
Anggaran SEA Games pun sudah disiapkan dan nilainya akan jauh lebih besar tahun depan.
Erick lantas meminta seluruh pihak menjaga penggunaan anggaran secara transparan dan bertanggung jawab.
""Kita tak boleh menyalahgunakan. Kalau para atlet disunat anggarannya, lapor kita. Nanti kita lapor ke BPKP atau BPK. Kita harus tuntaskan hal korupsi. Kita harus bersih dan perlindungan atlet jadi yang utama.""
Dengan dana besar yang dikucurkan H-1 bulan menuju Asian Games, Erick Thohir berharap seluruh cabor sudah tidak lagi ragu-ragu.
Di Asian Games, Indonesia menargetkan empat medali emas. Target itu diharapkan datang salah satunya dari bulutangkis.
""Sudah final. Persiapan cabang olahraga yang selama ini mungkin sudah berjalan tapi masih ragu-ragu, kembali kami bantu,"" ujarnya.
""Bulutangkis, angkat besi, dan panjat tebing kita minta berjibaku. Itu tumpuan kita. Lalu ada cabor lain yang berpotensi perak, siapa tahu bisa naik jadi emas,"" pungkas Erick.
(mcy/aff)",sport,https://sport.detik.com/sport-lain/d-8617358/anggaran-pelatnas-asian-games-naik-bukti-komitmen-presiden
87,"Atlet panah Indonesia Diananda Choirunisa kembali ke Pelatnas Asian Games 2026 setelah melahirkan anak keduanya. Belum genap sebulan setelah persalinan, Diananda sudah kembali berlatih dan langsung membidik performa terbaik di Aichi-Nagoya.
Diananda sebelumnya sempat menepi dari persiapan menuju Asian Games 2026 karena menunggu kelahiran anak keduanya. Buah hatinya lahir pada 15 Juli 2026 dan diberi nama Danisha Azka Azzahra.
Kini, Diananda sudah kembali bergabung dalam latihan bersama tim panahan Indonesia di Pelatnas Lapangan Panahan GBK, Jakarta, pada pekan ini. Pepanah yang akrab disapa Anis itu pun langsung mengarahkan fokusnya untuk mengejar kondisi terbaik setelah menjalani masa istirahat pascamelahirkan.
""Sekarang saya fokus dan berusaha sebaik mungkin agar dapat memberikan yang terbaik di Asian Games dan meraih tiket Olimpiade 2028,"" ujar Anis, sapaan karibnya, mengutip laman media sosial Indonesia.archery, Rabu (12/8/2026).
Kembalinya Diananda membuat persiapan tim panahan Indonesia menuju Asian Games 2026 semakin lengkap. Sebelumnya, Pengurus Pusat Persatuan Panahan Indonesia (PP Perpani) menyiapkan 10 atlet untuk berlaga di pesta olahraga Asia yang berlangsung pada 19 September-4 Oktober 2026 di Jepang tersebut.
Perpani Bidik Medali Perak
PP Perpani memasang target medali untuk Asian Games 2026. Sekretaris Jenderal PP Perpani Irawadi Hanafi sebelumnya menyebut target Indonesia adalah meningkatkan pencapaian dari edisi sebelumnya.
""Target kami inginnya meningkat menjadi perak karena Asian Games 2023 kami dapat perunggu. Tapi itu sebelum ada masalah efisiensi, karena kalau bisa perak kan sudah capai final. Bisa dapat emas juga. Tapi dengan kondisi ini kami akan maksimal,"" kata Irawadi.
Target tersebut menjadi tantangan bagi Diananda dan rekan-rekannya. Diananda sendiri sudah memiliki pengalaman meraih medali di Asian Games.
Pada Asian Games 2022 Hangzhou yang digelar pada 2023, Diananda bersama Riau Ega Agatha Salsabila meraih medali perunggu nomor recurve beregu campuran. Mereka mengalahkan wakil Iran dengan skor 6-2 dalam perebutan medali perunggu.
Medali tersebut menjadi salah satu modal Diananda untuk kembali bersaing di Asian Games 2026. Kali ini, setelah melewati fase persiapan yang sempat terganggu karena kehamilan dan persalinan, ia kembali ke Pelatnas dengan target memberikan hasil terbaik sekaligus memburu tiket menuju Olimpiade Los Angeles 2028.",sport,https://sport.detik.com/sport-lain/d-8615649/asian-games-diananda-comeback-latihan-kurang-dari-sebulan-usai-melahirkan
88,"Perkenalkan, namanya Bilal Hasan. Bilal jadi petarung asal Indonesia yang dapat kontrak di UFC, rekornya sempurna belum pernah kalah. Ngeri!
Dilansir dari ESPN, Bilal Hasan resmi mendapat kontrak bertarung di UFC setelah mengalahkan Mridul Saikia dalam Dana White's Contender Series (DWCS) di Meta Apex, Rabu (12/8) pagi waktu Indonesia.
Bilal menang TKO dengan pukulan lurus kanannya. Mridul terjatuh, Bilal habisi di bawah dan menang hanya dengan 45 detik!
Bilal Hasan setelahnya dapat kontrak dari UFC, jadi orang Indonesia pertama yang sukses meraihnya. Bilal lanjutkan perjuangan dari Jeka Saragih, yang sempat menjajal Road to UFC.
Bilal main di kelas flyweight. The Indo Ninja, begitu julukan petarung berusia 25 tahun tersebut.
Bilal lahir di Hawaii, lalu pindah ke Washington, AS. Orang tuanya berasal dari Jakarta.
Bilal pertama kali debut di dunia MMA profesional pada 2022. Rekor kemenangannya sempurna, 9-0 dengan sekali no contest.
Dari sembilan kemenangan itu, tujuh didapat via TKO, sekali submission, dan sekali decision. Serangan kombinasi jadi andalannya, pernah menang dengan tendangan berputar.
Bilal kini bakal bertualang di UFC. Menariknya, di kelas flyweight sang juara berasal dari Asia Tenggara yakni Joshua Van asal Myanmar. Bilal pun lanjutkan perjuangan Jeka Saragih yang sebelumnya juga bertarung di UFC.
Jalan Bilal masih panjang. Akankah Bilal bisa jadi petarung dari Indonesia yang pertama kali menang di UFC? Kita doakan!
(aff/cas)",sport,https://sport.detik.com/sport-lain/d-8615036/ngerinya-bilal-hasan-petarung-indonesia-yang-dapat-kontrak-ufc
89,"Setelah Jeka Saragih, kini ada Bilal Hasan. Bilal jadi petarung kedua di UFC dan sudah dapat kontrak. Dipuji Dana White lagi.
Dilansir dari ESPN, Bilal Hasan resmi mendapat kontrak bertarung di UFC setelah mengalahkan Mridul Saikia dalam Dana White's Contender Series (DWCS) di Meta Apex, Rabu (12/8) pagi waktu Indonesia.
Bilal menang TKO dengan pukulan lurus kanannya. Mridul terjatuh, Bilal habisi di bawah dan menang hanya dengan 45 detik!
Presiden UFC, Dana White lempar pujian. Kata Dana, Bilal Hasan buktikan dirinya pantas betarung di UFC!
""Dia datang dengan hype yang luar biasa. Benar-benar membuktikan itu,"" katanya.
""Ketika kamu jadi unggulan terbesar dalam sejarah Contender Series dalam 10 tahun, begitulah cara terbaiknya dan kamu benar-benar melakukan itu,"" sambungnya.
""Saya sangat terkesan dengan kamu. Saya tidak sabar menantikan kamu di masa mendatang. Saya sangat tidak sabar menonton pertarungan pertamamu di UFC. Selamat datang,"" sambungnya.
Bilal Hasan punya julukan The Indo Ninja. Usianya 25 tahun, Bilal lahir di Oahu, Hawaii dan pindah ke Washington saat berusia 10 tahun. Bilal punya rekor kemenangan di MMA 9-0.
""Indonesia terima kasih buat semua dukungannya, Alhamdulillah menang malam ini. Insya Allah kita segera bertanding secepatnya, aku cinta kalian semua,"" ujar Bilal.
(aff/raw)",sport,https://sport.detik.com/sport-lain/d-8614856/satu-lagi-petarung-indonesia-di-ufc-bilal-hasan
90,"Pelari perempuan Indonesia berkesempatan ambil bagian di Nagoya Women's Marathon 2027. Ini merupakan ajang khusus perempuan yang terbesar di dunia.
Nagoya Women's Marathon 2027 akan digelar di Nagoya, Aichi, Jepang, pada Minggu, 14 Maret 2027. Pendaftaran bagi peserta internasional resmi dibuka mulai Selasa, 11 Agustus 2026.
Nagoya Women's Marathon dikenal sebagai maraton khusus perempuan terbesar di dunia dan telah memperoleh sertifikasi Guinness World Records. Ajang ini juga menyandang status World Athletics Platinum Label, level tertinggi dalam klasifikasi lomba lari jalan raya World Athletics.
Pada edisi 2027, kapasitas peserta ditambah sebanyak 2.000 pelari menjadi 22.000 peserta. Sebanyak 3.500 kuota diberikan untuk pelari internasional.
Perlombaan ini terbuka bagi perempuan dari berbagai usia dan tingkat kemampuan, mulai dari mereka yang baru pertama kali mengikuti maraton hingga pelari berpengalaman yang mengejar personal best.
Seluruh peserta akan menempuh jarak 42,195 kilometer dengan titik start dan finis di Vantelin Dome Nagoya. Karakter lintasan yang relatif datar serta batas waktu tujuh jam menjadi salah satu alasan perlombaan ini ramah bagi pelari dengan beragam level kemampuan.
Periode Early Entry berlangsung pada 11-24 Agustus 2026 dengan biaya pendaftaran sebesar JPY 24.000 (sekitar Rp 2,6 juta), sedangkan Regular Entry dibuka pada 25 Agustus-23 September 2026 dengan biaya JPY 25.000 (Rp 2,8 juta). Kuota menggunakan sistem first come, first served dan biaya pemrosesan tambahan akan diberlakukan.
Kaum pria juga bisa berpartisipasi di event ini karena penyelenggara juga menggelar Nagoya City Marathon 2027 pada hari yang sama. Dua kategori yang tersedia adalah Half Marathon serta Nagoya RUN sejauh 8,5 kilometer.
Untuk Nagoya City Marathon, biaya pendaftaran internasional ditetapkan sebesar JPY 17.000 (Rp 1,9 juta) untuk Half Marathon dan JPY 13.000 (Rp 1,4 juta) untuk Nagoya RUN 8,5 km.
Salah satu ciri khas Nagoya Women's Marathon adalah hadiah eksklusif untuk setiap finisher. Pelari yang berhasil mencapai garis finis akan menerima tumbler kristal Baccarat yang dibuat khusus untuk ajang tersebut. Baccarat merupakan rumah kristal mewah asal Prancis dengan sejarah lebih dari 260 tahun. Desain tersebut akan diperkenalkan pada Marathon EXPO yang berlangsung sehari sebelum perlombaan.
Tak hanya mengedepankan kompetisi, penyelenggara juga menempatkan kenyamanan dan keamanan pelari sebagai prioritas. Dukungan medis, ketersediaan toilet dalam jumlah banyak, ruang ganti yang luas hingga penggunaan stadion beratap sebagai area start dan finis menjadi bagian dari fasilitas yang disiapkan bagi peserta.
Dengan konsep tersebut, Nagoya Women's Marathon ingin mempertahankan identitasnya sebagai the world's greatest stage for women to shine, sebuah panggung bagi perempuan untuk merayakan kemampuan dan pencapaian mereka melalui olahraga.
(ran/pur)",sport,https://sport.detik.com/sport-lain/d-8614480/pelari-indonesia-berkesempatan-tampil-di-nagoya-womens-marathon-2027
91,"UFC 330 akan menyajikan duel utama Islam Makhachev Vs Ian Garry. Bakal jadi adu striking atau adu gulat, nih?
UFC 330 akan main di Xfinity Mobile Arena, Philadelphia, AS pada Minggu (16/8). Duel utamanya adalah Islam Makhachev Vs Ian Garry.
Islam Makhachev selaku pemegang sabuk juara kelas welter. Ian Garry selaku penantang gelar, nomor dua di kelas welter saat ini.
Islam Makhachev bakal kali pertama pertahankan sabuk juara di kelas welter, yang sebelumnya menang atas Jack Della Maddalena. Ketika itu, Islam mengaku main aman.
""Saya tidak puas dengan pertarungan menghadapi Jack. Saya hanya mau menguncinya demi menangkan gelar,"" ungkapnya dalam wawancara dengan MMA Junkie.
""Nanti hadapi Ian, saya mungkin akan menuntaskannya dengan KO,"" sambungnya.
Ian Garry kuat dalam pertarungan striking. Rekor kemenangannya lewat duel atas adalah tujuh kali, dari total 17 kemenangan di MMA.
""Saya akan hadapi Islam dengan cara apapun. Saya berani bergulat dengannya, saya punya teknik bertahan yang bagus,"" tegasnya.
Islam Makhachev punya rekor lima kemenangan dari total 28 kemenangan di MMA via TKO. Paling banyak menang dari pertarungan gulat, 13 kali.
Islam belum pernah kalah saat beradu gulat. Menariknya, Ian juga tidak pernah saat beradu gulat.
Lima kemenangan terakhir Ian didapat dari decision. Lima kemenangan terakhir Islam adalah dua decision, dua submission, dan sekali KO.
(aff/rin)",sport,https://sport.detik.com/sport-lain/d-8614060/islam-makhachev-vs-ian-garry-adu-striking-atau-adu-gulat
92,"Tim CdM bakal memaksimalkan puluhan ribu warga negara Indonesia di Asian Games 2026 Aichi-Nagoya. Dukungan ini penting bagi atlet-atlet yang akan berlaga di pesta olahraga empat tahunan tersebut.
Demikian disampaikan Wakil CdM Asian Games Harry Warganegara saat meninjau pemusatan latihan nasional soft tenis di kawasan Kebayoran Lama, Jakarta Selatan, Selasa (11/8/2026).
Menurut Harry, keberadaan masyarakat Indonesia di Nagoya menjadi potensi dukungan tersendiri. Diperkirakan terdapat sekitar 28.000 warga Indonesia di wilayah tersebut.
""Kami sudah berkomunikasi dengan masyarakat Indonesia di Nagoya dan nantinya akan melibatkan mereka sebagai relawan untuk membantu kontingen, misalnya dalam arrival-departure, transportasi, maupun kebutuhan lainnya,"" katanya.
Untuk mendukung kontingen selama berada di Jepang, Indonesia juga akan memiliki Rumah Indonesia di Nagoya sebagai pusat aktivitas Komite Olimpiade Indonesia (KOI), tim CdM, atlet, ofisial, hingga masyarakat Indonesia yang ingin memberikan dukungan.
Tim CdM bahkan menyiapkan makanan khas Indonesia yang akan dipesan dari katering lokal. Namun, Harry mengingatkan bahwa aturan membawa makanan ke Jepang cukup ketat, terutama makanan yang mengandung daging atau produk olahan tertentu.
""Kalau sebelum bertanding mungkin tidak boleh. Tetapi setelah selesai bertanding, sebelum kembali ke Indonesia, kami berharap atlet dan ofisial bisa mampir ke Rumah Indonesia untuk menikmati makanan khas Indonesia yang dibuat oleh orang-orang Indonesia di Nagoya,"" tuturnya.
""Sedangkan soal hal-hal teknis, khususnya seperti yang ada di soft tenis ini, kami serahkan kepada cabang olahraga, pengurus, dan pelatih. Tugas kami lebih kepada memastikan kebutuhan nonteknis atlet dan ofisial dapat terpenuhi dengan baik,"" jelas Harry.
Sehubungan itu, tim CdM bersama Komite Olimpiade Indonesia (KOI) telah mengunjungi sekitar 20 hingga 21 cabang olahraga guna memantau kesiapan masing-masing kontingen.
Dari kunjungan tersebut, ditemukan kebutuhan yang berbeda di setiap cabang olahraga, mulai dari penyesuaian jadwal keberangkatan hingga kebutuhan perlengkapan dan venue pertandingan.
""Untuk keberangkatan dan kebutuhan utama kontingen, pemerintah sudah menyiapkannya. Tinggal memastikan semuanya terdistribusi dengan baik. Informasi dari Pak CdM dan Kemenpora, paling lambat dalam minggu-minggu ini semuanya sudah terdistribusi,"" ujarnya.
Selain itu, koordinasi teknis dengan cabang olahraga juga terus dilakukan, termasuk menyangkut sport entry, pencocokan data atlet dengan paspor, seragam hingga kebutuhan keberangkatan. Indonesia menurunkan 432 atlet dari 35 cabang olahraga di Asian Games 2026.",sport,https://sport.detik.com/sport-lain/d-8613919/asian-games-2026-menanti-dukungan-puluhan-ribu-wni-di-nagoya
93,"Asian Games 2026 akan berlangsung pada 19 September-4 Oktober 2026. Khusus cabang balap sepeda, pertandingan dijadwalkan berlangsung pada 20 September-2 Oktober. Balap sepeda akan terbagi dalam lima disiplin, yakni Road Race, Mountain Bike (MTB), BMX Freestyle, BMX Racing, dan Track.
Nomor Road Race akan digelar di Circuit Course Shinshiro City pada 20-23 September. Setelah itu, nomor Mountain Bike berlangsung di Obata Ryokuchi Park pada 24-25 September.
BMX Freestyle kemudian digelar di Aichi Sky Expo pada 26-27 September. Sehari berselang, giliran BMX Racing yang berlangsung di Nagoya Velodrome BMX Race pada 28 September. Rangkaian balap sepeda ditutup nomor Track di Izu Velodrome pada 29 September-2 Oktober.
Balap Sepeda Indonesia Bidik 4 Emas
ICF memasang target tinggi di Aichi-Nagoya. Balap sepeda Indonesia membidik empat medali emas. Sekretaris Jenderal ICF Jadi Rajagukguk menyebut target tersebut berasal dari empat nomor, yakni BMX putri, balap sepeda jalan raya putri, MTB, dan trek.
""Target kami adalah mendapatkan 4 medali emas, satu di BMX Putri, satu di Balap Sepeda Jalan Raya Putri, satu di MTB, dan satu di Trek,"" kata Jadi.
Optimisme tersebut didasarkan pada posisi para atlet Indonesia dalam persaingan di level Asia.
""Semua berdasarkan data ranking. Rata-rata atlet kita berada di lima besar Asia, bahkan ada yang peringkat satu, dua, dan tiga. Itu yang membuat kami optimistis, meski hasil pertandingan tetap ditentukan oleh performa atlet dan faktor keberuntungan,"" tegasnya.
Daftar 21 Atlet Balap Sepeda Indonesia
Berikut daftar lengkap atlet Indonesia yang akan tampil di Asian Games Aichi-Nagoya 2026:
BMX Racing
- Amellya Nur Sifa
- Jasmine Az Zahra Setyobudi
- Rio Akbar
- Fasya Ahsana Rifki
Road Race Putri
- Ayustina Delia Priatna
- Dewika Mulya Sova
- Andini Putri Anastasya
Road Race Putra
- Muhammad Syelhan Nurrahmat
- Maulana Astnan Al Hayat
- Muhammad Hafizh
BMX Freestyle
- Gilang Febriansyah
Mountain Bike (MTB) Cross Country
- Zaenal Fanani
- Feri Yudoyono
- Sayu Bella Sukma Dewi
- Vara Sefti Rahmadani
Track Endurance
- Bernard Benyamin Van Aert
- Muhammad Andy Royan
- Terry Yudha Kusuma
- Julian Abi Manyu
Track Sprint
- Dika Alif Dhentaka
- Dhia Tsabit AZ Zakky Sutaryo
Dengan komposisi 21 atlet tersebut, Indonesia akan berusaha memenuhi target empat emas yang telah dipasang ICF di Asian Games 2026 Aichi-Nagoya.
(mcy/krs)",sport,https://sport.detik.com/sport-lain/d-8613840/daftar-21-atlet-balap-sepeda-indonesia-di-asian-games-2026
94,"Soft tenis Asian Games 2026 akan digelar di Nagoya City Higashiyama Park Tennis Center pada September mendatang. Jepang sebagai tuan rumah menjadi salah satu kekuatan utama yang harus dihadapi Indonesia.
Dua atlet Indonesia, Tio Juliandi Hutauruk dan Allif Nafiiah, menjadi bagian dari skuad yang dipersiapkan tampil di Nagoya. Keduanya menyadari persaingan di level Asia tidak mudah.
Allif yang akan menjalani Asian Games keduanya mendapat gambaran mengenai kekuatan lawan setelah mengikuti try out di Korea Selatan pada Juni lalu. Indonesia membawa pulang tiga medali perunggu dari ajang tersebut, masing-masing melalui tunggal putri, ganda campuran, dan ganda putri.
Pengalaman itu sekaligus membuat Allif semakin memahami level persaingan yang akan dihadapi di Asian Games.
""Memang saat try out di Korea dengan melihat persaingan di internasional kayak Taiwan, Jepang, Korea, (bisa dibilang) kami masih jauh ya untuk persaingan melawan mereka,"" kata Allif usai latihan di Lapangan Soft Tenis di kawasan Kebayoran Lama, Selasa (11/8/2026).
Meski demikian, Allif tidak ingin menjadikan hasil uji coba tersebut sebagai alasan untuk pesimistis. Ia percaya persiapan yang dilakukan bersama tim bisa menjadi modal untuk tampil maksimal di Jepang.
""Tapi kami tetap optimistis dengan kemampuan yang ada, dengan fasilitas yang diberikan oleh negara, sama dukungan pelatih, manajer, dan ketua. Kamu optimistis buat memberikan yang terbaik untuk Indonesia di Nagoya, Jepang,"" tegas Allif.
Angin Bisa Pengaruhi Arah Bola
Selain kekuatan lawan, kondisi lapangan dan cuaca di Jepang juga menjadi perhatian. Allif menilai tim Indonesia membutuhkan proses adaptasi sebelum bertanding.
Soft tenis menggunakan bola karet yang jauh lebih ringan dibandingkan bola tenis lapangan. Karakter tersebut membuat kondisi angin menjadi salah satu faktor yang dirasakan pemain ketika mengontrol arah bola.
""Perlu sih (aklimatisasi). Dengan cuaca mungkin ya, dan lapangan. Dengan suhu di sana mungkin agak sejuk ya ketimbang di Jakarta yang panas seperti ini. Memang pengaruh juga ke bola, untuk pantulannya, seperti itu, angin,"" ujar atlet asal Jawa Tengah ini.
Tio juga merasakan hal serupa. Ia memiliki pengalaman menjalani training camp di Jepang ketika mempersiapkan diri menuju Asian Games Hangzhou 2022. Pengalaman tersebut membuat Tio memahami bahwa kondisi angin di Jepang bisa memberikan tantangan tersendiri bagi pemain.
""Kebetulan waktu itu kami sempat training camp di Jepang. Nah, itu anginnya tuh cukup dingin sama besar, jadi berpengaruh dengan arah bola sih sebenarnya,"" kata Tio.
Karakter bola yang ringan memang menjadi salah satu ciri khas soft tenis. Menurut Komite Olimpiade Jepang, bola soft tenis terbuat dari karet dan memiliki bobot yang jauh lebih ringan dibandingkan bola tenis lapangan, sehingga kontrol dan putaran bola menjadi aspek penting dalam permainan.
Karena itu, kemampuan beradaptasi dengan kondisi setempat akan menjadi bagian penting dari persiapan Indonesia sebelum bertanding.
Minim Turnamen, Latihan Dimaksimalkan
Persiapan Indonesia menuju Asian Games memang tidak sepenuhnya ideal. Keterbatasan anggaran membuat tim hanya memiliki satu kesempatan try out internasional di Korea Selatan pada Juni lalu. Tapi kondisi tersebut tidak membuat para atlet mengurangi intensitas latihan.
""Ya, untuk kami masing-masing kebetulan sudah mempersiapkan dengan matang untuk persiapan Asian Games ini. Untuk latihan cukup maksimal dan kebutuhan cukup terpenuhi,"" kata atlet asal Jawa Barat ini.
""Sebenarnya tinggal turnamen (try out) sih, cuma karena turnamen tidak ada, ya apa boleh buat kami maksimal di latihan saja.""
Indonesia akan berusaha meningkatkan pencapaian soft tenis dari Asian Games sebelumnya. Pada Hangzhou 2022 yang digelar pada 2023, Indonesia meraih satu medali perunggu, sementara Jepang tampil sangat dominan dengan merebut empat dari lima medali emas yang diperebutkan.
PP Persatuan Soft Tenis Indonesia (Pesti) sebelumnya mematok target dua medali perak dan satu perunggu di Aichi-Nagoya. Target tersebut tidak ingin menjadi beban bagi para atlet. Bagi Tio, fokus utama adalah memberikan penampilan terbaik, apa pun warna medali yang akhirnya dibawa pulang.
""Targetnya ingin mendapat hasil yang terbaik. Apa pun itu hasilnya dari medali perunggu, perak, atau emas. Kalau kami dari atlet ingin meraih yang terbaik lah untuk Asian Games ini,"" pungkas Tio.
Dengan lawan tangguh seperti Jepang, Korea Selatan, dan Taiwan serta tantangan kondisi lapangan dan angin, soft tenis Indonesia akan menghadapi ujian berat di Nagoya. Namun, para atlet memilih berangkat dengan optimisme dan menjadikan setiap faktor tersebut sebagai bagian dari tantangan yang harus ditaklukkan. (mcy/krs)",sport,https://sport.detik.com/sport-lain/d-8613423/tantangan-terberat-soft-tenis-ri-di-asian-games-tuan-rumah-dan-angin
95,"Persiapan menuju Asian Games 2026 sudah dilakukan sejak Maret. Namun, keterbatasan anggaran membuat tim soft tenis Indonesia hanya mendapat satu kesempatan try out ke luar negeri.
Tim manajer soft tenis Indonesia, Qamariah Ferly Montolalu, mengatakan skuad akan terus mematangkan persiapan hingga keberangkatan ke Jepang pada 15 September mendatang.
""Iya karena memang ada keterbatasan anggaran dari Kemenpora juga, kami hanya mendapat kesempatan satu kali try out di Korea pada Juni kemarin,"" ungkap Ferly saat ditemui seusai latihan di kawasan Kebayoran Lama, Selasa (11/8/2026).
Dalam try out di Korea Selatan tersebut, tim Indonesia mengikuti dua turnamen internasional, yakni di Incheon pada 15-22 Juni dan Sunchang pada 23-29 Juni. Hasilnya, Indonesia membawa pulang tiga medali perunggu.
Meski hanya memiliki satu agenda uji coba internasional, pengalaman tersebut menjadi modal penting untuk memetakan kekuatan calon lawan di Asian Games.
""Sudah mendapat gambaran calon yang kami hadapi di Asian Games, seperti edisi sebelumnya itu Jepang, Korea, dan Taiwan yang cukup dominan untuk cabor ini,"" ujarnya.
Target Dua Perak dan Satu Perunggu
Pada Asian Games 2026, Indonesia akan menurunkan tujuh atlet, terdiri dari lima putra dan dua putri. Mereka adalah Tio Juliandi Hutauruk, Fernando Sanger, Bagus Angga Boedy Pradewa, Rizky Zammy Febrian Laluyan, Muhammad Reza Falevi, Siti Nur Arasy, dan Allif Nafiiah.
Ketujuh atlet tersebut diproyeksikan tampil di lima nomor, yakni beregu putra, ganda putri, tunggal putra, tunggal putri, dan ganda campuran. Dari lima nomor tersebut, Pesti sudah menentukan sektor yang dianggap paling realistis untuk menyumbangkan medali.
""Dua medali perak dan satu medali perunggu. Dari beregu putra, ganda campuran, dan tunggal putri,"" kata Ferly.
Target tersebut sekaligus menunjukkan ambisi soft tenis Indonesia untuk memperbaiki capaian pada dua Asian Games sebelumnya.
Pada Asian Games 2018 Jakarta-Palembang, soft tenis Indonesia mengoleksi satu medali perak dan tiga perunggu. Medali perak diraih Alexander Elbert Sie dari tunggal putra, sedangkan perunggu datang dari tunggal putra, tunggal putri, dan beregu putra.
Sementara pada Asian Games 2022 Hangzhou, yang digelar pada 2023, Indonesia hanya meraih satu medali perunggu dari nomor beregu putra. Dengan demikian, target dua perak dan satu perunggu di Aichi-Nagoya berpotensi menjadi peningkatan dibandingkan pencapaian di Hangzhou.
Jepang, Korea Selatan, dan Taiwan Jadi Tantangan
Ferly menyadari target tersebut tidak mudah. Jepang, Korea Selatan, dan Taiwan menjadi tiga negara yang selama ini memiliki kekuatan besar di cabang soft tenis Asia. Karena itu, Indonesia tidak memasang target emas. Pesti memilih sasaran yang dinilai lebih realistis berdasarkan peta persaingan.
""Iya kalau melihat peta kekuatan cukup berat buat kita (untuk mendapat medali emas). Yang realistis bagi kami adalah medali perak dari beregu putra dan ganda campuran,"" kata Ferly.
Selain dua perak tersebut, tunggal putri menjadi nomor yang diharapkan memberikan satu medali perunggu. Salah satu andalan di sektor putri adalah Siti Nur Arasy. Ia memiliki modal positif setelah menjuarai nomor tunggal putri Pathum Thani International 2025 di Thailand dengan mengalahkan wakil Taiwan Cheng Jul di final.
Soft tenis sendiri akan mempertandingkan lima nomor di Asian Games Aichi-Nagoya 2026, yakni tunggal putra, tunggal putri, ganda campuran, beregu putra, dan beregu putri.
Dengan persiapan yang terus digenjot hingga keberangkatan ke Jepang, tim soft tenis Indonesia berharap keterbatasan uji coba tidak menjadi penghalang untuk memenuhi target medali di Asian Games 2026. (mcy/krs)",sport,https://sport.detik.com/sport-lain/d-8613406/soft-tenis-ri-incar-2-perak-asian-games-minim-uji-coba-tak-halangi-target
96,"Pegokar belia Morgan Holindo Sonmoahi tampil mencengangkan di putaran kelima Eshark Rok Cup Indonesia 2026. Ini jadi jalan dia menuju Italia.
Tampil pada kelas MiniRok Eshark Rok Cup Indonesia Round 5, Minggu (9/8/2026), di Sirkuit Internasional Karting Sentul, Bogor, Jawa Barat, Morgan membuat penonton berdecak kagum dengan aksinya.
Pebalap Dewa United Motorsport itu bermain apik dan konsisten sejak rangkaian balapan sebelumnya. Dari hasil yang dihimpun, Morgan sudah finis pertama sejak Pre Final Minggu pagi. Sebelumnya, ia juga mencatatkan hasil impresif pada sesi-sesi Heat.
Salah satu rival terkuatnya, Michael Vino Satrio, justru harus menerima sanksi pada Heat dan Pre Final. Kondisi tersebut membuat persaingan menuju Final semakin menarik.
Tapi, saat Final dimulai, Morgan membuktikan dirinya memang layak menjadi raja di kelas MiniRok. Ia melaju tenang dan mampu mengundang support lebih dari penonton.
Saat lampu start padam, Morgan langsung melesat dan mengambil posisi terdepan. Tak ingin mengulangi persaingan sebelumnya, Michael Vino langsung memberikan tekanan sejak lap-lap awal. Tekanan demi tekanan datang dari belakang. Tapi, Morgan kali ini tampil sangat rapi dan kalem.
Setiap tikungan dilewati dengan presisi, sementara celah sekecil apa pun yang bisa dimanfaatkan Michael untuk melakukan serangan berhasil ditutup rapat. Michael terus membuntuti sepanjang balapan.
Tapi Morgan mampu menjaga ritme dan konsentrasi hingga lap terakhir. Hingga akhirnya, kibaran bendera finis menjadi penanda kesempurnaan penampilan Morgan.
Morgan finis pertama sekaligus mengunci kemenangan Final A MiniRok Eshark Rok Cup Indonesia Round 5. Penampilan ini menjadi bukti kalau Morgan bukan hanya cepat, tapi juga punya kemampuan menjaga tekanan dan mengontrol balapan ketika berada di posisi terdepan.
""Memang inti dari menang balapan itu adalah tenang dan fokus. Itulah yang saya usahakan lakukan hingga bisa meraih hasil ini,"" tutur Morgan yang punya target tampil di Kejuaraan Dunia Karting di Italia itu.
Masih tersisa satu putaran lagi alias putaran pamungkas September nanti. Apakah Morgan, pelajar kelas 6 Tzu Chi School ini bisa menang lagi dan tampil di Kejuaraan Dunia Italia? Kita tunggu saja.
(mrp/raw)",sport,https://sport.detik.com/sport-lain/d-8613012/juara-eshark-rok-cup-pegokar-muda-ini-berharap-bisa-ke-italia
97,"Fasilitas olahraga di Gelanggang Mahasiswa Soemantri Brodjonegoro (GMSB), Kuningan, Jakarta, kini semakin lengkap. Tersedia lapangan pickleball hingga voli.
Sebelumnya, Soemantri Brodjonegoro, lebih identik dengan lapangan sepakbola yang terletak di jantung Jakarta. Lapangan ini bahkan pernah digunakan klub-klub Indonesia sebagai venue kandang di era Liga Indonesia.
Pengelola kawasan kemudian mengembangkan area ini dengan membangun fasilitas olahraga lain. Bertempat di lokasi strategis, fasilitas ini bisa diakses dengan mudah untuk siapapun yang ingin menggunakan fasilitas olahraga seperti bulutangkis, voli, hingga pickleball.
""Di tengah kesibukan Jakarta yang tidak pernah berhenti bergerak, kita sering kali sibuk mengejar target, pekerjaan, dan berbagai aktivitas. Namun di balik semua itu, ada satu hal yang tidak boleh kita abaikan, yaitu kesehatan,"" kata Kata Presiden Direktur PT Bakrieland Development Tbk, Resza Adikresna, Minggu (9/8/2026).
""Karena ketika tubuh kita sehat, kita bisa bekerja lebih baik, berkarya lebih maksimal, dan menikmati hidup dengan lebih bermakna. Berangkat dari semangat itulah Athlon hadir,"" ujarnya menambahkan.
GMSB sekaligus menjadi fasilitas olahraga cabang kelima Athlon setelah lebih dulu hadir di Bogor, Sentul, Sidoarjo, dan Sawangan (Depok). Belum lama ini, Athlon Sawangan juga diperkenalkan sebagai kawasan olahraga dengan sejumlah fasilitas terbaru.
Wakil Ketua Umum Indonesia Pickleball Federation (IPF), Harlin E Rahardjo, memberikan apresiasi atas dibukanya Athlon GMSB Kuningan. Kehadiran lapangan pickleball diharapkan mampu meningkatkan animo masyarakat dalam menggeluti olahraga ini.
""Pertama-tama saya sangat mengapresiasi dari tim Bakrieland dan eh Bakrie Pesona Rasuna atas dibukanya GMSB Kuningan ini. Yang jelas ini Insyaallah akan bermanfaat ya bagi masyarakat,"" tutur Harlin.
""Kami penggemar pickleball nih, karena memang dengan dibukanya Athlon ini, di awal ada tiga lapangan, itu menambah gairah dari teman-teman untuk memperluas pickleball ini supaya lebih dikenal oleh masyarakat, begitu,"" ucapnya.
(mro/bay)",sport,https://sport.detik.com/sport-lain/d-8611578/fasilitas-olahraga-di-gmsb-jakarta-kini-semakin-lengkap
98,"DMO Garage Pertamax Turbo Fin+ tampil gigih di Asia Pacific Rally Championship (APRC) dan Kejurnas Rally di Sumatera Utara. Sempat insiden, mereka bisa bangkit.
Setelah menghadapi insiden berat pada Leg 1, Sabtu (8/8/2026), pasangan Aldio Oekon dan Respati Adhi atau yang akrab disapa Adhi KZ, berhasil bangkit pada Leg 2. Keduanya meraih hasil yang positif.
Mengandalkan Hyundai i20 N Rally2, Aldio Oekon dan Adhi KZ mengalami insiden mobil terbalik pada Leg 1. Kejadian itu bikin mobil mengalami sejumlah kerusakan, termasuk kaca depan sampai pecah.
Berkat kerja keras kru dan mekanik DMO Garage Pertamax Turbo Fin+, mobil bisa diperbaiki dan ditancap gas lagi di Leg 2. Aldio jadi menghadapi tantangan tersendiri untuk menyelesaikan perlombaan.
Siapa sangka, perjuangannya membuahkan hasil. Aldio, yang sempat terpuruk usai menempati posisi ke-14, bisa bangkit dan menyelesaikan kompetisi dengan sangat baik, yakni menempati peringkat keempat
Secara penuh, ia sukses menyelesaikan seluruh rangkaian perlombaan dengan total waktu 2 jam 31 menit 27,3 detik. Bagi Aldio, keberhasilan menyelesaikan perlombaan setelah mengalami insiden pada hari sebelumnya menjadi bukti penting timnya punya kualitas dan mental baja di lintasan.
""Setelah kejadian di Leg 1, fokus kami sebenarnya sederhana: bagaimana mobil bisa kembali siap dan kami bisa kembali ke lintasan. Kondisinya tentu tidak ideal, apalagi kami sempat mengalami mobil terbalik dan kaca depan pecah. Tapi seluruh tim bekerja sangat keras untuk memperbaiki mobil. Di Leg 2, kami berusaha melupakan apa yang terjadi sebelumnya, fokus dari satu special stage ke special stage berikutnya, dan yang paling penting adalah membawa mobil sampai finis,"" ujar Aldio.
Sementara pasangan Donny M dan Pramurahardjo, yang memacu Subaru WRX STi, juga menghadapi tantangan tersendiri. Di Leg 1, keduanya mengalami kendala kelistrikan pada mobil, yang juga bisa ditangani dengan cepat.
Meski begitu, keberuntungan belum berpihak kepada Donny dan Pramurahardjo. Keduanya kembali mengalami kerusakan, kali ini pada bagian gearbox, yang bikin perjuangannya harus terhenti.
DMO Garage Pertamax Turbo Fin+ di Sumatera Utara membuktikan bisa menghadapi karakter balap reli yang penuh tantangan dan tidak bisa diprediksi. Hasil yang diraih Aldio Oekon dan Respati Adhi jelas menjadi modal penting dan memberi pengalaman berharga dari sisi teknis maupun nonteknis.
""Bisa bangkit dan finis di posisi keempat tentu menjadi hasil yang sangat kami syukuri. Ini menunjukkan bahwa kami tidak menyerah meskipun sempat mengalami situasi yang sulit,"" pungkas Aldio.
Selain berhasil menyelesaikan APRC dan Kejurnas Rally di peringkat keempat, Aldio juga berhasil menempati peringkat ketiga di Kategori RC2.
Atas keberhasilan tersebut, DMO Garage Pertamax Turbo Fin+ berkomitmen untuk terus memberikan performa terbaik di setiap ajang yang diikuti, sekaligus menjadikan setiap perlombaan sebagai bagian dari proses pengembangan kemampuan pembalap, navigator, mekanik, dan seluruh kru tim.
(yna/ran)",sport,https://sport.detik.com/sport-lain/d-8611403/sempat-insiden-dmo-garage-pertamax-turbo-fin-mampu-comeback-di-aprc-sumut
99,"Indonesia Muay Thai Championship (IMC) 2026 telah berakhir, Minggu (9/8/2026). Jawa Barat menjadi daerah yang meraih perolehan medali terbanyak.
Ajang ini bergulir di GOR Abdu Rosyad, Kota Bekasi. Jawa Barat mengoleksi 41 medali emas, 49 perak, dan 48 perunggu atau total 138 medali, mengungguli Jawa Timur dengan 55 medali dan DKI Jakarta dengan 41 medali.
""Kita semua telah menyaksikan sebuah perubahan besar. Hasil dari Pelatihan Wasit dan Juri berstandar IFMA yang baru saja kita laksanakan, benar-benar diaplikasikan dalam Kejurnas ini,"" kata Ketua Pengurus Besar Muay Thai Indonesia (PBMI), AA La Nyalla Mahmud Mattalitti, dalam rilis kepada detikSport.
IMC diikuti oleh 544 peserta. Para atlet terbaik dari IMC 2026 akan masuk dalam proses seleksi untuk menghadapi berbagai agenda internasional, termasuk SEA Games 2027 dan PON 2028. Untuk SEA Games 2027 di Malaysia, PBMI menargetkan sedikitnya dua medali emas bagi Indonesia.
""Semua final berjalan lancar. Pastinya ada cedera karena ini olahraga combat, tetapi semuanya dapat ditangani dengan baik oleh tim medis. Kejurnas ini menjadi ajang penyaringan bakat PBMI ke acara-acara internasional, khususnya tahun depan,"" kata Sekretaris Jenderal PBMI Azwan Karim.
Dalam IMC 2026, sebanyak 18 Pengprov Muay Thai Indonesia hadir. Keberadaan berbagai daerah tersebut menunjukkan semakin luasnya ekosistem pembinaan Muay Thai nasional.
PBMI juga tengah mempersiapkan Indonesia sebagai tuan rumah Asian Muay Thai Championship yang direncanakan berlangsung di Jakarta pada 2027. Azwan menegaskan, para juara Kejurnas tidak serta-merta mendapatkan tempat permanen di Pelatnas karena ada sistem promosi dan degradasi.
La Nyalla menyampaikan apresiasi kepada seluruh pihak yang telah berkontribusi menyukseskan kejuaraan, mulai dari panitia penyelenggara, Pemerintah Kota Bekasi, aparat keamanan, tim medis, para Ketua Pengprov Muay Thai Indonesia, manajer tim, pelatih, atlet, hingga masyarakat. Keberhasilan IMC 2026 bukan hanya diukur dari lahirnya para juara, tetapi juga dari semakin kuatnya persaudaraan antardaerah.
Sekretaris Umum Pengprov Muay Thai Jawa Barat, D.K.P. Tine Yowargana, mengatakan keberhasilan Jawa Barat menjadi daerah dengan perolehan medali terbanyak merupakan hasil dari proses pembinaan. Menurutnya, capaian tersebut tidak terlepas dari kesiapan atlet, kualitas pelatih, serta kerja keras seluruh tim sejak masa persiapan hingga pertandingan.
""Saya sangat bersyukur , hasil ini sangat membanggakan. Para atlet Jawa Barat tampil luar biasa, bukan hanya dari sisi teknik dan fisik, tetapi juga mental bertanding. Mereka mampu menjaga fokus, menjalankan strategi yang diberikan pelatih, dan menunjukkan semangat juang yang tinggi di setiap pertandingan,"" ujar wanita yang biasa disapa Tingting.
""Medali ini bukan sekadar angka. Di balik setiap medali ada latihan panjang, disiplin, pengorbanan, dan keberanian para atlet untuk bertanding membawa nama Jawa Barat. Kami sangat mengapresiasi perjuangan mereka. Ini harus menjadi pijakan untuk meningkatkan kualitas atlet agar semakin siap menghadapi kejuaraan nasional maupun internasional,"" tegasnya.
(ran/bay)",sport,https://sport.detik.com/sport-lain/d-8611379/jawa-barat-juara-umum-di-indonesia-muay-thai-championship
100,"Kejuaraan Asia Hoki Bawah Air CMAS 2026 telah tuntas. Perwakilan Indonesia meraih dua medali.
Kejuaraan Asia Hoki Bawah Air CMAS 2026 berlangsung di Kolam Renang Utama Hotel Seruni, Cisarua, Kabupaten Bogor, Jawa Barat, pada 5-8 Agustus. Ajang ini diikuti perwakilan tujuh negara yakni, Singapura, Malaysia, Filipina, Thailand, Jepang, China, dan Indonesia.
Indonesia menyabet medali perak dari tim Cucut Underwater Hockey di kategori U-15. mereka kalah setelah kalah melawan wakil Malaysia A dengan skor akhir 4-5.
Pada kategori lainnya di Ellite Man dan Woman, tim Underwater Hockey Woman kebanggaan tanah air finish di urutan ketiga dan berhak atas medali perunggu. Janis Rosalita dan kawan-kawan belum berhasil meraih kemenangan kala melawan tim UWH Elite dari negara Filipina dan hanya meraih 3 poin berbanding 11 dari lawannya.
""Apresiasi setinggi-tingginya bagi seluruh Atlet Underwater Hockey tanah air yang telah mengikuti kejuaraan ini. Selamat juga atas perolehan medali yang diraih Tim Elite Woman dan Klub Cucut UWH,"" kata Sekjen PB POSSI, Nur Kholis, dalam keterangan persnya.
Ketua Umum PB POSSI, Makhruzi Rahman, dalam kesempatan terpisah menyampaikan rasa terima kasihnya kepada para atlet. Dia berpesan seluruh atlet untuk terus giat berlatih.
""Kepada seluruh atlet agar terus berlatih dan fokus pada pengembangan skill dan kemampuan diri agar ke depan Underwater Hockey dapat mengharumkan nama bangsa di berbagai ajang pertandingan,"" kata Makhruzi.
""Berharap melalui kejuaraan tingkat Asia ini, cabang olahraga hoki bawah air akan lebih dikenal oleh seluruh masyarakat di Indonesia, sehingga dapat terus berkembang dan menorehkan prestasi membanggakan di kemudian hari,"" sambungnya.
(ran/mrp)",sport,https://sport.detik.com/sport-lain/d-8610447/indonesia-raih-2-medali-di-kejuaraan-asia-hoki-bawah-air
101,"Ketua Dewan Perwakilan Rakyat (DPR) Puan Maharani meminta agar kabar lahan bekas kebakaran hutan dan lahan (karhutla) berubah menjadi perkebunan sawit dalam waktu singkat segera diselidiki. Menurut Puan, peristiwa tersebut seharusnya tidak boleh terjadi.
""Hal-hal yang berkaitan Karhutla kemudian sudah berubah alih fungsi, nanti kami akan meminta pihak yang terkait untuk menyelidiki hal itu dan itu seharusnya tidak boleh terjadi dan harus segera diselidiki,"" ujar Puan di Gedung DPR RI, Jakarta Pusat, Selasa (8/9/2026).
Indonesia memang masuk dalam jalur cincin api pasifik atau ring of fire. Dari tahun ke tahun, ia menyebut pemerintah sudah melakukan berbagai mitigasi untuk mengantisipasi hal tersebut.
Dalam hal penanganan bencana, Puan menekankan harus dilakukan secara terpadu serta melibatkan koordinasi lintas kementerian dan lembaga.
""Karenanya kami mengharapkan pemerintah atau KL bisa melakukan mitigasi ke depannya itu dilakukannya itu secara bersama-sama dan biasanya dikoordinasi oleh para Menko, kemudian dilakukan secara bersama-sama oleh semua kementerian lembaga,"" bebernya.
Tidak hanya fokus pada penanganan saat bencana terjadi, Puan juga menekankan pentingnya mengantisipasi dampak jangka panjang pascabencana, termasuk masalah sosial, kesehatan seperti ISPA, hingga pendidikan anak-anak yang terganggu.
""Seperti sekarang sudah ada masalah ISPA, kemudian kondisi anak-anak yang pendidikannya terganggu, itu juga harus segera teratasi dan bagaimana ke depannya itu harus segera ada solusinya,"" imbuh ia.
Sebelumnya, Menteri Kehutanan (Menhut) Raja Juli Antoni buka suara soal dugaan lokasi bekas kebakaran hutan dan lahan (karhutla) akan ditanami sawit. Menurut Raja, kegiatan membakar hutan adalah kegiatan ilegal. Ia juga mengingatkan tindakan semacam itu memiliki konsekuensi hukum yang tegas.
""Namanya itu kan kebakaran hutan dan lahan. Kalau pun ada yang membakar hutan, kalau pun ada yang membakar hutan, saya pastikan itu nggak boleh tanam sawit, karena itu ilegal,"" ujar Raja di kompleks DPR, Jakarta, Selasa (1/9/2026).
Kementerian Kehutanan akan berkoordinasi dengan Kementerian Agraria dan Tata Ruang/Badan Pertanahan Nasional (ATR/BPN) dan Kementerian Pertanian untuk mencegah lokasi bekas kebakaran digunakan untuk mendirikan usaha, termasuk menanam sawit.
Apabila kebakaran terjadi di area penggunaan lain (APL), pihaknya akan berkoordinasi dengan Menteri ATR/BPN Nusron Wahid agar lahan tersebut tidak mendapatkan hak guna usaha (HGU).
(acd/acd)",finance,https://finance.detik.com/berita-ekonomi-bisnis/d-8654632/puan-minta-lahan-bekas-karhutla-jadi-kebun-sawit-diusut
102,"Data Tunggal Sosial dan Ekonomi Nasional (DTSEN) menjadi terobosan dalam konsolidasi dan pengambilan kebijakan berbasis data di Indonesia. DTSEN adalah social registry pertama di Indonesia dan menjadi basis data utama dalam penyaluran berbagai program pemerintah.
Kepala Badan Pusat Statistik (BPS) Amalia Adininggar Widyasanti menyatakan DTSEN perlu dipahami sebagai social registry, bukan beneficiary registry atau daftar penerima bantuan. Artinya, keberadaan seseorang dalam DTSEN tidak secara otomatis menjadikannya penerima bantuan atau program pemerintah tertentu.
""Daftar bantuan ataupun beneficiary registry atau daftar bantuan penerima program itu ditentukan oleh masing-masing menteri terkait sesuai dengan kebijakannya masing-masing,"" ungkap Amalia dalam keterangannya, Rabu (9/9/2026).
Amalia mencontohkan dalam penentuan penerima manfaat program Sekolah Rakyat, kelompok yang menjadi sasaran berada pada desil 1 dan 2 (social registry). Namun, tidak semua masyarakat pada kedua desil tersebut secara otomatis menerima bantuan karena masih terdapat kriteria tambahan yang ditetapkan oleh kementerian terkait (beneficiary registry).
Pihaknya diberi amanah sebagai pengelola DTSEN. Sementara kementerian, lembaga, dan pemerintah daerah membantu pemutakhiran, verifikasi, dan validasi data.
Data yang sebelumnya tersebar dan tidak terkonsolidasi dengan baik, kini dihimpun, ditunggalkan dan diintegrasikan oleh BPS sesuai amanah Inpres Nomor 4 Tahun 2025 tentang DTSEN. Selanjutnya, kementerian/lembaga memanfaatkan DTSEN sesuai kebutuhan program masing-masing, termasuk sebagai salah satu dasar dalam menentukan sasaran program, bantuan, atau intervensi.
""DTSEN ini isinya adalah registrasi ataupun database yang merupakan kumpulan semua daftar penduduk Indonesia yang memiliki NIK dan KK yang kita jadikan satu di dalam satu data tunggal,"" jelas Amalia.
Pemutakhiran Data
Amalia juga menegaskan bahwa DTSEN merupakan data yang bersifat dinamis. Kondisi sosial dan ekonomi masyarakat dapat berubah sehingga data perlu diperbarui secara berkala agar semakin mencerminkan kondisi masyarakat yang sebenarnya.
""Setiap warga, setiap masyarakat punya hak suara dan kami berikan jalur untuk melakukan koreksi secara mudah, secara jelas dan transparan, sehingga DTSEN ini bukan hanya milik pemerintah tetapi DTSEN juga merupakan milik kita semua, milik Indonesia yang harus kita jaga bersama-sama,"" jelas Amalia.
Menurut Amalia, keterlibatan masyarakat dalam pemutakhiran data menjadi bagian penting untuk menjaga akurasi DTSEN. Dengan data yang terus diperbarui dan diperbaiki, pemerintah dapat lebih mudah menemukan masyarakat yang membutuhkan dan memastikan mereka dapat dijangkau oleh program yang sesuai.
""Di balik setiap data, ada nama, ada keluarga, ada yang terus berjuang untuk dijangkau oleh DTSEN,"" ungkap Amalia.
Ia melanjutkan, satu per satu keluarga yang tadinya tidak terdata menjadi terdata, sehingga tadinya mereka tidak terlihat oleh pemerintah menjadi terlihat dan kemudian pemerintah bisa mengulurkan bantuan secara lebih tepat.
Oleh karena itu, perbaikan dan pemutakhiran DTSEN merupakan proses yang dilakukan secara berkelanjutan. Pemerintah terus melakukan perapihan data, sementara masyarakat dapat turut memastikan informasi mengenai kondisi sosial dan ekonomi keluarganya sesuai dengan keadaan sebenarnya.
Apabila masyarakat menemukan informasi mengenai diri atau keluarganya yang belum sesuai dengan kondisi sebenarnya, pembaruan dapat disampaikan melalui mekanisme usul dan sanggah pada kanal resmi yang tersedia, antara lain Cek Bansos (cekbansos.kemensos.go.id) atau aplikasinya, SIKS-NG melalui operator desa/kelurahan, serta Cek DTSEN (dtsen-form.bps.go.id).
4,3 Juta Orang Dapat Bansos
Di sisi lain, Menteri Sosial Saifullah Yusuf menyampaikan hasil pemanfaatan DTSEN menunjukkan data yang lebih terpadu dapat membantu menemukan masyarakat yang sebelumnya belum menerima program.
""Setelah DTSEN dibentuk dan digunakan, sebanyak 4.330.417 KPM yang sebelumnya tidak pernah menerima bantuan kini menjadi penerima bantuan. Baik itu PKH (Program Keluarga Harapan, red), bantuan pangan non tunai, maupun penerima bantuan iuran. Mereka yang kehidupannya berhasil dibantu oleh pemerintah setelah kehadirannya ditemukan melalui DTSEN,"" ungkap Saifullah.
Ia menegaskan bahwa DTSEN memang belum sempurna dan masih terdapat error yang terus diperbaiki bersama. Ia juga mengajak masyarakat untuk turut berperan dalam memperbaiki dan memutakhirkan data.
""Kalau sekarang datanya masih error, bukan berarti orang itu segera diputus bantuan sosialnya. Atau orang yang mungkin berada di desil 4 padahal dia sebelumnya di desil 8, belum tentu juga dia mendapatkan bansos. Masih perlu dipastikan, dikoreksi, didalami, ditelusuri, dan seterusnya nanti akan dilakukan verifikasi dan validasi,"" tegas Saifullah.",finance,https://finance.detik.com/berita-ekonomi-bisnis/d-8654726/bps-ungkap-dtsen-bukan-daftar-penerima-bantuan-sosial
103,"Badan Pemulihan Aset (BPA) Kejaksaan Agung mengungkap sejumlah kendala yang menghambat proses pemulihan aset negara. Salah satunya adalah perbedaan persepsi terkait penetapan status barang temuan yang membuat proses eksekusi aset menjadi lambat.
Kepala BPA Patris Yusrian Jaya mengatakan, perbedaan tersebut masih ditemukan antara pihaknya dengan pengadilan. Persoalan muncul ketika BPA hendak mendapatkan penetapan status atas barang temuan sebelum aset tersebut dapat dieksekusi.
""Kendala yang dihadapi oleh Badan Pemulihan Aset ini yang pertama mengenai status barang temuan masih ada di lapangan perbedaan persepsi dengan teman-teman di pengadilan tentang penetapan status barang temuan, sehingga ini eksekusinya terlambat atau bahkan tidak bisa diselesaikan sama sekali,"" kata Patris dalam rapat bersama Komisi III DPR RI di kompleks parlemen, Selasa (8/9/2026).
Ia juga mengungkap sekitar30% aset rampasan negara yang masuk proses lelang tercatat tidak laku karena tak kunjung mendapatkan penawar. Patris menyebut tingginya nilai limit menjadi salah satu penyebab aset tersebut sulit terjual.
Harga aset rampasan selama ini dinilai berdasarkan harga pasar seperti barang pada umumnya. Namun, peserta lelang cenderung memburu aset rampasan dengan harapan bisa mendapatkannya di bawah harga pasar.
""Penentuan limit ini kadang-kadang terlalu tinggi barang-barang rampasan ini dinilai seperti barang-barang pada umumnya nilai pasarnya. Sementara bagi pembeli, yang diharapkan dari lelang ini salah satunya adalah karena harganya lebih murah. Akibatnya pada waktu lelang, sekian persen, 30% rata-rata barang yang dilelang ini tidak ada penawar,"" ungkapnya.
Patris menambahkan, aturan Kementerian Keuangan mengatur penilaian ulang terhadap barang tersebut baru dapat dilakukan tiga bulan kemudian. Selama menunggu proses penilaian ulang, negara masih harus menanggung biaya pengelolaan dan pemeliharaan barang rampasan.
Bahkan setelah harga limit diturunkan pada lelang berikutnya, belum ada jaminan barang tersebut akan terjual. Kondisi tersebut pada akhirnya menyebabkan penumpukan aset rampasan yang belum dapat diselesaikan melalui mekanisme lelang.
BPA juga menghadapi kendala dalam melelang kendaraan bermotor yang berasal dari sita eksekusi. Salah satunya terkait penerbitan surat baru kendaraan setelah barang tersebut dijual.
Kepolisian mensyaratkan putusan pengadilan untuk menerbitkan surat kendaraan baru. Sementara putusan pengadilan yang dimiliki dalam sejumlah perkara hanya mengatur kewajiban terpidana membayar uang pengganti secara umum.
""Putusan pengadilan yang kita pegang hanya secara umum memberikan kewajiban kepada terpidana untuk membayar uang pengganti dan untuk menyelesaikan kewajiban. Ini kami melakukan penyitaan, jika penyitaan ini dilakukan untuk kendaraan bermotor maka di sini mengalami kesulitan karena belum adanya kesinkronan antara aturan di Kepolisian, di Keuangan, dengan di Kejaksaan,"" tutupnya.
Meski begitu, BPA tercatat berhasil menyetorkan Rp 26,04 triliun ke kas negara dalam tiga tahun terakhir. Dana tersebut berasal dari hasil penyelesaian aset, termasuk pelelangan aset yang dirampas untuk negara.
Dalam kurun waktu tersebut, BPA telah menyelesaikan sebanyak 21.737 aset. Penyelesaiannya dilakukan melalui sejumlah mekanisme, mulai dari pelelangan, pemusnahan, hingga penyerahan aset kepada pihak yang berhak seperti dalam kasus investasi bodong.
""Adapun capaian kinerja Badan Pemulihan Aset tiga tahun terakhir ini semenjak BPA ini dibentuk telah berhasil menyelesaikan dalam bentuk melakukan lelang dan menyetor ke kas negara, memusnahkan, kemudian melelang dan menyerahkan kepada para pihak yang berhak seperti dalam kasus investasi bodong sebanyak 21.737 aset,"" sebut Patris.
(ily/acd)",finance,https://finance.detik.com/berita-ekonomi-bisnis/d-8654631/biang-kerok-sulitnya-kembalikan-aset-negara
104,"Menteri Keuangan Purbaya Yudhi Sadewa mengaku sempat dicap sombong saat berupaya membangun kepercayaan pasar terhadap kondisi makroekonomi Indonesia.
Saat mulai menjabat sebagai Menkeu, Indonesia baru saja menghadapi gelombang demonstrasi besar-besaran. Di tengah kondisi tersebut, Purbaya mendapat tugas untuk memulihkan kepercayaan publik.
""Pertama kan waktu saya jadi menteri, itu kan kita baru menghadapi demo besar, saya mesti kembalikan confidence ke masyarakat secepat-cepatnya. Caranya bagaimana? Saya terapkan apa, pengetahuan yang sudah disebut, saya pernah belajar macroeconomics of self-fulfilling prophecies. Jadi kita membentuk ekspektasi, dari ekspektasi itu nanti biasanya ekonomi yang berjalan ke arah sana,"" ungkap Purbaya di kawasan Sunter, Jakarta Barat, Selasa (8/9/2026).
Namun, dalam praktiknya, teori tersebut tidak mudah diterapkan. Purbaya pun mengaku terpaksa lebih banyak bicara. Meski begitu, sikap tersebut justru dinilai sebagian pihak sebagai bentuk kesombongan.
""Dalam waktu dekat kan susah untuk itu. Ya terpaksa saya omong gede, yang dibilang orang sombong, 'itu Purbaya sombong banget.' Itu bukan sombong, tapi desain untuk membentuk ekspektasi ke depan, ke arah yang positif,"" tutur mantan Kepala Lembaga Penjamin Simpanan itu..
Jika pasar memiliki ekspektasi positif, perekonomian nasional juga berpeluang bergerak lebih baik. Sebab, masyarakat dan investor menjadi lebih percaya diri untuk kembali beraktivitas dan mengambil keputusan ekonomi.
Purbaya mengatakan sejumlah kebijakan telah ditempuh untuk membangun kepercayaan pasar. Salah satunya dengan memindahkan Saldo Anggaran Lebih (SAL) ke bank pelat merah pada September tahun lalu.
Namun, pasar keuangan Indonesia kembali menghadapi tantangan setelah adanya pengumuman dari MSCI, Fitch Ratings, dan Moody's.
""Investor tidak takut investasi, masyarakat tidak takut belanja, perusahaan pun tidak takut ekspansi, karena mereka pikir ekonomi akan membaik ke depan. Tapi kalau semua berpikir ekonomi akan resesi, ekonomi bisa betul-betul resesi. Kenapa? Karena investor takut ekspansi, masyarakat takut belanja,"" terangnya.
(hns/hns)",finance,https://finance.detik.com/berita-ekonomi-bisnis/d-8654628/alasan-purbaya-kerap-omong-gede-hingga-dicap-sombong-saat-awal-jadi-menkeu
105,"Buat kamu yang baru masuk kerja jadi staf administrasi atau keuangan di usaha jasa, urusan pencatatan transaksi sering kali jadi tantangan besar di bulan-bulan pertama. Belum hafal alur pembukuan, ditambah harus belajar software baru, laporan keuangan pun gampang telat dan berantakan.
Kondisi ini yang coba dijawab lewat ACCURATE FOR SERVICE COMPANY: Pelatihan Akuntansi Jasa Berbasis Accurate Batch 4, pelatihan praktikal dari Piranha Smart Center lewat Education Visionary Lab (EVL) yang tayang di detikEvent.
Kenapa Skill Accurate Jadi Nilai Tambah di Usaha Jasa
Usaha jasa, mulai dari konsultan, agency, sampai klinik kecantikan, butuh laporan keuangan yang rapi buat ambil keputusan bisnis. Staf yang paham cara kerja software akuntansi seperti Accurate biasanya lebih dipercaya pegang tanggung jawab lebih besar, karena kerjaannya minim revisi dan gampang dicek atasan.
Apa yang Dipelajari Selama 3 Hari
Pelatihan ini berlangsung Rabu, 16 September 2026 sampai Jumat, 18 September 2026, pukul 18.30-20.30 WIB, secara online lewat live training interaktif. Materinya mencakup pencatatan transaksi penjualan jasa, pengelolaan kas dan bank, sampai penyusunan laporan keuangan usaha jasa dari nol. Bukan cuma teori, peserta praktik langsung pakai studi kasus usaha jasa yang relevan sama kerjaan sehari-hari.
Untuk Siapa Pelatihan Ini
Cocok buat pelaku usaha jasa, staf administrasi dan keuangan, mahasiswa serta fresh graduate akuntansi yang mau punya bekal skill Accurate sebelum masuk dunia kerja.
Kalau kamu mau laporan keuangan usaha jasa lebih tertib dan siap pakai, daftar pelatihan Accurate ini sekarang di detikevent sebelum kelasnya penuh!
(hns/hns)",finance,https://finance.detik.com/berita-ekonomi-bisnis/d-8654602/masih-bingung-kelola-arus-kas-bisnis-jasamu-ikut-program-ini-solusinya
106,"Punya sertifikat Brevet Pajak A dan B memang jadi nilai tambah di dunia kerja. Bagi sebagian tax staff dan konsultan pajak, sertifikat itu terasa belum cukup untuk bersaing di posisi yang menangani klien atau perusahaan berskala multinasional.
Persoalannya, materi Brevet A dan B umumnya fokus pada perpajakan domestik. Ketika berhadapan dengan kasus lintas negara, seperti perhitungan pajak berganda atau transfer pricing, kompetensi yang sudah dimiliki sering belum cukup menjawab kebutuhan pekerjaan sehari-hari.
Di sinilah Brevet Pajak C hadir sebagai jenjang lanjutan yang relevan. Program dari Piranha Smart Center bersama Education Visionary Lab ini dirancang khusus membahas perpajakan tingkat internasional, mencakup pajak berganda, pemajakan penghasilan luar negeri, kredit pajak luar negeri, hingga mekanisme transfer pricing secara aplikatif.
Batch 26 ini berlangsung online via Zoom mulai Senin, 14 September 2026 sampai Selasa, 29 September 2026, dengan pertemuan rutin setiap Senin dan Selasa pukul 18.30 hingga 20.30 WIB. Peserta mengikuti enam kali sesi pembelajaran plus satu ujian teori di akhir program.
Selain sertifikat Brevet C, peserta yang mengambil paket sertifikasi juga berkesempatan meraih gelar non akademik Certified Professional Tax Technician (CPTT), yang bisa memperkuat portofolio profesional di bidang perpajakan.
Materi disampaikan lewat pemaparan konsep, studi kasus dari berbagai subjek dan objek pajak, latihan soal, hingga sesi diskusi dan tanya jawab. Pendekatan ini dirancang supaya peserta bisa langsung menerapkan materi dalam pekerjaan sehari-hari, bukan sekadar memahami teori di ruang kelas.
Program ini terbuka untuk lulusan Brevet A dan B, staf keuangan, konsultan pajak, hingga pelaku usaha ekspor impor.
Daftarkan dirimu sekarang melalui detikevent!
(hns/hns)",finance,https://finance.detik.com/berita-ekonomi-bisnis/d-8654509/sudah-lulus-brevet-pajak-ab-saatnya-lanjut-brevet-c-untuk-cv-lebih-kuat
107,"Bisnis yang beroperasi lintas negara punya satu tantangan yang sering diremehkan, kepatuhan pajak internasional. Berbeda dari pajak domestik biasa, aspek ini melibatkan perjanjian pajak berganda, transfer pricing, hingga aturan pemajakan penghasilan luar negeri yang jarang dikuasai staf pajak level dasar.
Akibatnya, banyak perusahaan multinasional kesulitan mencari tenaga yang benar-benar paham perpajakan lintas batas negara. Staf yang hanya menguasai Brevet A dan B belum tentu siap menangani kasus pajak internasional yang jauh lebih kompleks.
Kebutuhan ini yang menjadi dasar program Pelatihan Brevet Pajak C + Sertifikasi CPTT dari Piranha Smart Center bersama Education Visionary Lab.
Berbeda dari Brevet A dan B yang membahas perpajakan domestik, tingkat C ini khusus mendalami kebijakan perpajakan multinasional, mulai dari pajak internasional, pajak berganda, kredit pajak luar negeri, sampai transfer pricing.
Batch ke-26 ini digelar online melalui Zoom, dimulai Senin, 14 September 2026 hingga Selasa, 29 September 2026, dengan jadwal setiap Senin dan Selasa pukul 18.30 sampai 20.30 WIB. Total enam kali pertemuan ditambah satu ujian teori pilihan ganda melengkapi rangkaian pelatihan ini.
Peserta yang lulus berhak mendapat sertifikat pelatihan Brevet C, dan bagi yang mengambil paket sertifikasi, juga memperoleh gelar non akademik Certified Professional 
Tax Technician (CPTT) yang diterbitkan Asosiasi Teknisi Perpajakan Indonesia dengan izin resmi Kemenkumham. Peserta juga mendapat akses e-modul, video recording pembelajaran, latihan soal persiapan ujian, serta konsultasi selama dan pasca pelatihan berlangsung.
Program ini cocok untuk lulusan Brevet A dan B, staf administrasi keuangan, tax konsultan, hingga pelaku usaha yang menangani ekspor impor di perusahaan multinasional.
Pendaftaran sudah dibuka, daftarkan dirimu sekarang melalui detikevent!
(hns/hns)",finance,https://finance.detik.com/berita-ekonomi-bisnis/d-8654502/perusahaan-multinasional-butuh-staf-paham-pajak-lintas-negara-belajar-di-sini
108,"Menteri Keuangan Purbaya Yudhi Sadewa buka suara soal Satuan Pelayanan Pemenuhan Gizi (SPPG) atau dapur program Makan Bergizi Gratis (MBG).
Purbaya mengaku telah mengerahkan tim dari Direktorat Jenderal Perbendaharaan Kementerian Keuangan memonitor dapur MBG seluruh Indonesia.
Langkah ini diambil dalam rangka mengawasi penggunaan anggaran pada setiap dapur MBG. Jika ada dapur yang terbukti menyalahgunakan anggaran, maka langsung dilaporkan ke Badan Gizi Nasional (BGN).
Purbaya menegaskan, apabila setelah dilaporkan ke BGN tetap tidak ada perubahan, maka anggaran akan dikurangi.
""Jadi saya kerahkan orang Dirjen Perbendaharaan di seluruh Indonesia untuk memonitor secara berkala SPPG-SPPG yang ada di setiap daerah Indonesia. Itu akan menjadi penambahan tentang pelaksanaan program itu, nanti kalau ada yang ngaco-ngaco kita kasih masukkan ke BGN bahwa di satu tempat SPPG tertentu melakukan kesalahan dan kalau nggak didengar kita kurangin anggarannya,"" jelas Purbaya di kawasan Sunter, Jakarta Utara, Selasa (8/9/2026).
Purbaya menambahkan, di sisi lain, BGN telah melakukan efisiensi anggaran menjadi Rp 240 triliun dari Rp 330 triliun. Anggaran program MBG juga masih berpeluang dipangkas kembali.
Tahun ini, menurut perkiraan Purbaya dari total anggaran BGN yang telah dipangkas, hanya terpakai di bawah Rp 200 triliun.
""Jadi kepala BKN yang baru orangnya cukup bagus ya, bagus malah. Itu sudah melakukan efisiensi Implementasi program itu, sudah ada penghematan yang besar. Tahun ini kan tadinya anggarannya Rp 330 triliun, turun ke Rp 270 triliun, Rp 240 triliun. Saya pikir tahun ini implementasinya akan di bawah itu, di bawah Rp 200 triliun mungkin dugaan saya,"" jelas Purbaya.
(hns/hns)",finance,https://finance.detik.com/berita-ekonomi-bisnis/d-8654488/purbaya-terjunkan-anak-buah-awasi-ketat-dapur-mbg
109,"Menteri Keuangan Purbaya Yudhi Sadewa, menyiapkan kebijakan baru untuk memenuhi kebutuhan anggaran pembangunan pemerintah daerah (Pemda). Kebijakan baru ini nantinya akan melibatkan PT Sarana Multi Infrastruktur (Persero) atau SMI.
SMI merupakan special mission vehicle (SMV) kementerian keuangan. Purbaya mengatakan, kebutuhan anggaran pembangunan Pemda bisa diajukan melalui pinjaman ke SMI.
Selanjutnya pemda bisa memenuhi kewajiban pinjaman tersebut melalui dana bagi hasil (DBH). DBH merupakan bagian dana transfer ke daerah (TKD) yang disalurkan pemerintah pusat.
""Kalau emang daerahnya betul-betul perlu bikin infrastruktur, ya pinjaman ke PT SMI, nanti dibayar pakai sebagian DBH itu,"" ungkap Purbaya kepada wartawan di kawasan Sunter, Jakarta Utara, Selasa (8/9/2026).
Namun begitu, Purbaya mengatakan ada program infrastruktur yang tidak dijalankan sejumlah pemda salah satunya pembangunan jembatan. Hal ini juga yang mendorong pemerintah pusat untuk membentuk program 1.000 jembatan.
""Misalnya jembatan yang enggak ada, segala macam. Makanya dibuat program 1.000 jembatan, program pembangunan jembatan darurat itu, yang dibangun oleh tentara,"" jelasnya.
Purbaya menambahkan, kebijakan tersebut sudah masuk dalam tahap sosialisasi. Ia menekankan, skema pendanaan ini dibentuk untuk memastikan anggaran daerah betul-betul dimanfaatkan.
""Jadi nanti barangnya betul-betul jadi barang,"" pungkasnya.
(ahi/hns)",finance,https://finance.detik.com/berita-ekonomi-bisnis/d-8654444/pemda-bisa-pinjam-ke-smi-bayarnya-pakai-dbh
110,"Mengimpor barang dari China ke Indonesia semakin banyak dilakukan oleh pelaku usaha, mulai dari reseller dan UMKM hingga perusahaan dengan kebutuhan kargo dalam jumlah besar. Dalam proses import China ke Indonesia, jasa forwarder berperan membantu pengiriman barang dari supplier di China hingga proses customs clearance dan pengantaran di Indonesia.
Saat ini tersedia berbagai jasa import China dengan karakteristik layanan yang berbeda. Ada yang lebih cocok untuk pembelian kecil dari marketplace seperti Taobao dan 1688, sementara lainnya memiliki kapasitas untuk menangani pengiriman dalam jumlah besar menggunakan kontainer.
Berikut 7 jasa forwarder China Indonesia yang dapat dipertimbangkan berdasarkan karakteristik layanan masing-masing.
1. Natindo Cargo
Natindo Cargo menjadi salah satu pilihan forwarder China Indonesia yang melayani berbagai skala kebutuhan import. Salah satu indikator yang dapat diperhatikan calon pelanggan adalah jumlah ulasan di Google Maps yang telah mencapai 500+ ulasan, dengan rating sekitar 4,5 bintang.
Banyaknya ulasan dapat menjadi referensi tambahan untuk melihat pengalaman pelanggan yang telah menggunakan layanan Natindo.
Dengan pengalaman lebih dari 10 tahun di bidang forwarding dan import, Natindo menangani kebutuhan mulai dari import dalam jumlah kecil hingga pengiriman kargo besar. Untuk kebutuhan perusahaan dengan volume tinggi, tersedia layanan full container (FCL) mulai dari 20 feet hingga 40 feet.
Di sisi lain, importir dengan volume lebih kecil juga dapat menggunakan layanan LCL dan Air Cargo. Natindo turut membantu pembelian barang dari marketplace China seperti Taobao, 1688, Alibaba, AliExpress, dan JD.COM, sehingga layanannya dapat digunakan baik oleh reseller dan UMKM maupun perusahaan yang melakukan import dalam skala besar.
Dengan pilihan kapasitas tersebut, Natindo dapat menjadi salah satu alternatif bagi calon importir yang membutuhkan jasa import China untuk berbagai skala pengiriman.
2. Fastindo Cargo
Fastindo Cargo menyediakan layanan forwarder China Indonesia dengan pilihan Sea LCL, Sea FCL, dan Air Cargo.
Salah satu karakteristiknya adalah keberadaan warehouse di beberapa lokasi di China, termasuk Guangzhou dan Yiwu. Fasilitas tersebut dapat membantu importir yang memiliki supplier dari lokasi berbeda dan membutuhkan proses penerimaan serta konsolidasi barang sebelum dikirim ke Indonesia.
Fastindo dapat menjadi alternatif bagi bisnis yang membutuhkan fleksibilitas dalam memilih metode pengiriman untuk proses import barang dari China ke Indonesia.
3. Ducking
Ducking lebih menonjol pada kemudahan proses pembelian barang dari marketplace China. Platform ini mendukung pembelian dari sejumlah marketplace seperti Taobao, 1688, Tmall, dan Alibaba.
Pendekatan tersebut membuat Ducking lebih relevan bagi importir kecil, reseller, dan online seller yang ingin melakukan pembelian dari China tanpa harus mengurus seluruh prosesnya sendiri.
Untuk kebutuhan import dengan volume kecil, kemudahan proses pembelian sekaligus pengiriman dapat menjadi salah satu pertimbangan utama.
4. Wilopo Cargo
Wilopo Cargo menawarkan layanan import dari China ke Indonesia dengan pilihan LCL dan FCL. Dengan pilihan tersebut, Wilopo dapat digunakan untuk kebutuhan pengiriman dengan volume yang berbeda.
Ketersediaan FCL juga membuatnya relevan bagi bisnis yang mulai membutuhkan pengiriman dalam jumlah lebih besar dan tidak lagi hanya mengandalkan pengiriman konsolidasi.
5. Xing Lie Cargo
Xing Lie Cargo menyediakan layanan import barang dari China ke Indonesia melalui jalur laut maupun udara.
Layanannya juga mencakup kebutuhan import dari marketplace seperti Alibaba, AliExpress, 1688, dan Taobao. Pilihan jalur pengiriman tersebut memberikan fleksibilitas bagi importir untuk menyesuaikan pengiriman berdasarkan volume dan kebutuhan waktu.
6. CargoPro
CargoPro merupakan pemain yang relatif baru di bidang jasa import China, dengan fokus pada layanan door-to-door dan konsep All-In.
Tersedia pilihan LCL dan FCL, serta layanan pendukung seperti supplier sourcing. Bagi importir yang mencari alternatif baru dengan pendekatan pelayanan yang modern, CargoPro dapat menjadi salah satu pilihan untuk dibandingkan.
7. Trans Express
Trans Express merupakan salah satu alternatif yang relatif baru untuk kebutuhan pengiriman dan import China ke Indonesia.
Selain pilihan layanan pengiriman, customer service dan komunikasi selama proses import juga menjadi hal yang dapat dipertimbangkan. Trans Express dapat menjadi alternatif bagi importir yang ingin membandingkan pemain baru di industri forwarding.
Memilih Jasa Import China Sesuai Kebutuhan
Tidak ada satu jasa forwarder China Indonesia yang paling sesuai untuk semua kebutuhan. Importir yang membeli beberapa barang dari Taobao atau 1688 tentu memiliki kebutuhan berbeda dengan perusahaan yang mendatangkan satu atau beberapa kontainer setiap bulan.
Sebelum memilih forwarder, perhatikan beberapa faktor seperti minimum volume, pilihan LCL atau FCL, jalur pengiriman, customs clearance, pengalaman perusahaan, review pelanggan, serta cakupan layanan dari China hingga Indonesia.
Dengan memahami kebutuhan terlebih dahulu, importir dapat memilih jasa import China yang tidak hanya menawarkan harga kompetitif, tetapi juga sesuai dengan skala dan pola import masing-masing.
Dengan memahami kebutuhan terlebih dahulu, importir dapat memilih jasa import China yang tidak hanya menawarkan harga kompetitif, tetapi juga sesuai dengan skala dan pola import masing-masing. Bagi Anda yang baru menyusun strategi pengadaan barang lintas negara dan memerlukan referensi prosedural lebih lanjut, Anda dapat mempelajari panduan komprehensif mengenai cara import barang dari china.
(prf/ega)",finance,https://finance.detik.com/berita-ekonomi-bisnis/d-8654391/7-rekomendasi-jasa-forwarder-import-barang-dari-china-ke-indonesia
111,"PT Telkom Indonesia (Persero) Tbk (Telkom) menyambut positif rencana pemanfaatan Gedung Graha Merah Putih (GMP) oleh Badan Gizi Nasional (BGN) secara skema Business to Business (B2B). Langkah penyewaan ini menjadi bagian dari strategi leveraging asset perusahaan untuk mengoptimalkan aset properti sekaligus membuka peluang pendapatan baru dari konektivitas digital.
Direktur Utama Telkom, Dian Siswarini menyampaikan bahwa skema bisnis ini dijalankan secara proporsional dengan tetap mengedepankan tata kelola perusahaan yang baik (Good Corporate Governance).
""Bagi TelkomGroup, rencana penyewaan gedung GMP oleh BGN merupakan bentuk leveraging asset yang dapat menghadirkan peluang bisnis baru, termasuk melalui penyediaan layanan konektivitas dan solusi digital unggul dari yang kami miliki,"" ujar Dian dalam keterangannya, Selasa (8/9/2026).
Optimalisasi GMP ini juga dimanfaatkan Telkom untuk menata ulang klasterisasi ruang kerja internal yang sebelumnya masih tersebar di beberapa lokasi di Jakarta. Penataan ini ditujukan agar kolaborasi antar unit kerja menjadi lebih terintegrasi.
""Saat ini, sejumlah unit masih yang berkaitan tersebar di berbagai lokasi kerja di Jakarta. Melalui penataan ini, kami ingin menciptakan lingkungan kerja yang lebih terintegrasi sesuai stream masing-masing unit. Harapannya, ini dapat membuat kolaborasi menjadi lebih mudah, proses kerja semakin efektif, dan produktivitas karyawan semakin meningkat,"" jelas Dian.
Proses transisi penempatan ruang kerja BGN di GMP akan dilakukan secara bertahap setelah seluruh pembahasan negosiasi rampung. Telkom memastikan keamanan, keselamatan, serta kenyamanan operasional karyawan tetap menjadi prioritas utama.
""Berdasarkan hasil survei dan diskusi bersama Telkom, BGN menyampaikan rencana pemanfaatan GMP untuk ruang kerja serta beberapa fasilitas workstation standar. Pemanfaatan tersebut akan dilakukan setelah proses penataan unit-unit di Telkom dan pemindahan peralatan kerja existing ke lokasi yang telah disepakati bersama,"" lanjut Dian.
Bersamaan dengan langkah tersebut, Telkom melanjutkan peremajaan Telkom Integrated Operation Center (TIOC) menggunakan teknologi kecerdasan buatan (AI) dan otomasi. Penataan ruang kerja ini diharapkan mempercepat koordinasi operasional perusahaan secara keseluruhan.
""Penataan ini diarahkan pada pengelompokan unit berdasarkan karakteristik bisnis, sehingga setiap unit dapat menempati lokasi yang lebih terintegrasi. Dengan demikian, koordinasi dan kolaborasi dapat berlangsung lebih cepat, efektif, dan pada akhirnya meningkatkan produktivitas,"" pungkasnya.
(prf/ega)",finance,https://finance.detik.com/berita-ekonomi-bisnis/d-8654336/graha-merah-putih-akan-disewa-bgn-bos-telkom-hadirkan-peluang-bisnis-baru
112,"PT Graha Sarana Duta (TelkomProperty), sebagai pengelola aset Telkom, terus mendukung langkah transformasi TelkomGroup dalam melakukan optimalisasi dan leveraging asset. Langkah ini bertujuan meningkatkan produktivitas, menciptakan efisiensi operasional, serta kontribusi yang lebih optimal dari setiap anak perusahaan.
Direktur Utama TelkomProperty, Didit Sulistyo mengatakan saat ini TelkomProperty tengah melakukan leveraging terhadap 3.010 aset yang dikelola di berbagai lokasi, dengan sekitar 50% telah berhasil dioptimalisasi.
Dalam pelaksanaannya, TelkomProperty terbuka terhadap peluang pemanfaatan aset oleh berbagai pihak, termasuk calon mitra eksternal, melalui mekanisme bisnis yang wajar dan proporsional secara Business to Business (B2B), dengan tetap mengedepankan prinsip tata kelola dan peraturan yang berlaku.
Sejalan dengan langkah tersebut, PT Telkom Landmark Tower (TLT), anak usaha TelkomProperty selaku pengelola Gedung Graha Merah Putih (GMP), terus mendorong leveraging asset. Upaya ini dilakukan dengan membuka peluang untuk para mitra eksternal yang akan menyewa aset gedung yang dimiliki TelkomGroup.
Direktur Utama TLT, Suratman mengatakan sebagai salah satu entitas pengelola aset properti di lingkungan TelkomGroup, optimalisasi aset merupakan bagian dari langkah leveraging asset yang sudah berjalan dalam proses bisnis perusahaannya.
""Tentunya, kami akan selalu berupaya memastikan produktivitas aset untuk dapat melayani kebutuhan TelkomGroup maupun mitra dan tenan eksternal lainnya dengan maksimal,"" ujarnya.
""Rencana pemanfaatan dan penyewaan ruang di Graha Merah Putih oleh Badan Gizi Nasional (BGN) saat ini masih dalam proses negosiasi dan pembahasan lebih lanjut serta dikoordinasikan dengan pihak terkait. Kami berkomitmen menjaga kepastian dan keberlangsungan operasional para tenant yang berada di gedung tersebut. Setiap proses juga akan dilakukan secara tertib dan terukur,"" pungkas Suratman.
(prf/ega)",finance,https://finance.detik.com/berita-ekonomi-bisnis/d-8654315/telkomproperty-ungkap-pemanfaatan-graha-merah-putih-oleh-bgn-masih-negosiasi
113,"Ketua Badan Perlindungan Konsumen Nasional (BPKN) Muhammad Mufti Mubarok menyebut masyarakat ramai-ramai berburu masker imbas sebaran abu vulkanik Gunung Anak Krakatau. Menurutnya, fenomena panic buying ini juga terjadi di perdagangan elektronik alias e-commerce.
Mufti mengatakan lonjakan permintaan ini membuat para penjual masker yang menaikkan harga di tengah fenomena panic buying.
""Ya, secara online sudah ada sih panic buying kan gitu, artinya mereka-mereka yang kemudian memanfaatkan situasi menjual barang pada saat-saat seperti ini,"" ujar Mufti saat ditemui di Gedung DPR RI, Jakarta, Selasa (8/9/2026).
Menurutnya, lonjakan harga akibat kepanikan konsumen biasanya hanya berlangsung singkat, yakni sekitar satu hingga tiga hari sebelum akhirnya berangsur normal. Kendati begitu, Mufti menegaskan pemerintah harus mengambil tindak tegas agar memperketat pengawasan logistik.
""Memang itu pemerintah harus tegas nanti bagaimana kita kemudian melakukan cek-cek di logistik, di gudang-gudang dan di penjualan karena memang biasanya cuma satu-dua hari, tiga hari, tapi karena mungkin hari keempat, hari kelima sudah normal karena panic buying,"" beber ia.
Sebelumnya, sebaran abu vulkanik erupsi Gunung Anak Krakatau hingga ke wilayah Jakarta menjadi berkah tersendiri bagi para pedagang Pasar Pramuka. Stok masker yang sebelumnya lama tersimpan kini ludes diburu pembeli yang datang ke sentra produk medis di Jakarta Timur itu.
Masalahnya, menipisnya stok masker di tengah lonjakan permintaan yang mendadak membuat harga produk di pasar mengalami peningkatan. Alhasil pedagang terpaksa menyesuaikan harga jual eceran mengikuti kenaikan harga modal dari distributor yang stok masker dagangannya juga mulai habis.
""Semuanya naik, semua masker medis naik. Kenaikannya lumayan, beda Rp 10.000 satu kotak. Yang biasa distributor jual Rp 25.000, sekarang sudah di atas Rp 50.000. Itu kenaikan dari modal doang ya, itu belum harga jual,"" kata salah seorang pedagang di Pasar Pramuka, Yana, kepada detikcom, Selasa (8/9/2026).
Menurut Yana kenaikan harga produk, termasuk masker, memang lumrah terjadi jika permintaan mendadak naik seperti sekarang ini. Sebab ketersediaan stok jadi habis mendadak.
(acd/acd)",finance,https://finance.detik.com/berita-ekonomi-bisnis/d-8654240/harga-masker-mahal-imbas-abu-anak-krakatau-pengawasan-mesti-diperketat
114,"Tokopedia dan TikTok Shop buka suara terkait laporan dari pelaku usaha mikro kecil dan menengah (UMKM) mengenai dugaan pemblokiran akun sepihak dan penahanan saldo. Laporan tersebut disampaikan para UMKM ke Komisi VII DPR RI.
Executive Director of Tokopedia dan TikTok E-commerce Indonesia, Stephanie Susilo mengatakan penangguhan yang dilakukan bersifat sementara. Ia menekankan penjual (seller) dan pembeli merupakan mitra penting bagi platform e-commerce. Keluhan yang disampaikan oleh mereka ditanggapi serius dan ditindak secara menyeluruh.
""Jadi sebetulnya penangguhan dana itu bersifat sementara dan ini kami lakukan untuk melindungi penjual maupun pembeli,"" ujar Stephanie usai rapat dengar pendapat umum bersama Komisi VII DPR RI, Jakarta Pusat, Selasa (8/9/2026).
Ia menjelaskan alasan pihaknya melakukan hal tersebut demi melindungi penjual dan pembeli. Tak hanya itu, ekosistem Tokopedia dan TikTok Shop juga menjadi platform yang aman bagi penjual dan pembeli.
Pihaknya juga sudah menelusuri kepada 217 seller. Dana total penahanan saldo sebesar Rp 24 miliar, bukan Rp 3 triliun seperti yang dilaporkan.
""Jadi berdasarkan data yang kami punya, terkait 217 seller yang sudah kami telusuri, dana total itu adalah Rp 24 miliar, di mana untuk sebesar Rp 16,7 miliar memang terdapat kasus fraud. Jadi sangat jauh dibandingkan angka yang beredar sebelumnya,"" beber ia.
Stephanie menjelaskan penangguhan dana dilakukan hanya saat investigasi berlangsung. Apabila hasil investigasi tersebut seller tidak melakukan fraud, ia memastikan dana tersebut akan dirilis oleh platform.
""Untuk jangka waktu investigasi sesuai service level agreement adalah 90 hari plus 90 hari, di mana yang penting untuk juga diketahui oleh teman-teman media adalah kami juga memberikan kesempatan bagi seller untuk mengajukan banding, dan pastinya akan kami telusuri dan tindak lanjuti secara serius,"" tambahnya ia.
Melansir dari unggahan di akun Instagram @dpr_ri, Komisi VII DPR RI menerima pengaduan dari pelaku Usaha Mikro, Kecil, dan Menengah (UMKM) terkait dugaan pembekuan akun secara sepihak oleh sejumlah platform media sosial dan e-commerce. Aduan tersebut datang dari Peradi DPC Bekasi Raya dan Gerakan Ekonomi Kreatif Nasional (Gekrafs) DPC Kota Bekasi.
Berdasarkan laporan yang disampaikan perwakilan UMKM dalam audiensi, estimasi total saldo yang tertahan diproyeksikan mencapai Rp 3 triliun dari sekitar 500 pelaku usaha yang terdampak di seluruh Indonesia.
Menindaklanjuti aduan tersebut, Komisi VII DPR RI akan memanggil terhadap pengelola platform digital seperti TikTok, Tokopedia, dan Shopee untuk mengklarifikasi serta meminta penjelasan secara komprehensif.
DPR juga akan berkoordinasi dengan Kementerian Komunikasi dan Digital (Komdigi) serta Komisi Pengawas Persaingan Usaha (KPPU) guna mengevaluasi regulasi transaksi elektronik. Langkah ini diambil untuk memastikan adanya aturan yang jelas dan adil bagi seluruh pihak dalam ekosistem perdagangan digital.
""Kami tidak bisa hanya mendengar satu sisi. Karena sudah menerima pengaduan, tentu akan kami tindak lanjuti dengan menghadirkan pihak yang diadukan agar persoalan ini memperoleh solusi yang adil,"" ujar Wakil Ketua Komisi VII DPR Evita Nursanty.
(acd/acd)",finance,https://finance.detik.com/berita-ekonomi-bisnis/d-8654233/tiktok-tokopedia-buka-suara-soal-kabar-blokir-tahan-saldo-seller
115,"Menteri Keuangan (Menkeu) Purbaya Yudhi Sadewa, mengaku tak pusing mengelola anggaran untuk program Makan Bergizi Gratis (MBG). Hanya saja, ia menyebut program tersebut memiliki sejumlah konsekuensi, salah satunya terhadap neraca utang jika terjadi kebocoran anggaran.
""Saya mah nggak pusing, tinggal bayar. Cuma kan konsekuensinya ke utang segala macam, apalagi kalau ada kebocoran sana-sini,"" ungkap Purbaya kepada wartawan di kawasan Sunter, Jakarta Utara, Selasa (8/9/2026).
Meski begitu, Purbaya menilai Badan Gizi Nasional (BGN) saat ini dipimpin oleh sosok yang tepat. Pasalnya, BGN saat ini banyak melakukan efisiensi terhadap penyelenggaraan program prioritas Presiden Prabowo Subianto tersebut.
Purbaya mengatakan, BGN telah melakukan efisiensi anggaran menjadi Rp 240 triliun dari Rp 330 triliun. Ia menilai, anggaran program MBG juga masih berpeluang dipangkas untuk implementasi tahun ini.
""Jadi kepala BGN yang baru orangnya cukup bagus ya, bagus malah. Itu sudah melakukan efisiensi Implementasi program itu, sudah ada penghematan yang besar. Tahun ini kan tadinya anggarannya Rp 330 triliun, turun ke Rp 270 triliun, Rp 240 triliun. Dan saya pikir tahun ini implementasinya akan di bawah itu, di bawah Rp 200 triliun mungkin dugaan saya,"" jelasnya.
Purbaya menambahkan, implementasi MBG saat ini lebih terkendali yang diharapkan semakin baik. Ia juga mengaku akan ikut mengawasi pelaksanaan program tersebut, khususnya pada operasional Satuan Pelayanan Pemenuhan Gizi (SPPG).
""Jadi saya kerahkan orang Dirjen Perbendaharaan di seluruh Indonesia untuk memonitor secara berkala SPPG-SPPG yang ada di setiap daerah Indonesia. Itu akan menjadi penambahan tentang pelaksanaan program itu, nanti kalau ada yang ngaco-ngaco kita kasih masukkan ke BGN bahwa di satu tempat SPPG tertentu melakukan kesalahan dan kalau nggak didenger kita kurangin anggarannya,"" pungkasnya.
(acd/acd)",finance,https://finance.detik.com/berita-ekonomi-bisnis/d-8654222/purbaya-ngaku-tak-pusingkan-anggaran-bgn-tahun-ini-tak-sampai-rp-200-t
116,"Komisi XI DPR RI mendorong perluasan lingkup penindakan pidana dalam Rancangan Undang-Undang (RUU) Perampasan Aset. Dalam usulan tersebut, perampasan aset didorong tidak hanya untuk tindak pidana korupsi, tetapi juga kejahatan di sektor perbankan dan perpajakan.
Menanggapi hal tersebut, Menteri Keuangan (Menkeu) Purbaya Yudhi Sadewa, mengaku belum mengetahui dan membahas rancangan RUU tersebut. Adapun saat ini, RUU Perampasan Aset masih dalam tahap penyusunan di DPR.
""Saya belum tau dan belum bahas itu, saya nggak bisa jawab,"" ungkap Purbaya di kawasan Sunter, Jakarta Utara, Selasa (8/9/2026).
Meski begitu, Purbaya tak menutup kemungkinan adanya perluasan penindakan RUU Perampasan Aset ke sektor perpajakan. Namun ia menekankan, perlu ada batasan penerapan sanksi perampasan aset agar tetap menjaga prinsip keadilan.
""Mungkin bisa tapi jangan sekali melanggar langsung diambil semua. Harus ada asas-asas keadilan juga, mungkin kalau sudah berkali-kali, kayak gitu ya bisa, atau dengan sengaja melakukan itu untuk mengelabui pajak, bisa saja,"" jelasnya.
Ia menegaskan, asas keadilan perlu dikedepankan agar tidak membebani masyarakat. Pasalnya, terdapat juga rakyat yang kadang kala lupa untuk membayar pajak.
""Jadi, kita terapkan prinsip keadilan yang betul nanti. Kalau itu diterapkan pun Harus ada rambu-rambu yang jelas. Jadi gini, jangan sampai menyulitkan Rakyat biasa yang kadang-kadang lupa atau lalai,"" pungkasnya.
Sebagai informasi, Anggota Komisi XI DPR Harris Turino menegaskan RUU Perampasan Aset tak boleh hanya menyasar tindak pidana korupsi. Ia mendorong aturan tersebut bisa diterapkan terhadap seluruh tindak pidana, termasuk kejahatan di sektor perbankan dan perpajakan.
Menurutnya, sejumlah tindak pidana juga perlu dijerat dengan mekanisme perampasan aset. Di antaranya perdagangan orang, narkotika, senjata, hingga perdagangan organ.
""Termasuk perdagangan orang, perdagangan narkotika, perdagangan senjata, perdagangan organ. Perbankan, perpajakan. Enak amat orang gelapin pajak nggak bisa disita,"" ujar Harris dalam keterangannya, dikutip dari detikNews Sabtu (5/9/2026).
Tonton juga video ""Pesan Advokat untuk DPR Terkait RUU Perampasan Aset""
(ahi/ara)",finance,https://finance.detik.com/berita-ekonomi-bisnis/d-8654113/soal-usulan-nunggak-pajak-jadi-landasan-perampasan-aset-purbaya-bilang-gini
117,"Imbas paparan abu vulkanik dari aktivitas erupsi Gunung Anak Krakatau, Bandara Soekarno-Hatta yang menjadi sentra ekspor impor sempat ditutup. Supply Chain Indonesia (SCI) mencatat penutupan bandara tersebut membuat arus barang ekspor impor senilai Rp 3,3 triliun mandek.
""Sebaran abu vulkanik dapat memicu penutupan ruang udara, pembatalan atau pengalihan penerbangan, perubahan jadwal, dan penumpukan kargo,"" ujar Founder & CEO Supply Chain Indonesia (SCI) Setijadi dalam keterangannya, Selasa (8/9/2026).
Setijadi memaparkan pada 2025, nilai ekspor nonmigas melalui Soekarno-Hatta mencapai US$ 9,90 miliar dan impor US$ 20,77 miliar. Nilai indikatif arus perdagangan bruto tersebut mencapai US$ 30,67 miliar setahun atau rata-rata US$ 84,03 juta per hari.
Volume impor mencapai 174,9 ribu ton setahun atau rata-rata 479 ton per hari. Angka tersebut mengacu pada data BPS dan Satu Data Perdagangan Kementerian Perdagangan, dengan data ekspor 2025 berstatus revisi.
Setijadi menjelaskan gangguan penerbangan selama delapan jam berpotensi menunda arus ekspor-impor sekitar US$ 28 juta, terdiri atas ekspor US$ 9,04 juta dan impor USD18,97 juta, termasuk hampir 160 ton barang impor.
Jika gangguan berlangsung selama 48 jam, nilai indikatif barang yang berpotensi tertunda meningkat menjadi sekitar US$ 168 juta atau sekitar Rp 3 triliun (kurs Rp 17.900), terdiri atas ekspor US$ 54,23 juta dan impor US$ 113,83 juta, termasuk sekitar 960 ton barang impor.
Perhitungan tersebut hanya mencakup perdagangan internasional melalui Soekarno-Hatta, belum termasuk pengiriman domestik, dan bukan estimasi kerugian langsung. Ekspor menggunakan nilai FOB, sedangkan impor menggunakan nilai CIF, kerugian aktual bergantung pada pembatalan penerbangan, pengalihan kargo, karakteristik komoditas, dan waktu pemulihan operasi.
Hitungan itu pun baru merupakan hitungan selama 48 jam, sedangkan Bandara Soekarno-Hatta sempat ditutup hingga 67 jam. Pihaknya merekomendasikan solusi dalam jangka pendek, yaitu pengelola bandara, maskapai, freight forwarder, Bea dan Cukai, karantina, serta pemilik barang perlu mengaktifkan koordinasi tanggap darurat.
Prioritasnya meliputi pemantauan sebaran abu secara real-time, penjadwalan ulang penerbangan, penyediaan kapasitas tambahan, percepatan penanganan dokumen, dan pengalihan kargo melalui bandara alternatif.
Barang mudah rusak, farmasi, komponen produksi kritis, elektronik bernilai tinggi, dan kiriman ekspres perlu mendapatkan prioritas. Pengiriman domestik dapat dialihkan ke moda darat, kereta api, laut, atau jaringan multimoda.
Dalam jangka panjang, perusahaan perlu membangun rencana kontinuitas bisnis berdasarkan beberapa skenario durasi gangguan, menetapkan bandara dan moda alternatif, serta memiliki kontrak kapasitas cadangan dengan penyedia jasa logistik.
""Importir perlu menyesuaikan persediaan pengaman untuk bahan baku kritis, sedangkan eksportir perlu menyiapkan gudang dan fasilitas rantai dingin alternatif,"" papar Setijadi.
Pemerintah juga diminta menyusun protokol logistik kebencanaan lintas-instansi agar gangguan penerbangan akibat erupsi tidak berkembang menjadi gangguan rantai pasok dan produksi yang lebih luas.
Tonton juga video ""Terminal 3 Soetta Kembali Beroperasi, Begini Suasana Terkininya!""
(hal/ara)",finance,https://finance.detik.com/berita-ekonomi-bisnis/d-8653993/bandara-soetta-sempat-ditutup-barang-ekspor-impor-rp-3-t-mandek
118,"Badan Pemulihan Aset (BPA) Kejaksaan Agung mengungkap sekitar 30% barang rampasan negara yang dilelang tidak mendapatkan penawar. Salah satu penyebabnya adalah harga barang yang dinilai terlalu tinggi.
Menurut Kepala BPA Patris Yusrian Jaya, dalam menentukan harga limit, barang rampasan dinilai berdasarkan harga pasar seperti barang pada umumnya. Padahal, salah satu daya tarik membeli barang melalui lelang adalah mendapatkan harga yang lebih murah.
""Penentuan limit ini kadang-kadang terlalu tinggi barang-barang rampasan ini dinilai seperti barang-barang pada umumnya nilai pasarnya. Sementara bagi pembeli, yang diharapkan dari lelang ini salah satunya adalah karena harganya lebih murah. Akibatnya pada waktu lelang, sekian persen, 30% rata-rata barang yang dilelang ini tidak ada penawar,"" katanya dalam rapat dengan Komisi III DPR RI di Kompleks Parlemen, Jakarta, Selasa (8/9/2026).
Patris menambahkan, aturan Kementerian Keuangan mengatur penilaian ulang terhadap barang tersebut baru dapat dilakukan tiga bulan kemudian. Selama menunggu proses penilaian ulang, negara masih harus menanggung biaya pengelolaan dan pemeliharaan barang rampasan.
Bahkan setelah harga limit diturunkan pada lelang berikutnya, belum ada jaminan barang tersebut akan terjual. Kondisi tersebut pada akhirnya menyebabkan penumpukan aset rampasan yang belum dapat diselesaikan melalui mekanisme lelang.
""Ada aturan di Kementerian Keuangan, penilaian ulang ini hanya dapat dilakukan 3 bulan kemudian, sehingga di sini negara mengeluarkan biaya pengelolaan, biaya pemeliharaan dan pada waktu dilelang yang kedua nanti dengan limit yang sudah diturunkan belum tentu juga bisa laku. Ini menyebabkan penumpukan aset-aset yang belum dapat dilelang,"" bebernya.
Selain persoalan harga, BPA juga menghadapi kendala dalam melelang kendaraan bermotor yang berasal dari sita eksekusi. Salah satunya terkait penerbitan surat baru kendaraan setelah barang tersebut dijual.
Menurut BPA, kepolisian mensyaratkan putusan pengadilan untuk menerbitkan surat kendaraan baru. Sementara putusan pengadilan yang dimiliki dalam sejumlah perkara hanya mengatur kewajiban terpidana membayar uang pengganti secara umum.
""Putusan pengadilan yang kita pegang hanya secara umum memberikan kewajiban kepada terpidana untuk membayar uang pengganti dan untuk menyelesaikan kewajiban. Ini kami melakukan penyitaan, jika penyitaan ini dilakukan untuk kendaraan bermotor maka di sini mengalami kesulitan karena belum adanya kesinkronan antara aturan di Kepolisian, di Keuangan, dengan di Kejaksaan,"" tutupnya.",finance,https://finance.detik.com/berita-ekonomi-bisnis/d-8653958/30-barang-rampasan-negara-nggak-laku-dilelang-ini-penyebabnya
119,"Menteri Keuangan (Menkeu), Purbaya Yudhi Sadewa, membeberkan hal kurang enak selama menjabat sebagai Bendahara Negara. Salah satunya ia mengaku sempat dicap sombong karena berupaya membangun ekspektasi pasar terhadap makroekonomi.
Saat menjabat sebagai Menkeu, ia mengaku Indonesia baru saja mengalami aksi demonstrasi besar-besaran. Karenanya, ia mengemban tugas untuk membangun kepercayaan publik.
""Pertama kan waktu saya jadi menteri, itu kan kita baru menghadapi demo besar, saya mesti kembalikan confidence ke masyarakat secepat-cepatnya. Caranya bagaimana? Saya terapkan apa, pengetahuan yang sudah disebut, saya pernah belajar macroeconomics of self-fulfilling prophecies. Jadi, kita membentuk ekspektasi, dari ekspektasi itu nanti biasanya ekonomi yang berjalan ke arah sana,"" ungkap Purbaya di kawasan Sunter, Jakarta Utara, Selasa (8/9/2026).
Dalam praktiknya, teori tersebut tidak mudah diterapkan. Purbaya mengaku terpaksa lebih banyak bicara. Meski begitu, sikap tersebut justru dinilai sebagian pihak sebagai bentuk kesombongan.
""Dalam waktu dekat kan susah untuk itu. Ya terpaksa saya omong gede, yang dibilang orang sombong, 'itu Purbaya sombong banget.' Itu bukan sombong, tapi desain untuk membentuk ekspektasi ke depan, ke arah yang positif,"" jelasnya.
Jika pasar memiliki ekspektasi positif, perekonomian nasional juga berpeluang bergerak lebih baik. Sebab, masyarakat dan investor menjadi lebih percaya diri untuk kembali beraktivitas dan mengambil keputusan ekonomi.
Purbaya mengatakan sejumlah kebijakan telah ditempuh untuk membangun kepercayaan pasar. Salah satunya dengan memindahkan Saldo Anggaran Lebih (SAL) ke bank pelat merah pada September tahun lalu. Namun, pasar keuangan Indonesia kembali menghadapi tantangan setelah adanya pengumuman dari MSCI, Fitch Ratings, dan Moody's.
""Investor tidak takut investasi, masyarakat tidak takut belanja, perusahaan pun tidak takut ekspansi, karena mereka pikir ekonomi akan membaik ke depan. Tapi kalau semua berpikir ekonomi akan meresesi, ekonomi bisa betul-betul resesi. Kenapa? Karena investor takut ekspansi, masyarakat takut belanja,"" pungkasnya.
Tonton juga video ""Banggar Tagih Profil Utang Pemerintah, Purbaya: DPR Mau Minta Kapan?""
(ahi/ara)",finance,https://finance.detik.com/berita-ekonomi-bisnis/d-8653903/purbaya-cerita-omong-gede-hingga-dicap-sombong-klaim-buat-kerek-ekonomi
120,"Asosiasi Pengusaha Truk Indonesia (Aptrindo) menilai pemerintah belum siap menerapkan aturan pelaksanaan Zero Over Dimension Overloading (ODOL) pada awal 2027 mendatang. 
 
Sekjen Aptrindo, Agus Pratiknyo, mengatakan pemerintah akan menghadapi berbagai kendala jika pelaksanaan Zero ODOL dipaksakan pada awal 2027. Sebab pemerintah dinilai belum memiliki database kendaraan yang kuat dan terintegrasi.
""Sampai sekarang Kemenhub sama sekali belum memiliki database kendaraan yang kuat dan terintegrasi. Jadi, bagaimana mungkin Zero ODOL itu bisa diterapkan tanpa adanya database yang belum terintegrasi,"" ujar Agus dalam keterangan tertulis, Selasa (8/9/2026).
 
Dia mencontohkan data kendaraan berdasarkan ijin SRUT dengan izin KIR yang sampai saat ini belum terintegrasi. Di mana, SRUT adalah dokumen wajib bagi setiap kendaraan baru yang ditetapkan Kementerian Perhubungan melalui Direktur Jenderal Perhubungan Darat. Sementara, KIR itu aplikasinya dikuasai oleh Dinas Perhubungan Provinsi dan Kabupaten/Kota.
""Para petugas KIR itu kan secara fungsional saja menginduk kepada Kementerian Perhubungan. Namun, secara struktural mereka itu lebih tunduk kepada pemerintah daerah setempat,"" katanya.
""Jadi, jika data di Kemenhub itu tidak terintegrasi dengan data yang ada di dinas perhubungan provinsi dan kabupaten/kota, pelaksanaan Zero ODOL itu pasti akan menghadapi banyak kendala terutama terkait database kendaraan,"" sambung Agus.
Karenanya, dia tidak yakin integrasi teknologi Weigh in Motion (WIM) dengan Electronic Traffic Law Enforcement (ETLE) mampu mewujudkan terciptanya Zero ODOL pada 2027 mendatang.
Meski mendukung WIM karena membantu pengurangan terjadinya pungli, tapi menurutnya, keberhasilan WIM dan ETLE itu juga sangat bergantung pada database yang sudah terintegrasi.
""Masalahnya, databasenya kan belum terintegrasi. ETLE tidak bisa membaca data kendaraan jika datanya tidak lengkap,"" terang Agus.
 
Dalam hal ini, dia menyoroti kendaraan dump truck yang mayoritas hanya memiliki SRUT saja dan tidak melakukan uji KIR. Katanya, kalau tidak memiliki KIR, meskipun di capture oleh ETLE -WIM, tapi karena data fisik kendaraannya tidak ada, maka cabin dump-nya juga tidak akan terlihat.
""Nah, ini kan akan jadi masalah pada saat penindakan di lapangan. Pasti terjadi keributannya,"" tuturnya.
 
Menurut Agus, kondisi ini pasti akan muncul kecemburuan dari pemilik kendaraan yang patuh terhadap aturan SRUT dan KIR. Mereka akan menganggap pemerintah tebang pilih dalam menerapkan Zero ODOL ini.
Oleh karena itu, menurutnya pemerintah harus meng-capture dulu semua kendaraan, baik itu yang comply maupun tidak. ""Karena, kendaraan yang tidak patuh yang hanya memiliki SRUT saja, justru lebih beruntung ketimbang mereka yang memiliki SRUT dan KIR,"" tukasnya.
Lihat juga Video: DPR, Menhub dan Asosiasi Pengemudi Rapat Bahas ODOL, Ini Hasilnya",finance,https://finance.detik.com/berita-ekonomi-bisnis/d-8653857/pengusaha-truk-sebut-aturan-zero-odol-belum-siap-di-2027-ini-alasannya
121,"Badan Pemulihan Aset (BPA) Kejaksaan Agung berhasil menyetorkan Rp 26,04 triliun ke kas negara dalam tiga tahun terakhir. Dana tersebut berasal dari hasil penyelesaian aset, termasuk pelelangan aset yang dirampas untuk negara.
Dalam kurun waktu tersebut, BPA telah menyelesaikan sebanyak 21.737 aset. Menurut Kepala BPA, Patris Yusrian Jaya, penyelesaiannya dilakukan melalui sejumlah mekanisme, mulai dari pelelangan, pemusnahan, hingga penyerahan aset kepada pihak yang berhak seperti dalam kasus investasi bodong.
""Adapun capaian kinerja Badan Pemulihan Aset tiga tahun terakhir ini semenjak BPA ini dibentuk telah berhasil menyelesaikan dalam bentuk melakukan lelang dan menyetor ke kas negara, memusnahkan, kemudian melelang dan menyerahkan kepada para pihak yang berhak seperti dalam kasus investasi bodong sebanyak 21.737 aset,"" katanya dalam rapat bersama Komisi III DPR RI di kompleks parlemen, Selasa (8/9/2026).
Adapun nilai yang disetorkan ke kas negara selama periode tersebut mencapai Rp 26.041.025.704.989. Setoran terbesar tercatat terjadi pada 2025 dengan nilai mencapai Rp 19,65 triliun. Sementara pada 2024, BPA menyetorkan sekitar Rp 1,43 triliun ke kas negara.
Sedangkan sepanjang 2026 hingga saat ini, setoran yang telah berhasil dikumpulkan mencapai Rp 4,94 triliun. Dana tersebut berasal dari hasil pelelangan aset yang dirampas untuk negara.
""Rincian tahun 2024 Rp 1,43 triliun, tahun 2025 Rp 19,65 triliun, tahun 2026 ini sampai dengan hari ini BPA telah berhasil menyetor ke kas negara hasil pelelangan aset yang dirampas untuk negara sebesar Rp 4,94 triliun,"" ujarnya.
Patris menambahkan, dalam menjalankan pemulihan aset, BPA juga masih menghadapi sejumlah kendala. Salah satunya terkait perbedaan persepsi mengenai penetapan status barang temuan yang menyebabkan proses eksekusi aset terlambat bahkan tidak dapat diselesaikan.
""Kendala yang dihadapi oleh badan pemulihan aset ini yang pertama mengenai status barang temuan masih ada di lapangan perbedaan persepsi dengan teman-teman di pengadilan tentang penetapan status barang temuan, sehingga ini eksekusinya terlambat atau bahkan tidak bisa diselesaikan sama sekali,"" tutupnya.
Simak juga Video Prabowo Sebut Rp 6,6 T Hasil Rampasan Bisa untuk Renovasi 6 Ribu Sekolah",finance,https://finance.detik.com/berita-ekonomi-bisnis/d-8653829/negara-kantongi-rp-26-triliun-dari-aset-rampasan
122,"Purbaya Yudhi Sadewa genap setahun menjabat sebagai Menteri Keuangan (Menkeu) sejak dilantik Presiden Prabowo Subianto. Ia pun membeberkan kesan senang selama mendapat mandat sebagai Bendahara Negara.
Kesan pertama yang ia sebut adalah berhasil menurunkan berat badan. Menurutnya, penurunan berat badan ini menandakan besarnya kerja seorang Menteri Keuangan.
""Paling gampang kalau liat berat badan saya kan? Pas. Jadi menteri saya 102 kg, sekarang 97 kg atau 98 kg, itu sudah recover. Kemudian turun ke 88 kg, berarti kerjanya memang berat di Kementerian Keuangan,"" ungkap Purbaya di kawasan Sunter, Jakarta Utara, Selasa (8/9/2026).
Di samping itu, Purbaya juga mengaku senang lantaran bisa menguji berbagai teori ekonomi. Hal tersebut menjadi salah satu kesan menyenangkan sepanjang menjabat sebagai menteri.
""Kalau untuk ilmuwan seperti saya, ekonom kan ilmuwan, itu paling menarik adalah ketika kita bisa menguji teori-teori di lapangan langsung dan kita lihat hasilnya sesuai dengan apa yang kita prediksi atau yang kita rencanakan,"" jelasnya.
Meski belum tumbuh kencang, ekonomi Indonesia disebut berhasil keluar dari kutukan pertumbuhan 5%. Hal tersebut tercatat pada pertumbuhan pada kuartal IV-2025 sebesar 5,39%, kemudian kuartal I-2026 tumbuh 5,61%, dan kuartal II-2026 tumbuh 5,29%.
Purbaya mengatakan, perlambatan pertumbuhan ekonomi terjadi karena gangguan global. Namun begitu, ia meyakini ekonomi Indonesia sudah tumbuh ke arah 6% yang ditargetkan akan tercapai pada kuartal IV-2026.
""Saya pastikan sudah keluar dari kutukan pertumbuhan 5%. Triwulan ke-IV tahun lalu kan 5,39%, triwulan pertama 5,61%, triwulan ke-I 5,29%. Agak turun sedikit, tapi karena gangguan global ya, tapi sekarang siap untuk gerakkan 6% lagi, tapi mungkin triwulan IV tahun ini bisa mendekati 6%,"" pungkasnya.
Simak juga Video Banggar Tagih Profil Utang Pemerintah, Purbaya: DPR Mau Minta Kapan?",finance,https://finance.detik.com/berita-ekonomi-bisnis/d-8653781/purbaya-setahun-jadi-menkeu-berat-badan-turun-sebut-ri-keluar-dari-kutukan-5
123,"Revisi Undang-Undang Nomor 1 Tahun 1987 tentang Kamar Dagang dan Industri dinilai jadi momen penguatan Kadin. Kadin menjadi mitra strategis pemerintah dalam membangun ekosistem perekonomian nasional.
""Revisi UU No 1/1987 tentang Kadin perlu memasukkan norma dan klausul tentang fungsi dan peran Kadin dalam perekonomian nasional dengan tetap melibatkan Kadin dalam proses konsultasi, penyusunan, implementasi, hingga evaluasi kebijakan di bidang perekonomian, khususnya yang berkaitan dengan perdagangan, industri, investasi, dan jasa. Terkait dengan penetapan kebijakan nasional tetap menjadi wewenang dari kementerian/lembaga/badan pemerintah yang terkait,"" ujar Anggota Fraksi Partai Golkar DPR RI, Doni Akbar, Selasa (8/9/2026).
Lebih jauh ia mengatakan, fungsi dan peran Kadin yang berpotensi berbenturan dengan fungsi pemerintah dalam penyusunan dan penetapan kebijakan nasional perlu untuk didalami secara komprehensif. Untuk itu, ia mendorong penguatan fungsi Kadin dalam memberikan pelayanan kepada pelaku usaha dan dunia usaha, penyediaan data, informasi, fasilitasi, dukungan terhadap keberlanjutan usaha. Kadin baginya, harus mampu menjadi jembatan yang efektif antara kepentingan dunia usaha dengan pemerintah, bukan sekadar menjadi organisasi administratif.
""Tetapi, terkait gagasan pembentukan lembaga penyelesaian sengketa bisnis baru, saya berpandangan perlu dilakukan kajian yang lebih mendalam. Jangan sampai pembentukan lembaga baru justru menambah panjang rantai kelembagaan, tumpang tindih kewenangan, dan menciptakan ketidakpastian bagi pelaku usaha,"" ujarnya.
Indonesia telah memiliki berbagai lembaga dan mekanisme penyelesaian sengketa yang menangani persoalan dunia usaha dan perlindungan konsumen, antara lain KPPU, BPKN, serta mekanisme arbitrase penyelesaian sengketa yang telah memiliki dasar hukum. Karena itu, pilihan kebijakan yang lebih tepat menurut saya adalah memperkuat kewenangan, kapasitas, koordinasi, dan efektivitas lembaga yang sudah ada, daripada terus menambah lembaga baru.
""Orang sakit batuk jangan diberikan obat sakit kepala. Kalau persoalannya adalah lemahnya efektivitas penyelesaian sengketa, maka yang harus diperbaiki adalah mekanisme dan kapasitas penyelesaian sengketanya. Jangan setiap persoalan kelembagaan dijawab dengan membentuk lembaga baru yang menambah beban biaya,"" cetusnya.
Doni menilai, revisi regulasi UU Kadin seharusnya diarahkan untuk menjawab kebutuhan nyata dunia usaha dengan memberikan kepastian hukum, kemudahan berusaha, akses informasi dan data, fasilitasi investasi, penyelesaian hambatan usaha, serta perlindungan terhadap keberlanjutan usaha, khususnya UMKM.
""Penguatan kelembagaan bukan berarti memperbesar kewenangan, melainkan memperjelas fungsi, memperkuat kapasitas, dan memastikan Kadin benar-benar hadir sebagai mitra strategis pemerintah sekaligus representasi dunia usaha,"" urainya.
Lihat juga Video: Kilasan Outlook Indonesia 2026, Peran Penggerak Ekonomi Nasional",finance,https://finance.detik.com/berita-ekonomi-bisnis/d-8653800/peran-pengusaha-dalam-ekonomi-nasional-didorong-makin-diperkuat
124,"Himpunan Pertashop Merah Putih Indonesia (HPMPI) meminta pemerintah untuk dapat memberikan kesempatan bagi Pertashop menyalurkan BBM subsidi. Saat ini Pertashop hanya bisa menyalurkan BBM nonsubsidi.
Ketua Umum Dewan Pimpinan Pusat HPMPI, Steven, mengatakan Pertashop memiliki jaringan yang telah tersebar di berbagai pelosok Indonesia. Tercatat saat ini terdapat sekitar 6.500 outlet yang tersebar di berbagai wilayah Indonesia.
Menurutnya, dengan banyaknya outlet tersebut dapat dimanfaatkan pemerintah untuk membantu menyalurkan BBM subsidi agar lebih tepat sasaran.
""Untuk rekan-rekan wilayah Pertashop yang memungkinkan dan memenuhi kriteria, mohon sekiranya dapat diizinkan dibukakan peluang menjadi SPBU Kompak ataupun menjadi SPBU menjadi lembaga penyalur,"" katanya dalam Rapat Audiensi dengan Komisi XII DPR, Selasa (8/9/2026).
Adapun usulan tersebut dilakukan di tengah meningkatnya harga BBM nonsubsidi. Steven menyampaikan bahwa adanya perbedaan harga yang tinggi antara BBM nonsubsidi dengan BBM subsidi mengakibatkan konsumen beralih ke BBM subsidi.
Kondisi ini kata Steven menjadi celah timbulnya penjualan BBM subsidi secara eceran. Oleh karena itu, ia meminta DPR untuk memberikan masukan kepada pemerintah untuk menertibkan penjual BBM secara eceran.
""Penertiban eceran. Karena sudah ada jaringan kami, Pimpinan, di seluruh wilayah pelosok Indonesia. Kenapa tidak dimanfaatkan? Sebab kehadiran kami tentunya membawa hal-hal positif bagi daerah di mana kami berada. Harap ini menjadi pertimbangan, Pimpinan,"" ujarnya.
Dalam kesempatan tersebut juga, Steven meminta adanya pembahasan lebih bersama dengan kementerian dan lintas sektor untuk membahas keberlanjutan usaha Pertashop. Setelah adanya rencana Koperasi Desa Merah Putih untuk menyalurkan barang subisidi.
""Kami harapkan adalah lintas kementerian dan juga lintas sektor. Karena beberapa waktu yang lalu kami sempat mendengar mendapat rumor yang beredar adanya bentuk usaha (Koperasi Desa Merah Putih) yang sama dari kementerian yang lain. Karena kita menghindari adanya tumpang tindih., akan lebih baik kalau kita bisa kombinasi, kolaborasi,"" katanya.
Lihat juga Video: Heboh Petugas Pertashop di Palembang Dianiaya, Diduga Pelaku Dendam",finance,https://finance.detik.com/berita-ekonomi-bisnis/d-8653765/pengusaha-pertashop-minta-bisa-ikut-jual-pertalite
125,"Presiden Prabowo Subianto meminta agar program bantuan pangan beras berlanjut hingga akhir 2026. Perum Bulog menyatakan siap menjalankan penyaluran bantuan pangan beras untuk alokasi Oktober, November, dan Desember 2026 sebagai bagian dari upaya pemerintah menjaga ketahanan pangan keluarga, melindungi daya beli, serta memastikan kebutuhan pangan masyarakat tetap terpenuhi.
Direktur Utama Perum Bulog Ahmad Rizal Ramdhani menyampaikan keputusan Presiden tersebut kembali memperlihatkan kuatnya perhatian pemerintah dalam memastikan kebutuhan pangan masyarakat tetap terjaga. Arahan Bapak Presiden menunjukkan keberpihakan dan perhatian yang sangat besar kepada masyarakat yang membutuhkan.
""Bulog akan mengoptimalkan seluruh sumber daya dan jaringan operasional yang dimiliki dalam mendukung kelancaran penyaluran,"" ujar Rizal dalam keterangannya, Selasa (8/9/2026).
Dari sisi stok, Rizal memastikan siap untuk kembali menyalurkan bantuan pangan beras alokasi Oktober hingga Desember. Ia berharap bantuan ini dapat meringankan pemenuhan kebutuhan sehari-hari keluarga penerima Bantuan Pangan, sekaligus memberikan rasa aman bahwa pemerintah hadir memastikan kebutuhan pangan masyarakat tetap terjaga.
""Kesiapan stok beras pemerintah, jaringan pergudangan yang tersebar di berbagai wilayah Indonesia, serta pengalaman BULOG dalam menjalankan berbagai penugasan pangan nasional menjadi kekuatan untuk memastikan beras dapat dipersiapkan dengan kualitas yang terjaga dan disalurkan secara efektif kepada masyarakat yang berhak menerima,"" tambah Rizal.
Kelanjutan Bantuan Pangan Beras hingga Desember 2026 semakin memperkuat sinergi pemerintah dalam menjaga ketahanan pangan sekaligus memberikan perlindungan nyata kepada masyarakat. Sebagai perusahaan pangan negara, BULOG berkomitmen menjalankan setiap amanah pemerintah secara profesional, akuntabel, dan tepat sasaran, sehingga kekuatan stok pangan yang dimiliki negara dapat memberikan manfaat secara langsung kepada masyarakat.
Sebelumnya, Menteri Koordinator Bidang Perekonomian Airlangga Hartarto mengatakan program bantuan pangan bakal terus diberikan hingga akhir tahun. Bantuan pangan beras 10 kilogram (kg) per bulan terakhir disalurkan hingga September, dan akan diperpanjang sampai Desember.
Airlangga bilang ini merupakan arahan langsung Presiden Prabowo Subianto usai melakukan rapat terbatas di Istana Kepresidenan, Jakarta Pusat, Senin sore kemarin.
""Terkait dengan program-program bantuan yang disiapkan untuk tahun ini, termasuk bantuan beras yang sampai dengan bulan September itu 30 kg. Lalu, arahan bapak presiden itu untuk dilanjutkan di bulan selanjutnya, yaitu Oktober, November, dan Desember,"" beber Airlangga, dikutip Selasa (8/9/2026).
Lihat juga Video: Hadapi El Nino, Bantuan Beras 30 Kg Dilanjutkan hingga Desember",finance,https://finance.detik.com/berita-ekonomi-bisnis/d-8653752/bantuan-beras-lanjut-hingga-desember-bulog-jamin-pasokan-cukup
126,"PT Asuransi Tugu Pratama Indonesia Tbk atau Tugu Insurance terus memperkuat kualitas layanan dan pengalaman pelanggan sebagai bagian dari transformasi perusahaan. Berkat konsistensi tersebut, Tugu Insurance berhasil meraih dua penghargaan nasional dalam ajang Service Quality Award 2026 dan Customer Journey Experience Award 2026.
Business Development Group Head Tugu Insurance, Yudhi Ferraro, menjelaskan kedua penghargaan tersebut menjadi cerminan positif dari persepsi nasabah terhadap mutu pelayanan Tugu Insurance. Pencapaian ini sekaligus menegaskan keberhasilan perusahaan dalam menghadirkan pengalaman berinteraksi yang memuaskan bagi seluruh pelanggan.
""Bagi kami, penghargaan ini tak hanya sebuah pencapaian, tetapi menjadi apresiasi sekaligus pengingat bahwa memberikan pengalaman terbaik kepada pelanggan merupakan proses yang harus terus dikembangkan. Kami ingin setiap interaksi dengan Tugu Insurance dapat memberikan rasa aman, kemudahan, dan kepercayaan,"" ujar Yudhi dalam keterangan tertulis, Selasa (8/9/2026).
Dudi menambahkan, pengakuan tersebut melanjutkan rangkaian apresiasi yang sebelumnya diterima perusahaan di bidang layanan pelanggan. Sebelumnya, Call TIA Tugu Insurance Assistance sukses meraih predikat Exceptional dalam ajang dalam Contact Center Service Excellence Award (CCSEA) 2026.
Penguatan lini pelayanan nasabah berjalan selaras dengan kinerja keuangan Tugu Insurance yang mencatatkan pertumbuhan positif sepanjang semester I 2026. Perusahaan membukukan laba bersih sebesar Rp 480,29 miliar atau tumbuh 76,87% secara tahunan didorong oleh peningkatan pendapatan jasa asuransi hingga Rp 4,45 triliun.
Selain itu, pendapatan jasa asuransi turut meningkat 16,31% menjadi Rp 4,45 triliun. Hasil jasa asuransi juga tumbuh 85,56% menjadi Rp 602,95 miliar.
Sebagai informasi, penghargaan Service Quality Award 2026 yang diselenggarakan oleh Carre Service Quality Monitoring mencatat sebanyak 239 merek layanan di Indonesia berhasil meraih penghargaan tersebut pada 2026. Predikat Diamond diberikan kepada perusahaan yang memiliki nilai indeks di atas 4.000 sekaligus berada di atas rata-rata industri.
Sementara itu, CJX Award 2026 melihat pengalaman pelanggan secara lebih menyeluruh sepanjang perjalanan mereka berinteraksi dengan perusahaan. Penilaian berbasis Customer Journey Experience Index ini mencakup aspek inovasi, keamanan transaksi, adopsi teknologi, hingga layanan digital maupun konvensional.
Tonton juga Video: Malam Penghargaan detiktimur Awards 2026",finance,https://finance.detik.com/berita-ekonomi-bisnis/d-8653722/perkuat-customer-experience-tugu-insurance-raih-2-penghargaan-nasional
127,"Sebaran abu vulkanik erupsi Gunung Anak Krakatau hingga ke wilayah Jakarta menjadi berkah tersendiri bagi para pedagang Pasar Pramuka. Stok masker yang sebelumnya lama tersimpan kini ludes diburu pembeli yang datang ke sentra produk medis di Jakarta Timur itu.
Masalahnya, menipisnya stok masker di tengah lonjakan permintaan yang mendadak membuat harga produk di pasar mengalami peningkatan. Alhasil pedagang terpaksa menyesuaikan harga jual eceran mengikuti kenaikan harga modal dari distributor yang stok masker dagangannya juga mulai habis.
""Semuanya naik, semua masker medis naik. Kenaikannya lumayan, beda Rp 10.000 satu kotak. Yang biasa distributor jual Rp 25.000, sekarang sudah di atas Rp 50.000. Itu kenaikan dari modal doang ya, itu belum harga jual,"" kata salah seorang pedagang di Pasar Pramuka, Yana, kepada detikcom, Selasa (8/9/2026).
""Kalau harga jual kita naikkan cuma Rp 10.000, Rp 5.000, atau sampai paling tinggi Rp 15.000 dari harga awal, jadi agak kurangi keuntungan per kotak dari pemesanan yang biasa,"" terangnya lagi.
Menurut Yana kenaikan harga produk, termasuk masker, memang lumrah terjadi jika permintaan mendadak naik seperti sekarang ini. Sebab ketersediaan stok jadi habis mendadak.
Namun berdasarkan pengalaman pada Covid-19, alih-alih mengikuti kenaikan harga pasar, sedikit mengurangi untung agar produk cepat habis lebih baik dilakukan, sebab ia tidak tahu lonjakan permintaan ini akan terjadi sampai kapan.
Lagi pula, lonjakan permintaan dan harga masker selama dua hari ini tak seperti saat pandemi Covid-19 pertama kali terjadi. Sehingga ia juga tidak perlu stok masker terlalu banyak, dan langsung menghabiskan yang ada.
""Nggak seperti Covid lah. Naiknya cuma Rp 10.000, Rp 5.000, atau sampai paling tinggi Rp 15.000 gitu dari pemesanan yang biasa. Permintaan juga nggak sebanyak kayak Covid, tapi ada. Nggak mau stok banyak-banyak. Nanti giliran erupsi sudah habis, ya masker tetap kita jual cuma harganya nggak mungkin semahal sekarang,"" kata Yana.
Sementara itu, salah seorang pedagang di Pasar Pramuka lain, Selly, mengatakan kondisi ramai pembeli sudah terjadi sejak minggu (6/9) kemarin saat kabar erupsi Gunung Anak Krakatau tersebar. Sementara puncak keramaian baru terjadi pada Senin (7/9).
Menurutnya mayoritas pengunjung datang untuk mencari masker. Bahkan tidak hanya datang langsung ke area pasar, ia mengaku sejumlah langganan sudah menghubungi langsung via aplikasi berbagi WhatsApp terkait harga dan ketersediaan stok masker di tokonya.
Selly mengatakan kondisi ini sangat berbeda dengan suasana pasar sehari-hari di mana pengunjung yang datang biasanya hanya langganan toko saja. Namun kini Pasar Pramuka mulai dipadati pengunjung harian juga.
""Kalau permintaan masker banyak. Ada saja sih yang nanya melalui WhatsApp ataupun orang datang langsung banyak ke sini. Kemarin lah lebih banyak yang cari. Jadi ada perputaran di sini. Kalau nggak cuma langganan biasa yang ke sini. Kalau orang ke pasar mah sudah jarang sekarang,"" ujar Selly.
Dalam hal ini, ia mengaku penjualan masker di tokonya meningkatkan sangat drastis. Dari awalnya tak sampai 10 box per hari, namun pada hari Senin kemarin satu pengunjung bisa memborong 10-20 box dalam sekali pembelian.
""Kalau hari biasa kan nggak banyak. Biasa sehari nggak sampai 10 box laku. Kemarin tuh sudah mulai meningkat gitu. Ada yang permintaan sampai 10-20 box satu orang doang. Kayak gitu, perbedaannya,"" tuturnya.
Kondisi langsung membuat stok masker di tokonya ludes hari itu juga dan ia segera melakukan pemesanan ulang setelah mengambil barang dari distributor. Karena hal ini, Selly mengatakan produk yang kini ada di etalase tokonya adalah produk yang baru ia ambil dari distributor hari ini.
Namun stok yang dimilikinya sekarang juga sangat terbatas, hanya dari produk yang sudah ia pesan sebelumnya. Sementara untuk produk masker lainnya, ia menyebut distributor langganannya juga mulai kehabisan stok.
Namun ia belum mengetahui apakah kondisi ini akan membuat harga masker yang dijualnya nanti akan ikut mengalami kenaikan atau tidak. Sebab ia baru mengajukan pesanan baru kemarin
""Sebenarnya ini pesanan sebelumnya tuh, kalau mau tambah kata distributornya sih persediaan pada kosong. Nah, mungkin mereka juga sudah pada banyak yang pesan baru juga. Jadi kita pesan kan baru hari Senin, kita sudah ketinggalan juga kayaknya,"" ujarnya.
Simak juga Video: Pesan Dokter Paru: Masker Tidak Boleh Dibasahi!",finance,https://finance.detik.com/berita-ekonomi-bisnis/d-8653651/harga-masker-di-pasar-pramuka-sudah-naik-2-kali-lipat
128,"Harga emas diprediksi akan terus mengalami kenaikan pada beberapa waktu ke depan. Meskipun dalam dua hari ini, harga emas Antam sudah turun hingga Rp 13.000 per gramnya.
Pengamat Mata Uang dan Komoditas, Ibrahim Assuaibi memprediksi harga emas Antam bakal naik menjadi sekitar Rp 3 juta per gram. Adapun prediksi tersebut seiring belum berakhir konflik di Timur Tengah dan Eropa Timur.
Ia menilai konflik tersebut dapat meningkatkan permintaan terhadap emas sebagai aset lindung nilai.
""Logam mulia kembali ke level Rp 3 juta, ya dalam akhir tahun kemungkinan besar akan terjadi. Karena hampir semua bank-bank besar ya, J.P. Morgan, Lehman Brothers, ya itu pun juga mengatakan bahwa kemungkinan besar permasalahan geopolitik di Timur Tengah dan Eropa Timur ini yang akan membuat harga emas dunia naik dan logam mulia pun juga akan kembali menguat,"" terangnya saat dihubungi detikcom, Selasa (8/9/2026).
Terkait dengan harga emas yang menunjukkan tren pelemahan sejak akhir pekan lalu. Di mana, harga emas Antam 24 karat hari turun Rp 3.000 per gram berada di level Rp 2.637.000 per gram. Hari ini, Selasa (8/9/2026) harga emas juga turun Rp 10.000 per gram menjadi Rp 2.627.000 per gram.
Ibrahim menyampaikan pelemahan harga emas yang terjadi saat ini dipengaruhi oleh sejumlah sentimen. Pertama, data tenaga kerja Amerika Serikat (AS) yang menunjukkan perbaikan.
Menurutnya, membaiknya kondisi tenaga kerja AS meningkatkan kemungkinan bank sentral AS, Federal Reserve (The Fed) mempertahankan suku bunga tinggi. Bahkan, peluang kenaikan suku bunga juga kembali terbuka.
Kedua ialah harga minyak mentah dunia yang terus naik. Harga minyak mentah West Texas Intermediate (WTI) telah berada di atas US$ 90 per barel, sementara Brent mendekati US$ 100 per barel. Kondisi berpotensi mendorong inflasi AS.
""Pada saat inflasi tinggi, berarti Bank Sentral Amerika akan mempertahankan suku bunga tinggi. Dan ini yang membuat akhirnya apa, harga emas yang tadinya sempat mengalami lonjakan-lonjakan ke US$ 4.600, kemudian terpengaruh penurunan,"" ujarnya.
Dengan adanya tren pelemahan ini, Ibrahim menilai bahwa saat ini merupakan waktu yang tepat bagi investor untuk mulai berinvestasi di emas. Menurutnya, koreksi harga yang terjadi saat ini hanya bersifat sementara, sementara prospek harga emas dalam jangka menengah hingga panjang masih positif.
""Jadi turunnya harga emas ini sebenarnya harusnya dimanfaatkan oleh para investor atau masyarakat yang belum mengoleksi logam mulia untuk melakukan pembelian terhadap logam mulia,"" ujarnya.
Lihat juga Video: Harga Emas Antam Ambruk Hari Ini",finance,https://finance.detik.com/berita-ekonomi-bisnis/d-8653611/harga-emas-diramal-naik-ke-rp-3-juta-lagi-ini-perkiraan-waktunya
129,"Ketua Dewan Perwakilan Rakyat (DPR) RI Puan Maharani merespons kabar lahan bekas kebakaran hutan dan lahan (karhutla) berubah menjadi perkebunan sawit dalam waktu singkat. Menurut Puan, peristiwa tersebut tidak boleh terjadi dan harus segera diusut.
""Hal-hal yang berkaitan Karhutla kemudian sudah berubah alih fungsi, nanti kami akan meminta pihak yang terkait untuk menyelidiki hal itu dan itu seharusnya tidak boleh terjadi dan harus segera diselidiki,"" ujar Puan di Gedung DPR RI, Jakarta Pusat, Selasa (8/9/2026).
Indonesia memang masuk dalam jalur cincin api pasifik atau ring of fire. Dari tahun ke tahun, ia menyebut pemerintah sudah melakukan berbagai mitigasi untuk mengantisipasi hal tersebut.
Dalam hal penanganan bencana, Puan menekankan harus dilakukan secara terpadu serta melibatkan koordinasi lintas kementerian dan lembaga.
""Karenanya kami mengharapkan pemerintah atau KL bisa melakukan mitigasi ke depannya itu dilakukannya itu secara bersama-sama dan biasanya dikoordinasi oleh para Menko, kemudian dilakukan secara bersama-sama oleh semua kementerian lembaga,"" bebernya.
Tidak hanya fokus pada penanganan saat bencana terjadi, Puan juga menekankan pentingnya mengantisipasi dampak jangka panjang pascabencana, termasuk masalah sosial, kesehatan seperti ISPA, hingga pendidikan anak-anak yang terganggu.
""Seperti sekarang sudah ada masalah ISPA, kemudian kondisi anak-anak yang pendidikannya terganggu, itu juga harus segera teratasi dan bagaimana ke depannya itu harus segera ada solusinya,"" imbuh ia.
Sebelumnya, Menteri Kehutanan (Menhut) Raja Juli Antoni buka suara soal dugaan lokasi bekas kebakaran hutan dan lahan (karhutla) akan ditanami sawit. Menurut Raja, kegiatan membakar hutan adalah kegiatan ilegal. Ia juga mengingatkan tindakan semacam itu memiliki konsekuensi hukum yang tegas.
""Namanya itu kan kebakaran hutan dan lahan. Kalau pun ada yang membakar hutan, kalau pun ada yang membakar hutan, saya pastikan itu nggak boleh tanam sawit, karena itu ilegal,"" ujar Raja di kompleks DPR, Jakarta, Selasa (1/9/2026).
Kementerian Kehutanan akan berkoordinasi dengan Kementerian Agraria dan Tata Ruang/Badan Pertanahan Nasional (ATR/BPN) dan Kementerian Pertanian untuk mencegah lokasi bekas kebakaran digunakan untuk mendirikan usaha, termasuk menanam sawit.
Apabila kebakaran terjadi di area penggunaan lain (APL), pihaknya akan berkoordinasi dengan Menteri ATR/BPN Nusron Wahid agar lahan tersebut tidak mendapatkan hak guna usaha (HGU).
Simak juga Video: Polisi Ungkap Modus Karhutla untuk Buka Lahan Sawit",finance,https://finance.detik.com/berita-ekonomi-bisnis/d-8653574/puan-soroti-lahan-bekas-karhutla-jadi-kebun-sawit-harus-segera-diselidiki
130,"Jakarta mendadak ramai oleh warga yang berburu masker. Pasar Pramuka, Jakarta Timur, yang biasanya didominasi pembeli langganan, kini kedatangan banyak wajah baru yang mencari pelindung pernapasan.
Fenomena ini terjadi setelah abu vulkanik erupsi Gunung Anak Krakatau terbawa hingga ke wilayah Jakarta. Sejak Senin (7/9), pedagang mulai merasakan lonjakan permintaan, bahkan ada pembeli yang sekali datang langsung memborong hingga 20 box masker.
Berdasarkan pantauan detikcom, Selasa (8/9/2026), sejak pagi hingga 11.30 WIB, kawasan pasar terus ramai dikunjungi para pembeli. Mereka tampak keluar masuk area pasar silih berganti mendatangi toko-toko yang ada.
Meski tidak menimbulkan kepadatan yang sangat besar, area pasar tampak menjadi sangat sibuk. Terlihat sejumlah pembeli lebih banyak berpusat pada pedagang yang menaruh berbagai produk masker di etalase toko.
Di sana, mereka terlihat serius melihat-lihat beragam opsi masker di kios-kios tersebut. Hal tersebut membuat beberapa lorong di dalam Pasar Pramuka yang sedari awal cukup sempit jadi lebih sulit dilalui meski tak sampai berdesakan.
Salah seorang pedagang di Pasar Pramuka, Selly, mengatakan kondisi ramai pembeli ini mulai terjadi sejak minggu (6/9) kemarin. Namun puncak keramaian baru terjadi pada Senin (7/9), sengaja datang untuk mencari masker.
""Kalau permintaan masker banyak. Ada saja sih yang nanya melalui WhatsApp ataupun orang datang langsung banyak ke sini. Kemarin lah lebih banyak yang cari. Jadi ada perputaran di sini. Kalau nggak cuma langganan biasa yang ke sini. Kalau orang ke pasar mah sudah jarang sekarang,"" ujar Selly saat ditemui detikcom.
""Kalau hari biasa kan nggak banyak. Biasa sehari nggak sampai 10 box laku. Kemarin tuh sudah mulai meningkat gitu. Ada yang permintaan sampai 10-20 box satu orang doang. Kayak gitu, perbedaannya,"" tuturnya lagi.
Hal senada juga disampaikan oleh pedagang di Pasar Pramuka lain, Yana. Ia mengungkapkan kenaikan pengunjung di tokonya mulai terasa sejak kemarin, Senin (7/9). Untuk kenaikan pengunjung di hari sebelumnya, ia tidak tahu karena pada hari Minggu kemarin tokonya sedang tutup.
""Dari kemarin ramai. Kalau minggu nggak tahu, kita tutup,"" kata Yana.
Menurutnya tak sedikit pengunjung yang datang untuk mencari dan bertanya-tanya tentang produk masker yang dijualnya. Bahkan saat Yana berbincang dengan detikcom, ada pelanggan yang datang bertanya harga masker yang dijajakan kemudian langsung pergi keliling mencari toko yang lain.
""Masker tuh banyak macamnya, dari berbagai macam pabrik mengeluarkan masker dan kualitas ya tergantung harga deh kalau kayak gitu. Semakin harga mahal ya kualitasnya pasti semakin bagus,"" jelas Yana.
Lihat juga Video: Gunung Anak Krakatau Erupsi, Warga Diimbau Pakai Masker
(igo/fdl)",finance,https://finance.detik.com/berita-ekonomi-bisnis/d-8653551/ada-demam-masker-di-pasar-pramuka-pembeli-borong-20-box-sekaligus
131,"Harga emas terus menunjukkan tren pelemahan sejak akhir pekan lalu. Kemarin, harga emas Antam 24 karat hari turun Rp 3.000 per gram berada di level Rp 2.637.000 per gram. Hari ini, Selasa (8/9/2026) harga emas juga turun Rp 10.000 per gram menjadi Rp 2.627.000 per gram.
Pengamat mata uang dan komoditas, Ibrahim Assuaibi menyampaikan pelemahan harga emas yang terjadi saat ini dipengaruhi oleh sejumlah sentimen. Pertama, data tenaga kerja Amerika Serikat (AS) yang menunjukkan perbaikan.
Menurutnya, membaiknya kondisi tenaga kerja AS meningkatkan kemungkinan bank sentral AS, Federal Reserve (The Fed) mempertahankan suku bunga tinggi. Bahkan, peluang kenaikan suku bunga juga kembali terbuka.
Kedua ialah harga minyak mentah dunia yang terus naik. Harga minyak mentah West Texas Intermediate (WTI) telah berada di atas US$ 90 per barel, sementara Brent mendekati US$ 100 per barel. Kondisi berpotensi mendorong inflasi AS.
""Pada saat inflasi tinggi, berarti Bank Sentral Amerika akan mempertahankan suku bunga tinggi. Dan ini yang membuat akhirnya apa, harga emas yang tadinya sempat mengalami lonjakan-lonjakan ke US$ 4.600, kemudian terpengaruh penurunan,"" ujarnya saat dihubungi detikcom, Selasa (8/9/2026).
Dengan adanya tren pelemahan ini, Ibrahim menilai bahwa saat ini merupakan waktu yang tepat bagi investor untuk mulai berinvestasi di emas. Menurutnya, koreksi harga yang terjadi saat ini hanya bersifat sementara, sementara prospek harga emas dalam jangka menengah hingga panjang masih positif.
""Jadi turunnya harga emas ini sebenarnya harusnya dimanfaatkan oleh para investor atau masyarakat yang belum mengoleksi logam mulia untuk melakukan pembelian terhadap logam mulia,"" ujarnya.
Ia optimistis harga emas akan kembali menguat pada akhir tahun. Bahkan, dia memperkirakan harga emas ANTAM berpotensi kembali ke level Rp 3 juta per gram.
""Kemudian logam mulia kembali ke level Rp 3 juta, ya dalam akhir tahun kemungkinan besar akan terjadi. Karena hampir semua bank-bank besar ya, J.P. Morgan, Lehman Brothers, ya itu pun juga mengatakan bahwa kemungkinan besar permasalahan geopolitik di Timur Tengah dan Eropa Timur ini yang akan membuat harga emas dunia naik dan logam mulia pun juga akan kembali menguat,"" terangnya.
Lihat juga Video: Harga Emas Turun, Harus Apa?",finance,https://finance.detik.com/berita-ekonomi-bisnis/d-8653536/harga-emas-terus-anjlok-2-kabar-ini-jadi-biang-keroknya
132,"Presiden Prabowo Subianto berencana akan menambah anggaran untuk mitigasi bencana. Ketua Dewan Perwakilan Rakyat Puan Maharani mengingatkan pemanfaatannya harus lebih baik dibandingkan dengan sebelumnya.
Puan mengatakan DPR akan memberikan dukungan selama tambahan anggaran tersebut bermanfaat bagi masyarakat.
""Alokasi anggaran selama itu memang bermanfaat bagi kami tidak apa-apa, namun harus manfaatnya harus lebih baik daripada sebelumnya,"" ujar Puan di Gedung DPR RI, Jakarta Pusat, Selasa (8/9/2026).
Seperti diketahui, Presiden Prabowo Subianto mengatakan pemerintah akan meningkatkan alokasi anggaran untuk mitigasi bencana secara signifikan. Hal ini dinilai penting mengingat Indonesia berada di kawasan Cincin Api Pasifik atau Ring of Fire yang membuatnya rentan terhadap berbagai bencana alam.
""Negara yang berada di lingkaran api the ring of fire membawa kita untuk kita harus siap menghadapi keadaan seperti ini setiap saat,"" kata Prabowo dalam rapat terbatas penanganan bencana alam dengan kepala daerah secara virtual, Senin (7).
""Berarti mungkin pelajaran juga bagi kita, bagi pemerintahan yang saya pimpin, alokasi anggaran untuk mitigasi bencana harus kita tambah secara signifikan,"" lanjutnya.
Menteri Keuangan Purbaya Yudhi Sadewa mengatakan dana mitigasi bencana semuanya dikelola oleh Badan Nasional Penanggulangan Bencana (BNPB). Maka dari itu, pihaknya menunggu perhitungan dari BNPB terlebih dahulu soal tambahan anggaran.
""Nanti kita tingkatkan sesuai permintaan, kan BNPB yang hitung. Nanti kita lihat seperti apa perhitungan BNPB. Kan sekarang saya belum terima,"" ujar Purbaya di Kompleks Istana Kepresidenan, Jakarta Pusat, Senin (7/9).
Dalam berbagai kesempatan, Purbaya menyebut pemerintah menyiapkan dana siap pakai (on call) sebesar Rp 5 triliun untuk penanggulangan bencana alam di seluruh Indonesia pada pagu anggaran 2026. Purbaya berkomitmen untuk menambah anggaran tersebut tanpa batasan maksimal jika dana awal dinilai kurang mencukupi.
Simak juga Video Prabowo: Anggaran Mitigasi Bencana Harus Kita Tambah Secara Signifikan!",finance,https://finance.detik.com/berita-ekonomi-bisnis/d-8653520/puan-soal-anggaran-mitigasi-bencana-ditambah-manfaatnya-harus-lebih-baik
133,"Seluruh bandara yang sebelumnya terdampak erupsi Gunung Anak Krakatau kembali dibuka untuk operasional penerbangan. Berdasarkan pembaruan Kantor Otoritas Bandar Udara Wilayah I Kelas Utama, terdapat delapan bandara yang telah kembali beroperasi.
Informasi tersebut disampaikan melalui pembaruan operasional penerbangan per Selasa (8/9/2026) pukul 10.00 WIB. Pembukaan dilakukan setelah sebelumnya operasional bandar tersebut terdampak abu vulkanik Gunung Anak Krakatau.
""Seluruh Bandar Udara terdampak abu vulkanik Gunung Anak Krakatau telah dibuka kembali untuk operasional penerbangan,"" tulis Kantor Otoritas Bandar Udara Wilayah I Kelas Utama melalui akun Instagram resminya @otbansatu, Selasa (8/9/2026).
Delapan bandara tersebut yakni Bandara Soekarno-Hatta (CGK), Halim Perdanakusuma (HLP), Husein Sastranegara (BDO), Radin Inten II (TKG), Budiarto (RTO), Pondok Cabe (PCB), M. Taufik Kiemas (TFY), serta Bandara Salakanagara, Tanjung Lesung.
Meski seluruh bandara tersebut telah kembali beroperasi, masyarakat yang akan melakukan perjalanan menggunakan pesawat tetap diminta memeriksa status penerbangannya.
Penumpang juga diimbau mengonfirmasi jadwal penerbangan melalui kanal resmi masing-masing maskapai sebelum berangkat menuju bandara.
""Kami mengimbau kepada seluruh pengguna jasa penerbangan untuk memeriksa status dan mengonfirmasi jadwal penerbangan melalui kanal resmi maskapai sebelum melaksanakan perjalanan menuju bandar udara,"" jelas Kantor Otoritas Bandar Udara Wilayah I Kelas Utama.
Simak Video: Pertimbangan Menhub Buka Kembali Bandara Soekarno-Hatta",finance,https://finance.detik.com/berita-ekonomi-bisnis/d-8653500/8-bandara-terdampak-abu-vulkanik-anak-krakatau-kembali-operasi
134,"Dewan Perwakilan Rakyat (DPR) menyetujui permohonan pemindahtanganan barang milik negara (BMN) yang diajukan oleh pemerintah melalui mekanisme penjualan secara lelang. Aset negara yang akan dilelang tersebut berupa satu unit kapal eks-KRI Ki Hajar Dewantara dengan nomor lambung 364.
Persetujuan ini disampaikan langsung oleh Ketua Komisi I DPR RI, Utut Adianto, dalam rapat paripurna DPR ke-5 masa persidangan I tahun sidang 2026-2027 setelah melalui proses pembahasan bersama pihak pemerintah.
""Komisi I DPR RI menyetujui permohonan persetujuan pemindahtanganan barang milik negara melalui mekanisme penjualan secara lelang berupa satu unit kapal eks-KRI Ki Hajar Dewantara 364 pada Kementerian Pertahanan TNI Angkatan Laut sebagaimana disampaikan surat Bapak Presiden di awal,"" ujar Utut.
Utut membeberkan spesifikasi teknis serta latar belakang dari kapal perang legendaris tersebut. Kapal jenis korvet ini merupakan buatan galangan kapal di Split, Yugoslavia yang kini wilayahnya masuk ke Kroasia di tepi Laut Adriatik.
Kapal perang tersebut dibuat pada tahun 1979 dengan dimensi panjang 96,7 meter dan lebar 11,2 meter. Adapun nilai perolehan untuk kapal tersebut mencapai Rp 370.620.353.400.
""Ini kapalnya, Ki Hajar Dewantara nomor lambung 364, asal pembuatan Yugoslavia. Dari galangan kapal di Split. Nilainya Rp 370 (miliar),"" tambah ia.
Adapun proses penjualan aset negara ini didasarkan pada amanat Undang-Undang Nomor 1 Tahun 2004 tentang Perbendaharaan Negara. Regulasi tersebut mewajibkan setiap penjualan barang milik negara yang nilainya melebihi Rp 100 miliar untuk wajib memperoleh persetujuan dari DPR RI.
Setelah mendengarkan laporan lengkap dari Komisi I, Wakil Ketua DPR Sufmi Dasco mengetok palu persetujuan setelah para peserta sidang menyatakan setuju atas permohonan tersebut.
Lihat juga Video: Canopus-936, Kapal Perang Baru Indonesia dari Jerman",finance,https://finance.detik.com/berita-ekonomi-bisnis/d-8653432/kapal-eks-kri-ki-hajar-dewantara-bakal-dilelang-rp-370-m
135,"Sederet bencana alam melanda Indonesia dalam beberapa waktu terakhir, mulai dari banjir bandang, gempa bumi, hingga erupsi gunung berapi di beberapa daerah. Belum lagi urusan kebakaran hutan dan lahan (karhutla) juga belum selesai sepenuhnya penanganannya.
Lantas apakah deretan bencana ini dapat memperlambat pertumbuhan ekonomi di Indonesia? Menteri Koordinator Bidang Perekonomian Airlangga Hartarto mengatakan tentu saja perlambatan ekonomi bisa terjadi di daerah-daerah yang terdampak bencana saja, tidak secara nasional.
Sejauh ini pemerintah masih memonitor sebesar apa dampaknya dan apa saja yang bisa langsung diperbaiki untuk mempercepat pemulihan.
""Ya pertama tentu di daerah yang terdampak pasti terjadi kontraksi dan kami masih monitor program-program apa yang terkena dan di berbagai provinsi tersebut,"" ujar Airlangga di Kompleks Istana Kepresidenan, Jakarta Pusat, Selasa (8/9/2026).
Airlangga juga mengatakan pemerintah mulai memantau dampak erupsi beberapa gunung berapi terhadap aktivitas masyarakat yang berkurang.
""Sekarang juga kami sedang monitor akibat daripada letusan 5-6 gunung di Indonesia ini terutama untuk aktivitas masyarakat yang sangat berkurang,"" ujar Airlangga.
Dari segi logistik, Airlangga juga mengatakan pasti ada dampak ekonomi dan kerugian yang terjadi apalagi ada beberapa bandara besar yang mesti ditutup imbas abu vulkanik gunung berapi. Namun ketika ditanya berapa nominalnya, dia bilang pemerintah masih menghitungnya.
""Logistik sudah pasti di sektor penerbangan sudah terjadi gangguan karena sektor penerbangan kan juga ada kaitannya dengan kargo,"" ujar Airlangga.
""Sudah ada tapi kita monitor karena kita masih monitor berapa lama ini harus ditutup,"" katanya ketika ditanya apakah ada nominal kerugian.
Di sisi lain, Menteri Keuangan Purbaya Yudhi Sadewa sedikit optimistis dampak bencana, khususnya dampak erupsi Gunung Anak Krakatau tidak akan memperlambat perekonomian.Namun, dia mengakui dampak bencana kemungkinan cukup besar di Sumatera yang terkena banjir bandang dan NTT yang terkena gempa.
""Belum (memicu perlambatan ekonomi). Harusnya sih nggak terlalu signifikan ya kalau hanya beberapa hari. Kalau hanya beberapa hari bencana saja dan debunya kan nggak tebel-tebel amat kan ya? Kita lihat ke depan seperti apa,"" papar Purbaya di tempat yang sama.
""Kalau saya lihat secara kasar sih harusnya dampaknya nggak sebesar di Provinsi Sumatera Utara, Aceh, Sumatera Barat kemarin atau di NTT kemarin ya,"" lanjutnya.
Simak juga Video: Rencana Mensos soal Dana Darurat Bantu Warga Terdampak Bencana",finance,https://finance.detik.com/berita-ekonomi-bisnis/d-8653351/airlangga-sebut-bencana-bikin-ekonomi-kontraksi-di-daerah-terdampak
136,"Putri Mahkota Victoria Ingrid Alice Desiree berkunjung ke Nusa Tenggara Barat (NTB). Pewaris takhta Kerajaan Swedia itu berada di NTB selama empat hari, 5-8 September 2026.
Gubernur NTB Lalu Muhammad Iqbal menyampaikan bahwa kedatangan Victoria bukan hanya sebagai calon penerus Raja Carl XVI Gustaf, tetapi juga sebagai Goodwill Ambassador UNDP, badan pembangunan Perserikatan Bangsa-Bangsa.
Menurutnya, Lombok dipilih karena memiliki jejak panjang kerja sama dengan UNDP, mulai dari pemulihan pasca gempa, kesehatan, ekonomi biru hingga penguatan ekonomi masyarakat. Putri Victoria melihat secara dekat bagaimana agenda pembangunan berkelanjutan diterjemahkan dalam aksi nyata di lapangan.
""Beliau melihat langsung pengembangan ekonomi biru, perlindungan ekosistem pesisir, serta program asuransi terumbu karang. Hal itu sebagai sinergi pengelolaan pariwisata bahari dan pelestarian lingkungan laut,"" katanya dalam keterangan tertulis, Selasa (8/9/2026).
Iqbal menyampaikan, kunjungan tersebut semakin memperpanjang daftar tamu internasional yang datang ke NTB. Sebelumnya, sebanyak 11 duta besar negara sahabat sudah berkunjung ke NTB. Mulai dari duta besar Qatar H.E. Dr. Sultan bin Mubarak Saad Al-Dosari, Oman H.E. Mohamed Ahmed Salim Al-Shanfari, Maroko H.E. Redouane Houssaini, hingga Duta Besar Palestina Palestina H.E. Zuhair Saleh Muhammad Al-Shun.
Bahkan, tahun lalu Gubernur Iqbal menggelar Indonesia Gastrodiplomacy Series (IGS) yang diikuti duta besar dan diplomat perwakilan dari 27 negara. Mereka tak hanya dari Benua Asia, tapi juga Afrika, Amerika, bahkan dari Benua Eropa seperti Finlandia, Inggris, tak ketinggalan pula negara-negara maju seperti Tiongkok dan Korea.
Iqbal mengakui, mengenalkan NTB ke dunia bukan semata soal meningkatkan eksposur daerah. Diplomasi internasional harus berdampak pada terbukanya akses terhadap investasi, pasar, teknologi, wisatawan, hingga kesempatan kerja dan peningkatan kapasitas masyarakat NTB.
Pertemuan dengan Qatar, misalnya, digunakan untuk menjajaki peluang masuknya investasi dan modal swasta. Sementara hubungan dengan negara-negara lain dapat dikembangkan untuk memperluas pasar produk NTB, kerja sama pendidikan dan vokasi, hingga membuka akses bagi tenaga kerja NTB ke pasar internasional.
""Kita tidak ingin tamu-tamu internasional hanya datang, berfoto, lalu pulang. Kita ingin setiap hubungan yang dibangun membuka pintu ekonomi baru bagi NTB,"" kata Iqbal.
Lihat juga Video Heboh Ikan 'Kiamat' Oarfish Terdampar di Pantai Pink Lombok Timur",finance,https://finance.detik.com/berita-ekonomi-bisnis/d-8653345/putri-mahkota-swedia-datangi-lombok-ada-apa
137,"Lembaga Pembiayaan Ekspor Indonesia (LPEI)/Indonesia Eximbank bersama Direktorat Jenderal Perbendaharaan (DJPb) Kementerian Keuangan RI (Kemenkeu) meresmikan 48 Desa Devisa di Provinsi Kepulauan Babel. Langkah ini menjadi bagian dari sinergi Kemenkeu Satu dalam membangun kapasitas ekspor dari tingkat desa.
Hal ini sekaligus mendorong sumber pertumbuhan ekonomi daerah yang lebih beragam. Adapun seluruh Desa Devisa tersebut memiliki kekuatan pada tiga klaster komoditas unggulan yaitu lada, kerajinan lidi nipah, dan olahan perikanan. Masing-masing memiliki karakter produk dan basis pelaku usaha yang dapat dikembangkan untuk menjangkau pasar yang lebih luas.
Direktur Pelaksana Keuangan, Operasional, & Teknologi Informasi LPEI Anwar Harsono mengatakan konsistensi menjadi salah satu kunci agar pelaku usaha tidak hanya dapat memasuki, tetapi juga bertahan di pasar global.
""Keunikan produk adalah pintu masuk, tetapi yang membuat pelaku usaha bertahan di pasar ekspor adalah konsistensi. Kapasitas produksi, kualitas dan spesifikasi produk, tata kelola usaha, dan kesiapan finansial harus dibangun bertahap sebelum pelaku usaha berhadapan dengan pembeli luar negeri,"" ujar Anwar, dalam keterangan tertulis, Selasa (8/9/2026).
""Di situlah pendampingan Desa Devisa berperan,"" sambungnya.
Klaster lada mencakup 34 desa dengan sekitar 400 petani di Kabupaten Bangka Selatan dan Bangka Tengah. Produk yang dihasilkan berupa lada putih dalam bentuk biji dan bubuk. Lada Bangka telah dikenal di pasar global sebagai Muntok White Pepper, memiliki kandungan piperin tinggi yang memberikan karakter pedas tajam, serta telah memperoleh perlindungan Indikasi Geografis (IG).
Potensi berikutnya datang dari tujuh desa penghasil kerajinan lidi nipah yang melibatkan 50 perajin di Kabupaten Bangka dan Bangka Tengah. Serat lidi nipah yang tebal, panjang, dan lentur, dengan gradasi warna alami kecokelatan hingga krem, memberikan karakter premium pada produk kerajinan yang sepenuhnya organik dan mudah terurai.
Sementara itu, klaster olahan perikanan mencakup tujuh desa dengan 36 pelaku usaha kecil dan menengah di Kabupaten Bangka dan Bangka Tengah. Produk diolah dari hasil tangkapan laut segar, dengan puluhan Industri Kecil Menengah (IKM) yang telah bernaung dalam satu sentra sehingga penguatan dan penjagaan standar kualitas produk dapat dilakukan secara lebih terarah.
Sebagai Special Mission Vehicle (SMV) Kemenkeu, LPEI akan mendampingi pelaku usaha mulai dari penguatan kelembagaan dan manajemen ekspor hingga perluasan akses pasar.
Pendampingan tersebut meliputi pelatihan prosedur dan dokumen ekspor, penyusunan laporan keuangan berstandar akuntansi, pengenalan market intelligence, pembiayaan pengiriman sampel ke luar negeri, fasilitasi uji laboratorium, hingga keikutsertaan dalam pameran internasional.
Langkah LPEI ini didukung oleh sinergi lintas instansi yang solid. LPEI bersinergi dengan DJPb, Bea Cukai, Kementerian Perindustrian RI (Kemenperin), Bank Indonesia (BI) perwakilan Babel, dan Pemerintah Daerah (Pemda) Provinsi Kepulauan Bangka Belitung.
Masing-masing institusi memainkan peran strategis dalam membangun ekosistem ekspor yang berkelanjutan, dengan BI, Kemenperin, dan Pemda Babel berfungsi sebagai inkubator UMKM, sementara LPEI, DJPb, dan Bea Cukai menjalankan fungsi sebagai akselerator ekspor.
Kepala Kanwil DJPb Provinsi Kepulauan Babel sekaligus Kepala Perwakilan Kemenkeu Babel Muhamad Mufti Arkan menyatakan program ini merupakan bagian dari upaya membangun sumber pertumbuhan ekonomi baru yang lebih beragam, inklusif, dan berkelanjutan dengan menempatkan desa sebagai titik awal pembangunan ekonomi yang berorientasi global.
Program Desa Devisa merupakan program pendampingan berbasis community development yang diinisiasi Indonesia Eximbank untuk meningkatkan kapasitas masyarakat lokal dan mengembangkan komoditas unggulan desa hingga mampu menembus pasar ekspor.
Program ini sejalan dengan komitmen Indonesia Eximbank pada prinsip Environmental, Social, and Governance (ESG) dan kerangka Sustainable Development Goals (SDGs), sekaligus mendukung Asta Cita Pemerintah. Sinergi ini semakin melengkapi perjalanan LPEI selama 17 tahun dalam mengawal dan mendorong pertumbuhan ekspor nasional.
Program ini menjadi bagian dari upaya berkelanjutan LPEI untuk memastikan bahwa pertumbuhan ekspor tidak hanya bertumpu pada pelaku usaha besar, tetapi juga tumbuh dari potensi ekonomi masyarakat di berbagai daerah Indonesia.
(anl/ega)",finance,https://finance.detik.com/berita-ekonomi-bisnis/d-8653337/dorong-kapasitas-ekspor-lpei-kemenkeu-resmikan-48-desa-devisa-di-babel
138,"Menteri Koordinator Bidang Perekonomian Airlangga Hartarto mengatakan program bantuan pangan bakal terus diberikan hingga akhir tahun. Bantuan pangan beras 10 kilogram (kg) per bulan terakhir disalurkan hingga September, dan akan diperpanjang sampai Desember.
Airlangga bilang ini merupakan arahan langsung Presiden Prabowo Subianto usai melakukan rapat terbatas di Istana Kepresidenan, Jakarta Pusat, Senin sore kemarin.
""Terkait dengan program-program bantuan yang disiapkan untuk tahun ini, termasuk bantuan beras yang sampai dengan bulan September itu 30 kg. Lalu, arahan bapak presiden itu untuk dilanjutkan di bulan selanjutnya, yaitu Oktober, November, dan Desember,"" beber Airlangga, dikutip Selasa (8/9/2026).
Sebelumnya, Menteri Koordinator Bidang Pangan Zulkifli Hasan alias Zulhas mengatakan bansos pangan beras akan diberikan untuk periode Oktober, November, dan Desember 2026. Rencananya, penyaluran dilakukan secara sekaligus (dirapel) untuk periode tiga bulan tersebut kepada seluruh keluarga penerima manfaat.
Dia mengatakan penyaluran bansos ini menyasar masyarakat kurang mampu yang masuk dalam kelompok desil 1 hingga desil 4. Menurutnya mencakup puluhan juta jiwa.
""Kita sudah memutuskan bantuan pangan untuk desil 1-desil 4 sejumlah 33 juta sekian (penerima manfaat) ya, rakyat kita yang jumlahnya itu kali 10 kg per bulan. Jadi 30 kg,"" kata Zulhas dalam konferensi pers usai rapat di kantornya, Jakarta Pusat, Senin (7/9/2026) kemarin.
Menurutnya, langkah penyaluran bansos yang dilakukan sekaligus ini juga bertujuan untuk membanjiri stok masyarakat. Dengan begitu, permintaan akan beras di pasar dapat turun signifikan.
Kondisi ini dinilai dapat ikut menekan kenaikan harga imbas pelemahan produksi beras domestik di tengah musim kemarau kering hingga akhir tahun ini.
Lihat juga Video: Hadapi El Nino, Bantuan Beras 30 Kg Dilanjutkan hingga Desember",finance,https://finance.detik.com/berita-ekonomi-bisnis/d-8653305/arahan-prabowo-bantuan-beras-lanjut-sampai-desember
139,"Harga emas Antam kembali mengalami penurunan dan melanjutkan tren pelemahan sejak akhir pekan kemarin. Harga emas Antam 24 karat hari turun Rp 10.000 per gram berada di level Rp 2.627.000 per gram.
Berdasarkan situs Logam Mulia Antam, Selasa (8/9/2026), satuan harga emas hari ini yang terkecil ukuran 0,5 gram berada di angka Rp 1.363.500. Sementara harga emas 10 gram dijual dengan harga Rp 25.765.000 dan ukuran emas terbesar yakni 1.000 gram (1 kg) dibanderol Rp 2.567.600.000.
Jika ditarik dalam sepekan terakhir, harga emas Antam berada dalam rentang Rp 2.624.000-2.670.000 per gram. Sementara dalam sebulan terakhir, harga emas Antam bergerak dalam rentang Rp 2.624.000-2.768.000 per gram.
Buyback Emas
Harga emas hari ini untuk buyback emas Antam juga turun Rp 10.000 dan berada di level Rp 2.480.000 per gram. Harga buyback adalah jika Anda ingin menjual emas, maka Antam akan membelinya dengan harga tersebut.
Sesuai Peraturan Menteri Keuangan (PMK) Nomor 34 Tahun 2017, pembelian emas batangan akan dikenakan PPh 22 sebesar 0,9%. Jika ingin mendapatkan potongan pajak lebih rendah sebesar 0,45%, harus menyertakan NPWP untuk transaksinya.
Rincian Harga Emas Hari Ini
Harga emas 0,5 gram: Rp 1.363.500
Harga emas 1 gram: Rp 2.627.000
Harga emas 2 gram Rp 5.194.000
Harga emas 3 gram Rp 7.766.000
Harga emas 5 gram: Rp 12.910.000
Harga emas 10 gram: Rp 25.765.000
Harga emas 25 gram: Rp 64.287.000
Harga emas 50 gram: Rp 128.495.000
Harga emas 100 gram: Rp 256.912.000
Harga emas 250 gram: Rp 642.015.000
Harga emas 500 gram: Rp 1.283.820.000
Harga emas 1.000 gram: Rp 2.567.600.000
Demikian rincian harga emas hari ini keluaran Antam 1 gram hingga 1.000 gram, Selasa (8/9/2026).
Lihat juga Video: Harga Emas Antam Ambruk Hari Ini",finance,https://finance.detik.com/berita-ekonomi-bisnis/d-8653266/harga-emas-antam-hari-ini-jatuh
140,"PT Pupuk Indonesia (Persero) mencatatkan lonjakan kinerja keuangan sepanjang semester I 2026. Laba bersih perusahaan melonjak dari sekitar Rp 2,41 triliun pada periode yang sama tahun sebelumnya menjadi Rp 8,51 triliun.
Kenaikan tersebut mencapai 252,8 % secara tahunan. Kinerja positif Pupuk Indonesia bahkan turut mendapat sorotan Presiden RI Prabowo Subianto dalam pidato Sidang Tahunan MPR dan Sidang Bersama DPR-DPD RI pada Jumat (14/8/2026).
""Dan pada saat bersamaan keuntungan PT Pupuk Indonesia, perusahaan negara, BUMN, keuntungannya naik 252,8%. Harga pupuk turun, volume tambah, tapi keuntungan bagi PT Pupuk Indonesia naik 252,8%,"" ujar Prabowo.
Pertumbuhan laba tersebut menjadi salah satu gambaran kinerja BUMN yang dinilai semakin positif. Menariknya, peningkatan keuntungan Pupuk Indonesia terjadi bersamaan dengan kebijakan pemerintah untuk menurunkan harga pupuk hingga 20%.
""Pertama kali harga pupuk dapat kita turunkan kepada rakyat,"" ujar Prabowo.
Kondisi tersebut menunjukkan bahwa pertumbuhan Pupuk Indonesia tidak semata-mata berasal dari kenaikan harga jual pupuk. Perusahaan melakukan transformasi bisnis dengan mengedepankan efisiensi operasional dan disiplin biaya.
Laba Melonjak 253%
Berdasarkan kinerja Januari-Juni 2026, Pupuk Indonesia membukukan laba bersih Rp8,51 triliun. Angka tersebut tumbuh 253% dibandingkan periode yang sama pada tahun sebelumnya yang berada di kisaran Rp 2,41 triliun.
Selain laba, pendapatan perusahaan juga mengalami pertumbuhan signifikan. Pupuk Indonesia mencatatkan pendapatan Rp 59,67 triliun, meningkat 51% dibandingkan periode yang sama tahun sebelumnya.
Sementara itu, EBITDA perusahaan mencapai Rp 14,28 triliun atau tumbuh 140%. Pertumbuhan tersebut didorong oleh peningkatan volume produksi serta efisiensi biaya operasional yang menjadi bagian dari transformasi perusahaan.
Direktur Utama Pupuk Indonesia Rahmad Pribadi mengatakan kinerja tersebut merupakan hasil dari transformasi bisnis dan tata kelola yang dilakukan secara menyeluruh.
Menurutnya, penerapan operational excellence dan cost leadership yang dijalankan secara konsisten menjadi fondasi perusahaan untuk tumbuh secara berkelanjutan.
""Berkat dukungan pemerintah melalui Danantara transformasi bisnis secara menyeluruh sudah mulai membuahkan hasil berupa capaian kinerja keuangan yang membanggakan. Dengan fondasi keuangan yang semakin kuat, kami optimistis pertumbuhan ini berkelanjutan, bukan hanya untuk kinerja perusahaan, tapi juga untuk kontribusi yang lebih besar terhadap ketahanan pangan nasional,"" ujar Rahmad.
Efisiensi Jadi Motor Pertumbuhan
Industri pupuk memiliki tantangan tersendiri karena biaya produksi dipengaruhi oleh ketersediaan dan harga bahan baku serta energi.
Untuk menghadapi kondisi tersebut, Pupuk Indonesia memperkuat efisiensi sekaligus meningkatkan ketahanan bisnis. Perusahaan memperluas sumber pasokan dan skema kontrak bahan baku untuk mengurangi dampak volatilitas harga komoditas global.
Di sisi pendapatan, Pupuk Indonesia juga melakukan diversifikasi dengan memperkuat kontribusi segmen non-subsidi dan produk non-pupuk.
Strategi tersebut membuat perusahaan memiliki sumber pertumbuhan yang lebih beragam sehingga tidak sepenuhnya bergantung pada siklus harga komoditas.
Transformasi juga dilakukan melalui operational dan digital excellence, holding business streamlining, distribusi public service obligation serta penguatan bisnis komersial.
Revitalisasi 7 Pabrik
Transformasi Pupuk Indonesia turut menyasar fasilitas produksi. Penguatan kinerja keuangan yang dicapai perusahaan memberi ruang untuk meningkatkan investasi untuk peremajaan atau revitalisasi tujuh pabrik dalam lima tahun ke depan.
Langkah tersebut dilakukan sejalan dengan arahan Danantara untuk mengoptimalkan portofolio aset BUMN agar lebih produktif dan memberikan nilai tambah.
Saat ini Pupuk Indonesia memiliki kapasitas produksi nasional sekitar 14,8 juta ton per tahun. Kapasitas tersebut menjadi salah satu modal perusahaan untuk memenuhi kebutuhan pupuk dalam negeri sekaligus merespons peluang pasar global.
Optimalisasi aset menjadi penting untuk memastikan kapasitas produksi yang dimiliki dapat digunakan secara efisien. Dengan fasilitas yang lebih produktif, perusahaan memiliki ruang untuk menjaga biaya produksi sekaligus meningkatkan daya saing.
Perluas Bisnis di Luar Pupuk
Pupuk Indonesia juga mulai menyiapkan sumber pertumbuhan baru melalui diversifikasi bisnis. Dalam beberapa tahun mendatang, perusahaan menyiapkan pengembangan metanol dan turunannya, bisnis clean ammonia serta industrial support.
Diversifikasi tersebut diharapkan dapat memperluas sumber pendapatan perusahaan sekaligus mengurangi ketergantungan terhadap siklus bisnis pupuk.
Pengembangan clean ammonia juga menjadi bagian dari upaya perusahaan menangkap peluang bisnis yang berkembang seiring dengan transisi menuju industri yang lebih rendah emisi.
Dengan strategi tersebut, transformasi Pupuk Indonesia diarahkan tidak hanya untuk menghasilkan kinerja keuangan yang kuat saat ini, tetapi juga membangun fondasi bisnis yang mampu menghadapi perubahan kondisi ekonomi global.
Laba Naik, Petani Ikut Merasakan
Kinerja keuangan perusahaan juga berjalan beriringan dengan upaya pemerintah meningkatkan akses petani terhadap pupuk.
Sepanjang 2025, Pupuk Indonesia berhasil menyalurkan 8.110.571 ton pupuk bersubsidi atau meningkat 10,68% dibandingkan tahun sebelumnya.
Peningkatan tersebut didukung implementasi sistem i-Pubers yang mempercepat dan mempermudah proses penebusan pupuk. Penerapan Peraturan Presiden Nomor 6 Tahun 2025 juga menyederhanakan tata kelola penyaluran pupuk bersubsidi.
Hingga 1 September 2026, Pupuk Indonesia telah menyalurkan pupuk bersubsidi sebanyak 6,33 juta ton atau 64,3% dari alokasi 9,8 juta ton yang ditetapkan Pemerintah.
Rahmad mengatakan transformasi yang dilakukan perusahaan pada akhirnya diarahkan untuk memberikan manfaat langsung kepada petani sekaligus menjaga ketahanan pangan nasional.
""Sejalan dengan agenda transformasi BUMN yang didorong Danantara, semua perubahan struktural ini bermuara pada satu hal, pupuk yang terjangkau dan lebih cepat sampai ke petani, dengan cost yang lebih sehat bagi negara serta menjaga ketahanan pangan,"" ungkap Rahmad.
Di sisi lain, kebijakan pemerintah untuk menurunkan harga pupuk hingga 20% diharapkan semakin memperkuat akses petani terhadap sarana produksi.
Bagi Pupuk Indonesia, kondisi tersebut menjadi tantangan sekaligus peluang. Perusahaan harus mampu mempertahankan profitabilitas tanpa mengorbankan fungsi strategisnya dalam menyediakan pupuk bagi sektor pertanian.
Menjaga Pertumbuhan Tetap Berkelanjutan
Lonjakan laba dari Rp 2,41 triliun menjadi Rp 8,51 triliun menunjukkan adanya perubahan signifikan dalam kinerja Pupuk Indonesia. Namun, perusahaan tidak ingin pertumbuhan tersebut hanya menjadi capaian sesaat.
Rahmad menilai keberlanjutan laba harus dibangun melalui fondasi bisnis yang kuat sehingga perusahaan tetap mampu tumbuh ketika kondisi global mengalami perubahan.
""Bagi kami, keberlanjutan laba bukan soal mengejar angka tertinggi tiap tahun, tapi memastikan fondasi yang cukup kuat untuk tetap tumbuh meski kondisi global berubah-ubah. Ketahanan bisnis kami bukan hanya soal bertahan dari gejolak industri, tapi juga soal memastikan pertumbuhan ini dirasakan langsung oleh pelaku usaha kecil dan petani,"" pungkas Rahmad.
Dengan demikian, lonjakan laba Pupuk Indonesia pada semester I 2026 bukan hanya cerita mengenai pertumbuhan angka keuntungan. Di balik kenaikan tersebut terdapat strategi efisiensi, optimalisasi aset, diversifikasi bisnis dan transformasi tata kelola.
Pada saat yang sama, pemerintah berupaya memastikan peningkatan kinerja BUMN tersebut dapat berjalan seiring dengan kepentingan masyarakat melalui penurunan harga pupuk dan peningkatan akses petani.
Dari laba Rp 2,41 triliun menjadi Rp 8,51 triliun, pertumbuhan Pupuk Indonesia kini tidak hanya menjadi ukuran kesehatan perusahaan, tetapi juga bagian dari upaya memperkuat ekosistem pertanian dan ketahanan pangan nasional.
Lihat juga Video: Ini Program Pupuk Indonesia yang Bawa Pulau Lembata Mandiri Pangan!",finance,https://finance.detik.com/berita-ekonomi-bisnis/d-8652409/dari-rp-2-41-t-jadi-rp-8-51-t-mengintip-pertumbuhan-pupuk-indonesia
141,"Penyesuaian jadwal Commuter Line Jabodetabek telah dilakukan sejak Senin kemarin, sehingga beberapa perjalanan di lintas Jakarta-Kota dikurangi. Perawatan rangkaian KRL menjadi alasan utamanya.
Belakangan diketahui, ternyata rangkaian KRL yang melakukan perawatan besar adalah rangkaian yang diproduksi PT INKA seri iE305. PT INKA melakukan General Check Up terhadap rangkaian KRL yang baru beroperasi sejak akhir Desember 2025 lalu.
Pemeriksaan ini dilakukan untuk memastikan seluruh komponen bekerja dengan baik, termasuk sistem bogie, sistem propulsi, serta seluruh komponen yang berkaitan dengan aspek keselamatan perjalanan.
""Sejak awal proses ini berlangsung, tim engineering dan quality assurance kami sudah terjun langsung bersama tim KAI Commuter untuk memastikan setiap komponen, termasuk bogie dan sistem propulsi, berfungsi optimal,"" tutur Senior Manager Corporate Communication and Representative Office INKA, Nanang Agung Rohmandiyas dalam keterangan pers bersama KAI Commuter, Selasa (8/9/2026).
Sebagai bagian dari proses General Check Up ini, INKA akan terus berkoordinasi dengan KAI Commuter untuk memastikan seluruh rangkaian yang diproduksi memenuhi standar keselamatan dan kenyamanan bagi pengguna.
Di sisi lain, VP Corporate Secretary KAI Commuter Karina Amanda menyampaikan penyesuaian jadwal perjalanan ini dilakukan dengan menyesuaikan jumlah sarana yang dioperasikan. Dilakukan pada pagi dan sore hari dan bersifat sementara.
Sebanyak 17 perjalanan Commuter Line yang dilakukan penyesuaian pada pemberangkatan pagi hari, sore dan malam hari. Jadwal pembatalan 7 perjalanan dari Bogor/Cilebut/Depok menuju Manggarai/Jakarta Kota dan 5 perjalanan dari Jakarta Kota menuju Bogor pada pagi hari, serta terdapat 2 perjalanan dari Manggarai menuju Bogor dan 3 perjalanan dari Bogor pada sore hari.
""Saat ini kami melakukan proses perawatan rangkaian sarana KRL yang ada secara intensif, demi keselamatan dan keamanan perjalanan,"" kata Karina.
Dengan adanya penyesuaian jadwal keberangkatan tersebut, KAI Commuter hanya mengoperasikan sebanyak 1.048 perjalanan di seluruh lintas Commuter Line Jabodetabek sebelumnya sebanyak 1.065 perjalanan setiap harinya.
""Kami memahami pasti akan ada ketidaknyamanan bagi para pengguna Commuter Line selama proses perawatan ini. Kami mohon maaf atas ketidaknyamanan yang ditimbulkan,"" ujar Karina.
Dia juga menegaskan bahwa KAI Commuter akan terus menginfokan secara berkala terkait jadwal dan operasional Commuter Line melalui pengumuman informasi di Stasiun, di atas kereta, aplikasi C-Access, maupun melalui kanal media sosial resmi KAI Commuter.
(hal/ara)",finance,https://finance.detik.com/berita-ekonomi-bisnis/d-8653186/17-perjalanan-krl-dibatalkan-imbas-perawatan-armada-buatan-inka
142,"Penanganan insentif terus dilakukan untuk mengurai kepadatan kendaraan di jalur akses menuju Pelabuhan Penyeberangan Ketapang, Banyuwangi. Kemacetan panjang diklaim mulai berkurang.
Kepala KSOP Kelas III Tanjung Wangi Purgana, menyampaikan meskipun antrean mulai terurai, sejumlah dinamika di lapangan masih mempengaruhi kelancaran arus kendaraan. Kepadatan terutama dipengaruhi oleh tingginya volume kendaraan logistik menuju Gilimanuk, perbaikan salah satu dermaga di Pelabuhan Gilimanuk, serta belum optimalnya kapasitas angkut karena satu dari empat kapal Atosim Lampung Pelayaran (ALP) masih menjalani perawatan (docking).
""Selain faktor kapasitas kapal dan perbaikan dermaga, terdapat kendala operasional berupa keterbatasan kapasitas Kantong Parkir/RTK ALP yang dikelola BUMDes, yang hanya mampu menampung sekitar 85 unit kendaraan. Kondisi tersebut menyebabkan sebagian truk terpaksa parkir di bahu jalan. Kami juga mencatat adanya kendala pada mekanisme ticketing melalui jasa pengurus truk,"" papar Purgana.
Berdasarkan hasil pemantauan pada Senin sore kemarin pukul 16.00 WIB, panjang antrean kendaraan logistik terpantau sekitar 2,5 kilometer (km) dari Pelabuhan Ketapang, dengan titik akhir antrean berada di depan Terminal Sritanjung. Kondisi tersebut menunjukkan penurunan yang signifikan dibandingkan Minggu malam ketika panjang antrean sempat mencapai sekitar 9,4 km.
Dalam menangani kondisi tersebut, KSOP Kelas III Tanjung Wangi terus memperkuat koordinasi bersama Balai Pengelola Transportasi Darat (BPTD), PT ASDP Indonesia Ferry, operator kapal, serta pemangku kepentingan terkait.
Dari sisi kepelabuhanan dan keselamatan pelayaran, langkah yang dilakukan antara lain melalui optimalisasi operasional kapal, pengawasan kelaiklautan kapal, pengaturan pola sandar sesuai kondisi operasional, serta memastikan pelayanan penerbitan Surat Persetujuan Berlayar (SPB) berjalan sesuai ketentuan.
Guna meningkatkan kapasitas angkut, telah disiapkan tambahan kapal untuk mendukung pelayanan penyeberangan, yaitu KMP Jatra I yang dijadwalkan tiba pada Selasa pukul 02.00 WIB, disusul KMP Port Link pada pukul 07.30 WIB.
Selain optimalisasi kapal, pada Selasa, 8 September 2026 direncanakan akan dilakukan survei bathimetri di sekitar Dermaga Bulusan untuk mengetahui kondisi kedalaman perairan dan posisi dolphin yang jatuh. Hasil survei tersebut akan menjadi bahan evaluasi keselamatan untuk mendukung rencana penggunaan Dermaga Bulusan sebagai lokasi sandar KMP Port Link 7.
""Rencana penambahan kapal dan optimalisasi fasilitas sandar diharapkan dapat meningkatkan kapasitas angkut sekaligus membantu mempercepat penguraian antrean. Namun, seluruh langkah operasional tetap harus memenuhi aspek keselamatan dan keamanan pelayaran,"" ujar Purgana.
Pihaknya juga mengimbau seluruh pengemudi truk logistik dan pengguna jasa penyeberangan untuk tetap tertib, mengikuti arahan petugas, dan tidak menyerobot jalur agar proses penguraian antrean dapat berjalan lebih cepat dan lancar.
""Kami terus melakukan pemantauan dan berkoordinasi secara intensif dengan seluruh pemangku kepentingan guna memastikan kelancaran pelayanan serta keselamatan pelayaran di lintas Ketapang-Gilimanuk,"" tutup Purgana.
(hal/ara)",finance,https://finance.detik.com/berita-ekonomi-bisnis/d-8653167/kemenhub-ungkap-biang-kerok-kemacetan-panjang-pelabuhan-ketapang
143,"InJourney Airports menjamin kesiapan operasional tiga bandara besar yang dibuka lagi usai paparan abu vulkanik erupsi Gunung Anak Krakatau. Bandara Soekarno-Hatta, Bandara Halim Perdanakusuma, dan Bandara Husein Sastranegara telah siap digunakan untuk lepas landas dan mendarat.
Sebagai operator, InJourney telah membersihkan abu vulkanik di seluruh sisi landasan udara (air side) yakni area apron, taxiway, dan juga runway. Uji kekesatan di runway juga sudah dilakukan dan menunjukkan fasilitas tersebut memenuhi standar serta persyaratan untuk melayani operasional penerbangan.
""Fasilitas sisi udara (air side) dan sisi darat (land side) ketiga bandara siap kembali melayani penerbangan. Seluruh personel operasi dan layanan bandara juga dipastikan siap,"" kata Corporate Secretary Group Head InJourney Airports Arie Ahsanurrohim dalam keterangannya, Selasa (8/9/2026).
Sesuai NOTAM dari AirNav Indonesia, status resumed operations atau operasi kembali untuk Bandara Soekarno-Hatta Tangerang telah diberikan pada 8 September 2026 mulai pukul 00.30 WIB. Kemudian status resumed operations yang sama untuk Bandara Halim Perdanakusuma diberikan pada 8 September 2026 mulai pukul 00.40 WIB, dan status resumed operations pada Bandara Husein Sastranegara diberikan 8 September 2026 mulai pukul 00.42 WIB.
General Manager Bandara Soekarno-Hatta Heru Karyadi menambahkan pembukaan kembali operasional Bandara Soekarno-Hatta dilakukan secara bertahap dengan tetap mengutamakan aspek keselamatan, termasuk melalui penerapan Air Traffic Flow Management (ATFM) sebagai bagian dari strategi pengendalian arus lalu lintas penerbangan pada fase awal pemulihan.
""Pada fase awal recovery, pengendalian penerbangan dilakukan secara bertahap dan terukur melalui penerapan ATFM. Pengaturan ini diperlukan agar arus keberangkatan dan kedatangan dapat kembali berjalan dengan aman dan tertib, sekaligus memungkinkan kapasitas operasional bandara dipulihkan secara bertahap,"" ujar Heru Karyadi dalam keterangan yang sama.
Lebih lanjut, pengaturan arus penerbangan pada fase awal pemulihan mempertimbangkan kondisi operasional di lapangan, termasuk kebutuhan untuk mempercepat keberangkatan pesawat yang sebelumnya terdampak serta mengembalikan kapasitas apron secara bertahap.
Bandara Soekarno-Hatta juga telah berkoordinasi dengan seluruh operator transportasi publik untuk memastikan ketersediaan armada untuk mendukung mobilitas dari dan ke Bandara Soekarno-Hatta.
""Calon penumpang diimbau untuk senantiasa memantau dan memastikan status serta jadwal penerbangannya melalui kanal resmi maskapai masing-masing sebelum berangkat menuju bandara tujuan, mengingat adanya penyesuaian jadwal penerbangan,"" ujar Heru.
(hal/ara)",finance,https://finance.detik.com/berita-ekonomi-bisnis/d-8653139/bandara-soetta-husein-siap-beroperasi-lagi-usai-dibuka
144,"AirNav Indonesia mengumumkan masih ada tiga bandara yang operasinya ditutup imbas sebaran abu vulkanik. Ketiga bandara tersebut adalah Bandara Radin Inten II Lampung, Bandara Muhammad Taufiq Kiemas Lampung, dan Bandara Salakanagara Tanjung Lesung.
Penutupan bandara dilakukan hingga pukul 10.00 WIB pagi ini berdasarkan pembaruan informasi aeronautika yang diterbitkan AirNav Indonesia melalui NOTAM terbaru. Penerbitan NOTAM tersebut mengacu pada perubahan kondisi sebaran abu yang berdampak terhadap operasional penerbangan, sehingga berdasarkan evaluasi keselamatan dan informasi aeronautika terbaru, sejumlah bandar udara dapat kembali beroperasi.
""Selain itu, perkembangan kondisi di lapangan juga menjadi bagian dari pemantauan, antara lain dengan memerhatikan hasil paper test volcanic ash yang dilakukan secara berkala pada 7 September 2026 di lokasi bandara-bandara terdampak,"" tulis AirNav dalam keterangan resminya, Selasa (8/9/2026).
Sementara itu, sudah ada enam bandara lainnya yang kembali dibuka sejak tengah malam setelah sempat ikut ditutup imbas abu vulkanik sejak hari Minggu kemarin, termasuk Bandara Soekarno-Hatta yang menjadi bandara tersibuk di Indonesia.
Detail Status Operasional Bandara
1. Bandar Udara Internasional Soekarno-Hatta (WIII) kembali berstatus OPEN AND RESUMED OPERATIONS berdasarkan NOTAM A3395/26 NOTAMR A3387/26, mulai pukul 00.30 WIB pada 8 September 2026. NOTAM tersebut juga mengingatkan bahwa awan abu vulkanik Gunung Anak Krakatau masih persisten di dalam FIR dan pilot diminta berhati-hati selama proses kedatangan dan keberangkatan.
2. Bandar Udara Halim Perdanakusuma (WIHH) kembali berstatus OPEN berdasarkan NOTAM A3396/26 NOTAMR A3386/26, mulai pukul 00.40 WIB pada 8 September 2026.
3. Bandar Udara Husein Sastranegara (WICC), Bandung, kembali berstatus OPEN berdasarkan NOTAM C1123/26 NOTAMR C1116/26, mulai pukul 00.42 WIB pada 8 September 2026.
4. Bandar Udara Budiarto (WIRR), Tangerang, kembali berstatus OPEN berdasarkan NOTAM C1126/26 NOTAMR C1115/26, mulai pukul 01.25 WIB pada 8 September 2026.
5. Bandar Udara Pondok Cabe (WIHP), Tangerang Selatan, kembali berstatus OPEN berdasarkan NOTAM C1127/26 NOTAMR C1118/26, mulai pukul 01.28 WIB pada 8 September 2026.
6. Bandar Udara Pagar Alam/Atung Bungsu (WIPY), Pagar Alam, telah lebih dahulu kembali berstatus OPEN berdasarkan NOTAM C1107/26 NOTAMC C1105/26, mulai pukul 08.12 WIB pada 7 September 2026.
7. Bandar Udara Radin Inten II (WILL), Lampung, masih berstatus CLOSED hingga estimasi pukul 10.00 WIB pada 8 September 2026.
8. Bandar Udara Muhammad Taufiq Kiemas (WILP), masih berstatus CLOSED hingga estimasi pukul 10.00 WIB pada 8 September 2026.
9. Bandar Udara Salakanagara Tanjung Lesung (WIHI), Pandeglang, masih berstatus CLOSED hingga estimasi pukul 10.00 WIB pada 8 September 2026.",finance,https://finance.detik.com/berita-ekonomi-bisnis/d-8653127/3-bandara-masih-ditutup-hingga-pukul-10-00-wib-ini-daftarnya
145,"Serikat buruh mulai mengusulkan kenaikan upah minimum tahun 2027. Berdasarkan perhitungan yang dilakukan, buruh mengusulkan upah tahun depan naik sebesar 7-9%.
Menurut Presiden Konfederasi Serikat Pekerja Indonesia (KSPI) Said Iqbal, kenaikan upah minimum akan mempertimbangkan inflasi, pertumbuhan ekonomi, dan indeks tertentu atau alfa. Nilai alfa yang diusulkan adalah 0,5 sampai 0,9.
""Buruh akan mengusulkan kenaikan upah minimum 2027 berdasarkan inflasi, pertumbuhan ekonomi, dan indeks tertentu. Indeks tertentu yang kami usulkan dari buruh setidak-tidaknya dari KSPI dan KSP-PB adalah 0,5 sampai 0,9,"" kata Said di kompleks DPR RI Senayan, Jakarta, Senin (7/9/2026).
Ia memperkirakan inflasi berada di kisaran 3%, sedangkan rata-rata pertumbuhan ekonomi sekitar 5,2-5,3%. Berdasarkan perhitungan tersebut, Said mengusulkan kenaikan upah minimum 2027 berada pada kisaran 7,5-8,5%.
""Kalau diambil rata-rata (pertumbuhan ekonomi) 5,2% atau 5,3%, ditambah inflasi 3 sekian persen, kita udah ketemu tuh kira-kira 8,4% atau 8,5%. Dikalikan aja 0,9 (alfa). Maka bisa diperkirakan kenaikan upah minimum 2027 itu adalah berkisar 7,5% sampai dengan 8,5%,"" jelas dia.
Sebagai informasi, penghitungan kenaikan upah minimum 2026 menggunakan formula inflasi + (pertumbuhan ekonomi x alfa). Pemerintah menetapkan rentang alfa sebesar 0,5-0,9.
Alfa merupakan indeks tertentu yang menggambarkan kontribusi tenaga kerja terhadap pertumbuhan ekonomi. Besaran alfa menjadi salah satu komponen yang menentukan persentase kenaikan upah minimum.
Said menegaskan usulannya masih berupa perkiraan. Besaran usulan masih menunggu data resmi Badan Pusat Statistik (BPS) mengenai inflasi dan pertumbuhan ekonomi yang menjadi dasar penghitungan upah minimum.
""Tentu menunggu laporan resmi BPS tentang inflasi dan pertumbuhan ekonominya, dihitung bukan tahun kalender tapi tahun takwim. September 2025 sampai Oktober 2026. Berarti menunggu BPS. Kan kita belum tau September dan Oktober berapa inflasi dan berapa pertumbuhan ekonominya,"" jelas dia.
Usul Dibagi 3 Kategori
Sementara itu, Presiden Konfederasi Serikat Pekerja Nusantara (KSPN) Ristadi menyoroti kesenjangan upah minimum antardaerah yang dinilai semakin lebar. Ristadi mencontohkan upah minimum di Cirebon sekitar Rp 2,8 juta, sedangkan Kota Bekasi sudah mencapai sekitar Rp 5,9 juta.
""Selisihnya sudah 100% lebih, misal Cirebon Rp 2,8 juta, di kota Bekasi sudah Rp 5,9 juta, ini sudah termasuk ekstrem. Maka secara prinsip KSPN sedang meminta reformasi aturan upah minimum melalui UU Ketenagakerjaan yang baru yang sedang proses dibahas di DPR,"" kata Ristadi dihubungi detikcom.
Dengan skema tersebut, pekerja pada sektor industri sejenis akan memiliki upah minimum yang sama di seluruh Indonesia. Sistem tersebut dinilai dapat memberikan keadilan bagi pekerja sekaligus menciptakan persaingan yang lebih sehat bagi pengusaha.
Apabila sistem pengupahan tahun depan masih menggunakan formula yang berlaku saat ini, KSPN mengusulkan persentase kenaikannya tidak disamaratakan di seluruh Indonesia.
Usulan Upah Minimum Dibagi 3 Kategori
1. Upah Minimum di atas Rp 4,5 juta
= 3,5% + (5,7% x 0,6)
= 3,5% + 3,42%
= 6,92% bulatkan 7%
2. Upah Minimum Rp 3,5 juta sampai dengan Rp 4,5 juta
= 3,5% + (5,7% x 0,8)
= 3,5% + 4,56%
= 8,06% bulatkan 8%
3. Upah Minimum di bawah Rp 3,5 juta
= 3,5% + (5,7% x 1)
= 3,5% + 5,7%
= 9,2%",finance,https://finance.detik.com/berita-ekonomi-bisnis/d-8652992/alasan-buruh-minta-upah-naik-9-tahun-depan
146,"Penutupan operasional Bandara Soekarno-Hatta beserta sejumlah bandara lain yang terkena dampak abu vulkanik Gunung Anak Krakatau telah berakhir. Mulai Selasa (8/9) pukul 00.01 WIB, operasional bandara kembali berjalan dengan normal.
Menteri Perhubungan Dudy Purwagandhi secara langsung menyatakan pembukaan kembali operasional bandara dari Terminal 1 Bandara Soekarno-Hatta, Selasa dini hari (8/9). Sementara bandara Bandara Radin Inten II Lampung serta Bandara Muhammad Taufiq Kiemas Lampung masih menunggu perkembangan lebih lanjut.
""Per tanggal 8 September pukul 00.01 WIB, Bandara Soekarno-Hatta Banten, Bandara Halim Perdanakusuma Jakarta dan Bandara Husein Sastranegara Bandung dinyatakan aktif kembali. Menyusul Bandara Budiarto Curug Banten dan Bandara Pondok Cabe Banten juga kembali dibuka pada pukul 02.25 WIB,"" kata Dudy dalam keterangan tertulis, Selasa (8/9/2026).
Untuk memastikan keselamatan dan keamanan penerbangan, pembukaan bandara ini juga disertai dengan sejumlah catatan. Pertama, Otoritas Bandara bersama dengan maskapai harus melakukan inspeksi terhadap semua armada pesawat. Kedua, pilot dan kru operasional pesawat wajib mengetahui restricted polygon, yakni wilayah udara berbentuk poligon (banyak sudut) yang dibatasi atau dilarang oleh otoritas terkait untuk dilintasi karena terdeteksi mengandung sebaran abu vulkanik.
Sebelumnya, sebaran abu vulkanik Gunung Anak Krakatau telah berdampak pada ruang udara dan operasional bandar udara sejak Sabtu (5/9). Akibatnya, sebanyak delapan bandara, meliputi Bandara Soekarno-Hatta Banten, Bandara Halim Perdanakusuma Jakarta, Bandara Radin Inten II Lampung, Bandara Husein Sastranegara Bandung, Bandara Budiarto Curug Banten, Bandara Pondok Cabe Banten, Bandara Taufik Kiemas di Pesisir Barat Lampung, serta Bandara Atung Bungsu di Pagar Alam Sumsel mengalami penutupan operasional.
Berdasarkan pembaruan kondisi operasional, bandara Atung Bungsu di Pagar Alam, Sumatera Selatan yang sempat ditutup, sudah dapat beroperasi secara normal per Senin (7/9) pukul 09.00 WIB. Dudy meminta maskapai terus berkoordinasi dengan pengelola bandara, otoritas serta instansi terkait untuk memastikan operasional dapat dilakukan secara aman dan selamat.
(hal/ara)",finance,https://finance.detik.com/berita-ekonomi-bisnis/d-8653106/bandara-soetta-husein-dibuka-lagi-radin-inten-masih-ditutup
147,"Menteri Keuangan (Menkeu) Purbaya Yudhi Sadewa menanggapi rencana Gubernur DKI Jakarta Pramono Anung yang tetap ingin menerbitkan obligasi daerah. Purbaya menilai kondisi keuangan Jakarta sudah mencukupi sehingga tidak perlu mengambil langkah tersebut.
""Ya nggak apa-apa kalau mau terbitin, terbitin aja. Kan itu Pemda punya ini sendiri. Cuma kalau saya pikir ya, pandangan saya aja ya, kalau uangnya kebanyakan, buat apa ngutang?"" ujar Purbaya di Gedung DPR RI, Jakarta Pusat, Senin (7/9/2026).
Kendati begitu, Purbaya tetap mempersilakan Pemprov DKI Jakarta apabila memang instrumen itu dirasa mendesak. ""Tapi kalau emang terasa perlu, ya enggak apa-apa, itu kan otonomi sendiri,"" tambah ia.
Ketika ditanya soal permintaan Pramono agar Dana Bagi Hasil (DBH) dicairkan jika penerbitan obligasi tidak diperbolehkan, Purbaya justru mempertanyakan posisi tawar tersebut. Ia menegaskan penahanan penyaluran DBH untuk wilayah DKI Jakarta telah sesuai dengan aturan perundang-undangan yang berlaku.
""Emang dia bisa neken ya? Ya nggak tahu, kita lihat nanti ke depan. (DBH ditahan) kan disesuaikan dengan kondisi keuangan pemerintah kan DBH itu di undang-undang APBN seperti itu,"" beber Purbaya.
Lebih lanjut, dirinya akan mempelajari terlebih dahulu terkait kewajiban izin penerbitan obligasi daerah ke pemerintah pusat. Ia juga mengingatkan agar pemda tetap berhati-hati dalam mengambil kebijakan fiskal.
""Harus izin kita kalau mau terbitin bond? Nanti saya pelajari deh. Saya enggak tahu, jadi saya pikir harusnya sih enggak, tapi harus hati-hati aja gitu,"" jelasnya.
Sebelumnya, Gubernur DKI Jakarta Pramono Anung Wibowo menegaskan akan tetap mengajukan penerbitan obligasi daerah sebagai instrumen untuk membiayai sejumlah pembangunan di Jakarta. Hal itu dikatakan Pramono dalam menanggapi Menteri Keuangan Purbaya Yudhi Sadewa yang meminta agar pemerintah daerah (pemda) tidak terburu-buru menerbitkan obligasi daerah.
""Karena bagaimana pun Pemerintah DKI Jakarta kan tahu kebutuhan itu. Pak Purbaya menyampaikan bahwa duit DKI banyak. Kan kami juga disuruh bangun yang banyak juga. Dan untuk bangun itu kan perlu duit,"" kata Pramono, dikutip dari Antara.
Pramono mengatakan meski ia mendengarkan dan mematuhi hal tersebut, dirinya akan tetap mengajukan obligasi daerah untuk Jakarta. Ia meminta agar DBH dari pemerintah pusat dikembalikan ke jumlah semula, jika memang pemerintah daerah diminta tidak terburu-buru menerbitkan obligasi.
(rea/acd)",finance,https://finance.detik.com/berita-ekonomi-bisnis/d-8652990/pramono-mau-terbitkan-obligasi-purbaya-kalau-uangnya-banyak-buat-apa-utang
148,"Komisi XI DPR menyetujui pagu anggaran Kementerian Keuangan (Kemenkeu) dalam Anggaran Pendapatan dan Belanja Negara (APBN) tahun 2027 sebesar Rp 49,8 triliun. Kesepakatan tersebut diambil dalam rapat kerja Komisi XI DPR RI bersama Menteri Keuangan Purbaya Yudhi Sadewa.
Ketua Komisi XI DPR RI Misbakhun membacakan kesimpulan rapat kerja tersebut. Dalam kesimpulannya, Komisi XI bersama Purbaya menyepakati pagu anggaran Kemenkeu tahun 2027.
""Komisi XI DPR RI bersama Menteri Keuangan menyepakati hal-hal sebagai berikut. Satu, komisi XI DPR RI menyatujui pagu anggaran Kementerian Keuangan dalam anggaran pendapatan dan belanja negara tahun 2027 sebesar Rp 49.801.127.984.000,"" kata Misbakhun dalam rapat tersebut di Kompleks Parlemen, Jakarta, Senin (7/9/2026).
Berdasarkan rincian yang dibacakan dalam rapat, anggaran tersebut dialokasikan ke sejumlah program Kemenkeu. Program Dukungan Manajemen mendapat porsi terbesar sebesar Rp 45,8 triliun.
Kemudian, Program Pengelolaan Penerimaan Negara dialokasikan sebesar Rp 3,62 triliun dan Program Pengelolaan Perbendaharaan, Kekayaan Negara dan Risiko sebesar Rp 267,58 miliar.
Selanjutnya, Program Kebijakan Fiskal, Sektor Keuangan dan Ekonomi mendapat alokasi Rp 78,86 miliar. Sementara Program Pengelolaan Belanja Negara mendapatkan Rp 23,78 miliar.
Misbakhun kemudian meminta persetujuan anggota Komisi XI terhadap kesimpulan tersebut. Para anggota Komisi XI yang hadir dalam rapat tersebut menyatakan setuju.
Purbaya juga menyatakan persetujuannya terhadap keputusan tersebut. Ia juga menyampaikan terima kasih kepada Komisi XI DPR RI atas persetujuan terhadap anggaran Kemenkeu tahun depan.
""Kami menyampaikan terima kasih atas persetujuan pimpinan dan anggota Komisi XI DPR RI terhadap usulan Pagu Anggaran Kementerian Keuangan Tahun Anggaran 2027 sebesar Rp 49,8 triliun. Kami juga menyampaikan terima kasih atas perhatian, dukungan, serta kerja sama yang telah terjalin dengan baik antara Kementerian Keuangan dan Komisi XI DPR RI,"" tutup Purbaya.
(ily/hns)",finance,https://finance.detik.com/berita-ekonomi-bisnis/d-8653036/tok-dpr-setujui-pagu-anggaran-kemenkeu-2027-rp-49-8-triliun
149,"Menteri Keuangan Purbaya Yudhi Sadewa menyatakan siap menyediakan anggaran yang dibutuhkan Badan Nasional Penanggulangan Bencana (BNPB) untuk menangani bencana. Bahkan, Purbaya menyebut siap menyediakan berapa pun dana yang dibutuhkan.
Namun, Purbaya memberikan catatan agar perhitungan kebutuhan anggaran yang diajukan BNPB dapat dipertanggungjawabkan. Ia pun mengingatkan agar permintaan tambahan anggaran tidak ngaco perhitungannya.
""Berapapun angkanya akan kita usahakan semaksimal mungkin. Tapi jangan ngaco ya hitungannya, gitu aja,"" kata Purbaya di Kompleks Istana Kepresidenan, Jakarta, Senin (7/9/2026).
Saat ditanya maksud perhitungan jangan ngaco, Purbaya menjelaskan anggaran tidak boleh diajukan untuk kebutuhan yang dibuat-buat.
Selama perhitungannya jelas, menurutnya pemerintah tidak memiliki masalah untuk menyediakan dana.
""Ya yang nggak ada diada-adain. Tapi selama masuk akal ya, bukan masuk akal apa ya, hitungannya clear, harusnya nggak ada masalah. Kita bisa sediakan uangnya,"" jelas Purbaya.
(hns/hns)",finance,https://finance.detik.com/berita-ekonomi-bisnis/d-8652940/purbaya-siap-gelontorkan-dana-bencana-minta-hitungan-jangan-ngaco
150,"Penutupan operasional tujuh bandara terdampak abu vulkanik Gunung Anak Krakatau kembali diperpanjang hingga Senin (7/9) pukul 23.59 WIB. Menteri Perhubungan (Menhub) Dudy Purwagandhi menyatakan, penutupan ini dilakukan sebagai langkah konservatif untuk memastikan keselamatan penerbangan.
""Kenapa kami bersikap konservatif, karena sebagaimana kita ketahui arah angin sangat dinamis. Kita ingin memastikan betul bahwa debu vulkanik ini menjauh dari lokasi bandara yang ada di sekitar Gunung Anak Krakatau,"" tutur Dudy dalam keterangan tertulis, Senin (7/9/2026).
Berdasarkan keterangan AirNav Indonesia, tujuh bandar udara yang sebelumnya berstatus closed masih mengalami perpanjangan penutupan hingga estimasi pukul 23.59 WIB, 7 September 2026. Berikut rinciannya:
1. Bandar Udara Halim Perdanakusuma (HLP), status CLOSED berdasarkan NOTAM A3386/26 NOTAMR A3372/26, mulai pukul 17.29 WIB hingga estimasi pukul 23.59 WIB.
2. Bandar Udara Radin Inten II, Lampung (TKG), status CLOSED berdasarkan NOTAM B1153/26 NOTAMR B1142/26, mulai pukul 17.36 WIB hingga estimasi pukul 23.59 WIB.
3. Bandar Udara Husein Sastranegara, Bandung (BDO), status CLOSED berdasarkan NOTAM C1116/26 NOTAMR C1109/26, mulai pukul 17.41 WIB hingga estimasi pukul 23.59 WIB.
4. Bandar Udara Budiarto, Curug (RTO), status CLOSED berdasarkan NOTAM C1115/26 NOTAMR C1108/26, mulai pukul 17.39 WIB hingga estimasi pukul 23.59 WIB.
5. Bandar Udara Pondok Cabe (PCB), status CLOSED berdasarkan NOTAM C1118/26 NOTAMR C1111/26, mulai pukul 17.47 WIB hingga estimasi pukul 23.59 WIB.
6. Bandar Udara Muhammad Taufiq Kiemas (WILP), status CLOSED berdasarkan NOTAM C1117/26 NOTAMR C1110/26, mulai pukul 17.45 WIB hingga estimasi pukul 23.59 WIB.
7. Bandar Udara Salakanagara Tanjung Lesung, Pandeglang (WIHI), status CLOSED berdasarkan NOTAM C1119/26 NOTAMR C1112/26, mulai pukul 17.50 WIB hingga estimasi pukul 23.59 WIB.
Dudy menambahkan, sebanyak 2.961 penerbangan telah terdampak perubahan operasional bandara akibat sebaran abu vulkanik, di antaranya 2.339 penerbangan domestik dan 622 internasional.
Adapun jumlah penumpang terdampak sebanyak 341.000 penumpang. Dampak ini mencakup penerbangan yang mengalami pembatalan, penundaan, maupun pengalihan.
Hasil paper test di beberapa bandara terdampak memang telah menunjukkan hasil negatif. Namun, pembukaan operasional Bandara akan tetap menunggu hasil Volcanic Ash Advisory Centre (VAAC) Darwin sebagai pusat rujukan resmi.
Perpanjangan penutupan bandara juga dilakukan untuk memberi waktu bagi pengelola bandara maupun maskapai untuk menyiapkan kembali operasional. Pengelola bandara akan melakukan pemeriksaan dan pembersihan fasilitas sisi udara, termasuk runway, taxiway, dan apron.
Sementara maskapai perlu waktu untuk melakukan pemeriksaan dan pembersihan pesawat dari kemungkinan paparan debu vulkanik sebelum pesawat kembali beroperasi.
""Kami memastikan semua berjalan dengan baik dan kita tidak ingin mengesampingkan aspek keselamatan,"" lanjut Dudy.
Kemenhub bersama pihak terkait akan terus memantau kondisi debu vulkanik serta hasil advisory VAAC Darwin sebagai bahan acuan dan evaluasi langkah operasional bandara. Dudy menegaskan keselamatan dan keamanan masyarakat akan menjadi pertimbangan utama dalam pengambilan keputusan.
(acd/acd)",finance,https://finance.detik.com/berita-ekonomi-bisnis/d-8652879/menhub-ungkap-alasan-penutupan-7-bandara-diperpanjang
151,"AirNav Indonesia kembali memperbarui informasi aeronautika terkait kondisi operasional sejumlah bandar udara seiring perkembangan sebaran abu vulkanik Gunung Anak Krakatau.
Berdasarkan pembaruan Notice to Airmen (NOTAM), tujuh bandar udara yang sebelumnya berstatus closed masih mengalami perpanjangan penutupan hingga estimasi pukul 23.59 WIB, 7 September 2026.
""Penyesuaian status operasional bandar udara tersebut merupakan langkah mitigasi untuk mendukung keselamatan penerbangan dengan mempertimbangkan kondisi sebaran abu vulkanik Gunung Anak Krakatau,"" kata EVP of Corporate Secretary AirNav Indonesia, Hermana Soegijantoro, dalam keterangan tertulis, Senin (7/9/2026).
Adapun bandar udara yang masih berstatus closed tersebut yaitu:
1. Bandar Udara Halim Perdanakusuma (HLP), status CLOSED berdasarkan NOTAM A3386/26 NOTAMR A3372/26, mulai pukul 17.29 WIB hingga estimasi pukul 23.59 WIB.
2. Bandar Udara Radin Inten II, Lampung (TKG), status CLOSED berdasarkan NOTAM B1153/26 NOTAMR B1142/26, mulai pukul 17.36 WIB hingga estimasi pukul 23.59 WIB.
3. Bandar Udara Husein Sastranegara, Bandung (BDO), status CLOSED berdasarkan NOTAM C1116/26 NOTAMR C1109/26, mulai pukul 17.41 WIB hingga estimasi pukul 23.59 WIB.
4. Bandar Udara Budiarto, Curug (RTO), status CLOSED berdasarkan NOTAM C1115/26 NOTAMR C1108/26, mulai pukul 17.39 WIB hingga estimasi pukul 23.59 WIB.
5. Bandar Udara Pondok Cabe (PCB), status CLOSED berdasarkan NOTAM C1118/26 NOTAMR C1111/26, mulai pukul 17.47 WIB hingga estimasi pukul 23.59 WIB.
6. Bandar Udara Muhammad Taufiq Kiemas (WILP), status CLOSED berdasarkan NOTAM C1117/26 NOTAMR C1110/26, mulai pukul 17.45 WIB hingga estimasi pukul 23.59 WIB.
7. Bandar Udara Salakanagara Tanjung Lesung, Pandeglang (WIHI), status CLOSED berdasarkan NOTAM C1119/26 NOTAMR C1112/26, mulai pukul 17.50 WIB hingga estimasi pukul 23.59 WIB.
Menurut Hermana, AirNav Indonesia terus melakukan pemantauan terhadap perkembangan kondisi ruang udara dan sebaran abu vulkanik Gunung Anak Krakatau. Informasi aeronautika akan terus diperbarui sesuai perkembangan kondisi aktual dan informasi keselamatan penerbangan.
""AirNav Indonesia juga terus berkoordinasi dengan pemangku kepentingan penerbangan untuk memastikan informasi mengenai kondisi ruang udara dan pelayanan navigasi penerbangan tersampaikan secara tepat waktu,"" tutup Hermana.
(acd/acd)",finance,https://finance.detik.com/berita-ekonomi-bisnis/d-8652862/7-bandara-ditutup-hingga-23-59-wib-ini-daftarnya
152,"AirNav Indonesia kembali memperbarui informasi aeronautika terkait kondisi operasional Bandara Internasional Soekarno-Hatta seiring perkembangan sebaran abu vulkanik Gunung Anak Krakatau.
Berdasarkan pembaruan Notice to Airmen (NOTAM) A3387/26 (NOTAMR A3373/26), Bandara Internasional Soekarno-Hatta masih berstatus closed atau ditutup akibat abu vulkanik Gunung Anak Krakatau. Penutupan berlaku mulai pukul 17.33 WIB, dengan estimasi dibuka kembali pada pukul 23.59 WIB, 7 September 2026.
""NOTAM A3387/26 tersebut merupakan pembaruan atas NOTAM A3373/26 yang sebelumnya menetapkan periode penutupan hingga estimasi pukul 18.00 WIB,"" kata EVP of Corporate Secretary AirNav Indonesia, Hermana Soegijantoro dalam keterangan tertulis, Senin (7/9/2026).
Hermana mengatakan, penyesuaian periode penutupan tersebut merupakan langkah mitigasi untuk mendukung keselamatan penerbangan dengan mempertimbangkan kondisi sebaran abu vulkanik Gunung Anak Krakatau.
AirNav Indonesia terus melakukan pemantauan terhadap perkembangan kondisi ruang udara dan sebaran abu vulkanik Gunung Anak Krakatau. Informasi aeronautika akan terus diperbarui sesuai perkembangan kondisi aktual dan informasi keselamatan penerbangan.
""AirNav Indonesia juga terus berkoordinasi dengan pemangku kepentingan penerbangan untuk memastikan informasi mengenai kondisi ruang udara dan pelayanan navigasi penerbangan tersampaikan secara tepat waktu,"" tutup Hermana.
(acd/acd)",finance,https://finance.detik.com/berita-ekonomi-bisnis/d-8652775/penutupan-bandara-soetta-diperpanjang-hingga-23-59-wib
153,"Direktorat Jenderal Bea Cukai (DJBC) telah melakukan sebanyak 20.643 penindakan dengan total nilai barang mencapai Rp 11,25 triliun hingga Agustus 2026. Hal ini disampaikan Direktur Jenderal Bea dan Cukai Djaka Budhi Utama dalam rapat dengar pendapat dengan Komisi XI DPR.
""Hingga Agustus 2026, DJBC telah melakukan 20.643 penindakan dengan total nilai barang sebesar Rp 11,25 triliun,"" ujar Djaka, Jakarta, Senin (7/9/2026).
Penindakan paling banyak terjadi sektor rokok ilegal. Sepanjang periode Januari hingga Agustus 2026, Djaka menerangkan pihaknya telah menindak 12.617 kali dengan mengamankan barang bukti sebanyak 1,123 miliar batang rokok ilegal. Sebagai perbandingan, penindakan sepanjang tahun penuh 2025 lalu tercatat sebanyak 20.102 kasus dengan total 1,404 miliar batang rokok.
Selain rokok ilegal, penindakan juga menyasar sektor ekspor dan impor. Pada sektor ekspor, tercatat ada 325 kasus penindakan dengan nilai barang yang diamankan mencapai Rp 1,82 triliun hingga Agustus 2026. Sementara di sektor impor, DJBC melakukan 6.309 penindakan dengan nilai barang tembus Rp 6,93 triliun.
""Sementara itu, pada penindakan narkotika hingga Agustus 2026, DJBC telah mengamankan 11,43 ton barang bukti,"" tambah Djaka.
Djaka menegaskan penindakan ini tidak lepas dari solidnya sinergi dan koordinasi pengawasan yang dilakukan bersama jajaran aparat penegak hukum lainnya.
""Capaian tersebut tidak lepas dari sinergi pengawasan bersama aparat penegak hukum yang lain,"" imbuh ia.
(acd/acd)",finance,https://finance.detik.com/berita-ekonomi-bisnis/d-8652676/bea-cukai-tindak-20-643-kasus-nilai-barang-rp-11-25-triliun
154,"Direktorat Jenderal Bea dan Cukai Kementerian Keuangan (Kemenkeu) mencatat realisasi penerimaan bea dan cukai hingga Juli 2026 mencapai Rp 182,6 triliun. Jumlah itu setara 54,3% dari target Anggaran Pendapatan Belanja Negara (APBN) dan tumbuh 6,7% jika dibandingkan dengan periode yang sama tahun lalu.
""Hingga 31 Juli 2026, realisasi penerimaan kepabeanan dan cukai mencapai Rp 182,6 triliun atau sekitar 54,3% dari target APBN tahun 2026 sebesar Rp 336 triliun,"" ujar Direktur Jenderal Bea dan Cukai Djaka Budhi Utama dalam rapat dengar pendapat dengan Komisi XI DPR, Senin (7/9/2026).
Jika dirinci berdasarkan jenis penerimaan, sektor cukai masih mendominasi sebagai kontributor terbesar dengan realisasi mencapai Rp 130,7 triliun, atau tumbuh hingga 3% dibanding tahun lalu. Pertumbuhan pada sektor ini utamanya didorong oleh dampak penegakan hukum (enforcement) sehingga produksi rokok dan minuman mengandung etil alkohol (MMEA) tetap terjaga.
Sementara itu, sektor bea masuk membukukan realisasi sebesar Rp 31,5 triliun atau tumbuh sebesar 12,2%. Kinerja ini ditopang oleh peningkatan volume impor serta pergerakan kurs.
""Sementara itu untuk bea keluar, realisasi sebesar Rp 20,4 triliun atau mengalami pertumbuhan sebesar 26,3%. Kinerja bea keluar didorong oleh penguatan harga CPO dan kenaikan volume ekspor CPO,"" tambah Djaka.
Djaka menilai kinerja penerimaan kepabeanan dan cukai menunjukkan tren yang semakin membaik. Melihat kinerja tersebut, ia menilai adanya indikasi positif terhadap pencapaian target penerimaan hingga penghujung tahun 2026.
""Secara keseluruhan, kinerja penerimaan kepabeanan dan cukai menunjukkan tren yang semakin membaik dan memberikan indikasi positif terhadap pencapaian target penerimaan sampai dengan akhir tahun,"" jelasnya.
(acd/acd)",finance,https://finance.detik.com/berita-ekonomi-bisnis/d-8652545/penerimaan-bea-cukai-rp-182-6-triliun-hingga-juli-54-3-dari-target
155,"Menteri Perhubungan Dudy Purwagandhi menjamin semua tiket penerbangan yang batal imbas abu vulkanik erupsi Gunung Anak Krakatau bisa dikembalikan atau refund 100%. Kepastian ini diungkapkan Dudy di depan Presiden Prabowo Subianto.
Dia memberikan laporan tersebut dalam Rapat Terbatas soal Penanganan Bencana secara virtual dengan Prabowo yang berada di Istana Merdeka, Jakarta Pusat.
""Terhadap penumpang kami memberikan haknya sesuai dengan ketentuan yang berlaku, di mana saat ini kami memberikan 100% refund penuh bapak presiden terhadap penerbangan yang dibatalkan,"" tegas Dudy dalam rapat yang ditayangkan virtual, Senin (7/9/2026).
Pihaknya juga berkoordinasi dengan Imigrasi untuk memberikan relaksasi kepada penumpang Warga Negara Asing (WNA) yang melewati batas izin tinggal karena penerbangannya batal.
""Kemudian juga yang paling penting adalah kami bekerja sama terima kasih dengan pihak Imigrasi kita memberikan relaksasi izin terhadap penumpang warga negara asing yang melewati batas izin karena pembatalan penerbangan,"" beber Dudy.
Pihaknya juga menyiapkan beberapa bandara alternatif pengganti Bandara Soekarno-Hatta dan enam bandara lainnya yang ditutup imbas abu vulkanik, mulai dari Bandara Kertajati, Bandara Juanda, Bandara Ahmad Yani, Bandara Adi Soemarmo, dan Bandara Internasional Yogyakarta.
""Bandara Kertajati sudah melayani Garuda untuk penerbangan dari Jeddah, Madinah maupun Amsterdam dan juga penerbangan dari Kertajati ke Jeddah. Begitu juga dengan Lion Air pada hari ini akan melaksanakan penerbangan dari Kertajati ke Jeddah,"" ujar Dudy.
Kemudian untuk Bandara Juanda dari Singapore Airlines itu akan menambah atau akan melakukan perubahan penggunaan pesawat yang semula Boeing 737-800 akan diubah menjadi Airbus 350 agar bisa mengangkut penumpang yang ada di Singapura dalam jumlah yang lebih besar.
""Begitu juga untuk angkut penumpang yang dari Indonesia atau dari Surabaya atau dari Jakarta yang akan berangkat ke Singapura atau negara lain,"" lanjut Dudy.
(hal/ara)",finance,https://finance.detik.com/berita-ekonomi-bisnis/d-8652542/menhub-jamin-maskapai-refund-tiket-pesawat-100-imbas-abu-vulkanik
156,"Kalangan buruh mulai menghitung besaran kenaikan upah minimum tahun 2027. Sejumlah kelompuk buruh mengusulkan kenaikan upah minimum naik sebesar 7% hingga 9%.
Presiden Konfederasi Serikat Pekerja Indonesia (KSPI) Said Iqbal mengusulkan kenaikan upah minimum tetap mempertimbangkan inflasi, pertumbuhan ekonomi, dan indeks tertentu atau alfa. Ia mengusulkan indeks alfa sebesar 0,5 sampai 0,9.
""Buruh akan mengusulkan kenaikan upah minimum 2027 berdasarkan inflasi, pertumbuhan ekonomi, dan indeks tertentu. Indeks tertentu yang kami usulkan dari buruh setidak-tidaknya dari KSPI dan KSP-PB adalah 0,5 sampai 0,9,"" kata Said di kompleks DPR RI Senayan, Jakarta, Senin (7/9/2026).
Ia memperkirakan inflasi berada di kisaran 3%, sedangkan rata-rata pertumbuhan ekonomi sekitar 5,2-5,3%. Berdasarkan perhitungan tersebut, Said memperkirakan kenaikan upah minimum 2027 dapat berada pada kisaran 7,5% hingga 8,5%.
""Kalau diambil rata-rata (pertumbuhan ekonomi) 5,2% atau 5,3%, ditambah inflasi 3 sekian persen, kita udah ketemu tuh kira-kira 8,4% atau 8,5%. Dikalikan aja 0,9 (alfa). Maka bisa diperkirakan kenaikan upah minimum 2027 itu adalah berkisar 7,5% sampai dengan 8,5%,"" jelas dia.
Sebagai informasi, penghitungan kenaikan upah minimum 2026 menggunakan formula inflasi + (pertumbuhan ekonomi x alfa). Pemerintah menetapkan rentang alfa sebesar 0,5-0,9.
Alfa merupakan indeks tertentu yang menggambarkan kontribusi tenaga kerja terhadap pertumbuhan ekonomi. Besaran alfa menjadi salah satu komponen yang menentukan persentase kenaikan upah minimum.
Namun, Said menegaskan usulannya masih berupa perkiraan. Besaran usulan masih menunggu data resmi Badan Pusat Statistik (BPS) mengenai inflasi dan pertumbuhan ekonomi yang menjadi dasar penghitungan upah minimum.
""Tentu menunggu laporan resmi BPS tentang inflasi dan pertumbuhan ekonominya, dihitung bukan tahun kalender tapi tahun takwim. September 2025 sampai Oktober 2026. Berarti menunggu BPS. Kan kita belum tau September dan Oktober berapa inflasi dan berapa pertumbuhan ekonominya,"" jelas dia.
Usul Dibagi 3 Kategori
Sementara itu, Presiden Konfederasi Serikat Pekerja Nusantara (KSPN) Ristadi menyoroti kesenjangan upah minimum antardaerah yang dinilai semakin lebar. Ristadi mencontohkan upah minimum di Cirebon sekitar Rp 2,8 juta, sedangkan Kota Bekasi sudah mencapai sekitar Rp 5,9 juta.
""Selisihnya sudah 100% lebih, misal Cirebon Rp 2,8 juta, di kota Bekasi sudah Rp 5,9 juta, ini sudah termasuk ekstrem. Maka secara prinsip KSPN sedang meminta reformasi aturan upah minimum melalui UU Ketenagakerjaan yang baru yang sedang proses dibahas di DPR,"" kata Ristadi dihubungi detikcom.
Dengan skema tersebut, pekerja pada sektor industri sejenis akan memiliki upah minimum yang sama di seluruh Indonesia. Sistem tersebut dinilai dapat memberikan keadilan bagi pekerja sekaligus menciptakan persaingan yang lebih sehat bagi pengusaha.
Namun, apabila sistem pengupahan tahun depan masih menggunakan formula yang berlaku saat ini, KSPN mengusulkan persentase kenaikannya tidak disamaratakan di seluruh Indonesia.
KSPN mengusulkan kenaikan upah minimum dibagi menjadi tiga kategori. Berikut rinciannya:
1. Upah Minimum di atas Rp 4,5 juta
= 3,5% + (5,7% x 0,6)
= 3,5% + 3,42%
= 6,92% bulatkan 7%
2. Upah Minimum Rp 3,5 juta sampai dengan Rp 4,5 juta
= 3,5% + (5,7% x 0,8)
= 3,5% + 4,56%
= 8,06% bulatkan 8%
3. Upah Minimum di bawah Rp 3,5 juta
= 3,5% + (5,7% x 1)
= 3,5% + 5,7%
= 9,2%",finance,https://finance.detik.com/berita-ekonomi-bisnis/d-8652460/buruh-minta-upah-minimum-tahun-depan-naik-7-9
157,"Pemerintah melalui Kementerian Agraria dan Tata Ruang/Badan Pertanahan Nasional (ATR/BPN) melaporkan penetapan Lahan Pangan Pertanian Berkelanjutan (LP2B) atau lahan sawah dilindungi rata-rata mencapai 87,52% secara nasional. Angka ini jauh lebih tinggi dari target awal untuk tahun ini.
Menteri Koordinator Bidang Pangan Zulkifli Hasan alias Zulhas mengatakan penetapan lahan pertanian yang sudah di atas 87% secara kumulatif nasional telah memenuhi ketentuan Peraturan Presiden (Perpres) Nomor 4 Tahun 2026 tentang Pengendalian Alih Fungsi Lahan Sawah.
Meski dalam tahap ini tercatat masih ada 7 Provinsi yang yang capaian LP2B-nya masih di bawah standar 87% yakni Riau, Jambi, Banten, Bali, Kalimantan Barat, Kalimantan Timur, dan Papua. Dalam hal ini, pemerintah sepakat memberikan tambahan waktu agar Pemerintah Provinsi terkait segera meningkatkan capaian penetapan lahan pertanian yang dilindungi.
""Tapi kalau diakumulasi secara nasional sudah memenuhi 87% ya. Nanti Pak Nusron bisa sampaikan. Nah yang kedua, yang 7 provinsi tadi kita putuskan, kan itu kurang dari 87%. Jadi kita kasih waktu saja untuk menambah menetapkan sehingga bisa lebih, ya. Kasih waktu,,"" ujar Zulhas dalam konferensi pers di kantornya, Jakarta Pusat, Senin (7/9/2026).
Meski begitu selama masa penambahan penetapan, Zulhas menegaskan luas lahan pertanian yang sudah dilindungi dari alih fungsi alias selamanya hanya boleh digunakan untuk pertanian ini tidak boleh turun.
""Tapi tidak boleh kurang dari itu. Jadi kita kunci dulu. Ada yang 77%, ada yang 86%, ada yang 80%, ada 78%, tidak boleh berkurang dari itu, kunci ya,"" tegasnya.
Pemerintah optimistis penetapan lahan sawah ini menjadi fondasi utama dalam menjaga kedaulatan dan swasembada pangan nasional, memastikan keberadaan pasokan air dan lahan pertanian tetap terlindungi dari alih fungsi yang tidak terkendali.
Dalam kesempatan yang sama, Menteri ATR/Kepala BPN, Nusron Wahid, menyebut angka lahan sawah yang berhasil dilindungi pemerintah dari alih fungsi (menjadi LP2B) diraih jauh lebih cepat dibandingkan rencana awal yang sudah tercantum dalam Perpres Nomor 12 Tahun 2025.
""Ini berdasarkan Perpres Nomor 12 Tahun 2025 tentang Rencana Pembangunan Jangka Menengah Tahun 2025-2029 dan Perpres Nomor 4 Tahun 2026 tentang Pengendalian Alih Fungsi Lahan Sawah, di mana pada tahun 2029 kami ditargetkan untuk menetapkan LP2B minimal 87%,"" kata Nusron.
""Kita kerja 8 bulan dengan Kementerian Dalam Negeri, BPS, dan semuanya di bawah bimbingan Kemenko Polkam dan Kemenko Pangan, Alhamdulillah secara nasional semua pimpinan Kabupaten/Kota sudah komitmen dan tanda tangan SK sementara sebanyak secara nasional agregat 87,52%. Jadi pekerjaan yang harusnya selesai tahun 2029, bisa kita selesaikan tahun 2026,"" lanjutnya.
Menurut Nusron ini merupakan capaian yang sangat baik mengingat sebelumnya dalam audit pada awal periode 2026 menunjukkan integrasi LP2B berdasarkan RTRW Kabupaten/Kota baru menyentuh angka 41,72%. Melalui komitmen bersama yang diperkuat oleh Surat Keputusan (SK) sementara dari para kepala daerah, target tersebut berhasil digenjot lebih cepat.
""Harusnya tahun 2026 hanya 78%, tahun 2027 81%, tahun 2028 84%. Januari tahun 2026 ini kita berangkat dari awal, awalnya kita hanya 68% LP2B berdasarkan RTRW Provinsi. Kemudian kalau mengacu pada RTRW Kabupaten, Januari tahun 2026 audit kita hanya 41,72%,"" ujarnya.
""Tetapi masih ada 7 provinsi yang kurang dari 87% karena amanatnya ada 87, yaitu Riau, Jambi, Banten, Bali, Kalimantan Barat, Kalimantan Timur, dan Papua. Tadi ada catatan dari BPS, khusus untuk Banten dan Bali sebisa mungkin harus sampai 87%. Kenapa? Karena ini daerah lahan subur pertanian,"" tandasnya.
(igo/fdl)",finance,https://finance.detik.com/berita-ekonomi-bisnis/d-8652458/penetapan-lahan-pertanian-abadi-capai-87-52-selesai-3-tahun-lebih-cepat
158,"Menteri Perhubungan Dudy Purwagandhi tak mau buru-buru membuka operasional penerbangan di Bandara Soekarno-Hatta meskipun hasil paper test negatif. Pihaknya terus melakukan paper test secara berkala untuk melihat sampai seberapa jauh abu vulkanik masih terdeteksi di permukaan.
""Dapat kami laporkan bahwa Bandara Soekarno-Hatta sudah kami lakukan sebanyak empat kali pengetesan atau paper test dan kami temukan hasilnya negatif,"" ujar Dudy dalam laporannya di Ratas Penanganan Bencana, Senin (7/9/2026).
Meski begitu, pihaknya enggan buru-buru membuka operasional bandara. Dudy mengatakan pihaknya ingin memastikan agar arah angin tidak berubah lagi.
""Namun demikian kami tidak langsung serta-merta kami buka pada saat ini, bapak presiden, karena kami ingin memastikan betul mengingat bahwa sebagaimana kemarin terjadi perubahan dari angin yang semula bergerak ke arah timur dari barat kemudian bergerak ke arah timur,"" beber Dudy.
Dari hasil pantauan BMKG, Dudy mengatakan teramati sebaran debu abu vulkanik Gunung Anak Krakatau pada pukul 12.10 pada ketinggian 15.000 feet bergerak ke arah barat daya dengan kecepatan 10 knots dengan intensitas tetap. Namun demikian berdasarkan Volcanic Ash Advisory Center, ads perkiraan sebaran abu vulkanik masih akan terjadi sampai dengan pukul 23.10 UTC atau 06.10 WIB pada tanggal 8 September.
(hal/ara)",finance,https://finance.detik.com/berita-ekonomi-bisnis/d-8652449/alasan-menhub-tak-mau-buru-buru-buka-bandara-soetta-meski-paper-test-negatif
159,"Menteri Keuangan Purbaya Yudhi Sadewa buka suara soal rencana Presiden Prabowo Subianto meningkatkan anggaran mitigasi bencana. Menurutnya, tambahan anggaran sejauh ini disesuaikan dengan permintaan instansi terkait.
Purbaya bilang dana mitigasi bencana semuanya dikelola oleh Badan Nasional Penanggulangan Bencana (BNPB). Maka dari itu, pihaknya menunggu perhitungan dari BNPB terlebih dahulu soal tambahan anggaran.
""Nanti kita tingkatkan sesuai permintaan, kan BNPB yang hitung. Nanti kita lihat seperti apa perhitungan BNPB. Kan sekarang saya belum terima,"" ujar Purbaya di Kompleks Istana Kepresidenan, Jakarta Pusat, Senin (7/9/2026).
Sebelumnya, Prabowo mengungkapkan pemerintah akan meningkatkan anggaran mitigasi bencana. Hal ini diungkapkan olehnya dalam Ratas Perkembangan Penanganan Bencana Alam secara virtual di Istana Merdeka.
Mulanya saat memberikan sambutan dalam rapat, Prabowo memaparkan Indonesia mengalami sederet bencana alam belakangan ini. Mulai dari gempa di Flores hingga sekarang ada aktivitas erupsi Gunung Anak Krakatau. Di sisi lain, kebakaran hutan dan lahan juga menjadi salah satu masalah yang perlu ditangani.
Menurutnya hal ini menjadi takdir Indonesia yang hidup di lingkaran api. Maka dari itu, antisipasi bencana harus menjadi hal yang penting.
""Ini adalah takdir kita, negara yang berada di lingkaran api, the ring of fire. Jadi, ini membawa kita untuk kita harus siap menghadapi keadaan seperti ini setiap saat,"" kata Prabowo dalam rapat yang disiarkan virtual.
Menurutnya, ini juga menjadi pelajaran bagi Indonesia, Indonesia harus meningkatkan mitigasi bencana dengan meningkatkan anggaran.
""Pelajaran juga bagi kita, bagi pemerintah yang saya pimpin, alokasi anggaran untuk mitigasi bencana harus kita tambah secara signifikan. Saya kira dalam menghadapi keadaan ke depan kita akan lebih mampu,"" lanjut Prabowo.
(hal/ara)",finance,https://finance.detik.com/berita-ekonomi-bisnis/d-8652431/prabowo-mau-naikkan-anggaran-bencana-purbaya-tunggu-hitungan-bnpb
160,"Menteri Pertanian (Mentan), Andi Amran Sulaiman memastikan produksi dan ketersediaan beras nasional tetap aman di tengah kondisi El Nino dan musim kemarau yang berlangsung lebih panjang. Pemerintah juga memperkuat pasokan beras ke pasar dengan menambah alokasi beras Stabilisasi Pasokan dan Harga Pangan (SPHP) medium sebanyak 1 juta ton.
Kepastian tersebut disampaikan Mentan Amran usai menghadiri rapat koordinasi bersama Menteri Koordinator (Menko) Bidang Pangan, Zulkifli Hasan (Zulhas) dan sejumlah kementerian/lembaga terkait di Kantor Kemenko Pangan, Jakarta, Senin (7/9).
""Kesimpulan semuanya, aman, aman. Produksi dan kebutuhan pangan kita aman,"" ujar Amran dalam keterangannya, Senin (7/9/2026).
Amran mengatakan pemerintah telah menyiapkan sejumlah langkah untuk memastikan pasokan beras tetap tersedia sekaligus menjaga harga di tingkat konsumen. Salah satunya dengan mempercepat penyaluran beras SPHP serta mendorong beras medium dan premium masuk ke jaringan ritel.
""Yang pertama, SPHP kita tambah dan beras medium juga premium dorong ke ritel-ritel. Yang kedua, beras pecah atau menir kita stop impornya. Yang ketiga, untuk menekan harga ini, operasi pasar besar-besaran. SPHP ditambah satu juta ton, kemudian bantuan pangan dipercepat,"" tegasnya.
Menurut Amran, kebijakan tersebut merupakan langkah antisipasi pemerintah menghadapi periode musim kemarau yang berpotensi menekan produksi dan pasokan di pasar. Pemerintah tidak menunggu tekanan pasokan terjadi, tetapi mengambil langkah lebih awal dengan memperkuat distribusi beras kepada masyarakat.
Dalam rapat tersebut, pemerintah memutuskan penambahan 1 juta ton beras SPHP medium untuk memperkuat ketersediaan beras di pasar. Beras tersebut akan disalurkan melalui berbagai saluran distribusi agar masyarakat dapat memperoleh beras dengan harga yang terjangkau.
Sementara itu, Zulhas mengatakan penambahan tersebut merupakan keputusan pemerintah untuk memperkuat pasokan dan menjaga harga beras di pasar.
""Untuk merespons itu, maka kami baru saja rapat memutuskan: kita tambah suplainya untuk beras subsidi yang kita kenal dengan SPHP. SPHP medium. Kita tambah lagi tadi 1 juta,"" kata Zulhas.
Karena itu, pemerintah menambah 1 juta ton SPHP medium yang akan disalurkan pada periode Oktober hingga Desember 2026 dan dilanjutkan hingga memasuki masa panen berikutnya. Beras SPHP tersebut ditujukan untuk menjaga pasokan sekaligus menekan kenaikan harga di pasar.
Pemerintah Percepat Bantuan Pangan dan Operasi Pasar
Amran juga menegaskan selain memperkuat pasokan beras, pemerintah juga mempercepat bantuan pangan dan melakukan operasi pasar secara besar-besaran. Langkah tersebut menjadi bagian dari strategi pemerintah menjaga stabilitas pangan sekaligus memastikan masyarakat tidak kesulitan memperoleh beras.
""Sudah didorong. Bulog kami minta percepat. Bulog minta percepat,"" tegas Amran saat ditanya mengenai pasokan beras premium di ritel modern.
Di sisi lain, pemerintah juga memperkuat kebijakan hilirisasi beras dengan memanfaatkan stok beras Bulog yang mengalami penurunan mutu untuk kebutuhan industri tepung beras. Kebijakan tersebut sekaligus mendukung pengurangan ketergantungan terhadap impor beras pecah atau menir.
Amran mengatakan pemerintah telah menghentikan impor beras pecah dan mengoptimalkan stok dalam negeri untuk kebutuhan tersebut.
""Beras yang diimpor itu 380 ribu ton, beras pecah, itu kita stop. Dari Bulog 380 ribu. Alhamdulillah, jadi kita tindak stop impor beras pecah, menir,"" ujarnya.
Pemerintah juga memutuskan penyediaan SPHP jagung sebanyak 150 ribu ton untuk membantu peternak rakyat dan pelaku usaha kecil-menengah menghadapi tekanan pasokan jagung selama musim kemarau.
Seluruh langkah tersebut menunjukkan pemerintah melakukan mitigasi secara terukur untuk menjaga pasokan pangan dari hulu hingga hilir. Di tengah tantangan El Nino, pemerintah memastikan produksi dalam negeri tetap berjalan, sementara distribusi dan intervensi pasar diperkuat untuk menjaga kebutuhan masyarakat.
""Operasi pasar besar-besaran. SPHP ditambah satu juta ton. Kemudian bantuan pangan dipercepat,"" pungkas Amran.
(akn/ega)",finance,https://finance.detik.com/berita-ekonomi-bisnis/d-8652418/mentan-pastikan-produksi-beras-aman-saat-el-nino-sphp-ditambah-1-juta-ton
161,"Menteri Keuangan (Menkeu) Purbaya Yudhi mengajukan pagu anggaran Kementerian Keuangan (Kemenkeu) pada 2027 sebesar Rp 49,8 triliun. Anggaran tersebut dialokasikan untuk lima program.
""Pagu anggaran Kementerian Keuangan tahun anggaran 2027 diusulkan sebesar Rp 49.801.124.984.000,"" ujar Purbaya dalam rapat kerja Komisi XI DPR, Senin (7/9/2026).
Dalam pelaksanaannya, Kemenkeu akan menjalankan lima program utama. Pertama, Program Kebijakan Fiskal, Sektor Keuangan, dan Ekonomi dengan anggaran sebesar Rp 78,86 miliar. Kedua, Pengelolaan Penerimaan Negara sebesar Rp 3,62 triliun.
Ketiga, program Pengelolaan Belanja Negara sebesar Rp 23,78 miliar. Keempat, program Pengelolaan Perbendaharaan, Kekayaan Negara, dan Risiko sebesar Rp 267,58 miliar, serta program Dukungan Manajemen Rp 45,81 triliun.
Kelima program tersebut dirancang untuk memperkuat peran Kemenkeu dalam mengawal delapan klaster Program Kerja Prioritas Nasional (PKPN), yaitu kedaulatan pangan; kemandirian energi dan air; pendidikan; kesehatan; penurunan kemiskinan; hilirisasi dan industrialisasi; infrastruktur, perumahan, dan ketahanan bencana; serta ekonomi kerakyatan dan desa. Pelaksanaan prioritas tersebut diperkuat dengan berbagai enabler, antara lain pertahanan dan keamanan, penegakan hukum, tata kelola, digitalisasi, dan diplomasi ekonomi.
Pada program kebijakan fiskal, sektor keuangan, dan ekonomi, pihaknya akan memperkuat harmonisasi dan debottlenecking untuk mendukung akselerasi investasi dan transformasi ekonomi, termasuk hilirisasi industri strategis. Sementara itu, pengelolaan penerimaan negara diarahkan pada penguatan integrasi proses bisnis ekspor-impor dan logistik, peningkatan lifting migas, serta penguatan pengawasan dan kualitas layanan perpajakan.
Dari sisi belanja negara, Kemenkeu akan memperkuat pengelolaan keuangan negara dan daerah, termasuk melalui modernisasi sistem penganggaran dan peningkatan kapasitas pengelolaan keuangan daerah. Adapun pada pengelolaan perbendaharaan, kekayaan negara, dan risiko, Kemenkeu akan mendukung kemandirian energi melalui penjaminan pemerintah, mempercepat investasi infrastruktur melalui pembiayaan kreatif, serta mengoptimalkan pengelolaan Barang Milik Negara (BMN).
Transformasi digital dan penguatan proses bisnis juga menjadi bagian dari Rencana Kerja TA 2027 melalui Program Dukungan Manajemen. Agenda tersebut mencakup pengembangan Indonesia National Single Window, penguatan Coretax System, Smart Customs and Excise System, sistem penanganan tindak pidana perpajakan, serta digitalisasi proses bisnis melalui Office Automation Kemenkeu.
Purbaya menegaskan berbagai program tersebut merupakan bagian dari upaya menjaga APBN agar tetap mampu menjalankan perannya sebagai instrumen pembangunan sekaligus pelindung perekonomian masyarakat.
""APBN harus terus dijaga tetap sehat, kredibel, dan berkelanjutan, agar mampu berfungsi secara optimal sebagai shock absorber, mendukung agenda pembangunan, dan instrumen untuk mewujudkan kesejahteraan masyarakat,"" tambah ia.
Adapun hingga semester I-2026, pendapatan negara terealisasi sebesar Rp 1.459,4 triliun atau tumbuh 21,3% secara tahunan. Sementara belanja negara mencapai Rp 1.656,0 triliun atau tumbuh 18,2% . Dari sisi pembiayaan, realisasi mencapai Rp 452,0 triliun atau tumbuh 59,4% secara tahunan.
""Capaian kinerja Kementerian Keuangan tahun 2026 yang positif menjadi fondasi dalam penyusunan Rencana Kerja Tahun 2027. Perbaikan pengelolaan APBN akan terus dilakukan melalui reformasi sistem perpajakan dan bea cukai, percepatan belanja dengan fokus pada program yang memberikan multiplier effect bagi pertumbuhan dan kesejahteraan, serta menjaga defisit dan utang dalam batas aman,"" jelas Purbaya.
Pada periode tersebut, pihaknya telah menyelesaikan 72,43% aduan debottlenecking, mencegah penyelundupan emas batangan sebesar 190,26 kilogram, serta mengimplementasikan kecerdasan artifisial dalam pengawasan under invoicing. Pada sektor pembiayaan, penyaluran pembiayaan Ultra Mikro (UMi) telah mencapai Rp 67,58 triliun.
(acd/acd)",finance,https://finance.detik.com/berita-ekonomi-bisnis/d-8652405/purbaya-ajukan-anggaran-rp-49-8-triliun-tahun-depan-buat-apa-aja
162,"Presiden Prabowo Subianto meminta semua pihak memberikan perhatian lebih pada kebakaran hutan dan lahan (karhutla) yang terjadi dekat Ibu Kota Nusantara (IKN), Kalimantan Timur.
Dia meminta agar kebakaran tidak sampai ke kawasan inti pusat pemerintahan (KIPP) IKN. Orang nomor satu di Indonesia itu meminta agar pengerahan aset-aset segera dilakukan.
""Yang harus diperhatikan juga kebakaran yang dekat dengan IKN itu, harus diperhatikan, harus dikerahkan aset-aset lebih jangan sampai kebakaran itu sampai ke zona inti,"" beber Prabowo dalam Ratas Perkembangan Penanganan Bencana secara virtual, Senin (7/9/2026).
Sebelumnya, karhutla terjadi di lahan perorangan hingga hanya berjarak sekitar 20 meter dari Kawasan Hutan dengan Tujuan Khusus (KHDTK) Samboja di Kutai Kartanegara (Kukar), Kalimantan Timur (Kaltim). Lahan itu diduga sengaja dibakar untuk pembukaan kebun sawit.
Manajer KHDTK Samboja Nanang Riana mengatakan kebakaran terjadi di Sungai Merdeka RT 07, Kecamatan Samboja Barat, pada Selasa (1/9/2926). Informasi awal diterimanya dari warga sekitar pukul 15.00 Wita, yang melihat asap muncul dari salah satu kebun.
""Kemarin sekitar pukul 15.00, sudah ada informasi dari warga kepada saya bahwa ada asap di kebunnya Pak Sayuti. Saya kemudian menindaklanjuti dengan turun ke lapangan untuk mengecek benar atau tidak,"" ujar Nanang, dilansir detikKalimantan, Kamis (3/9/2026) yang lalu.
Nanang kemudian mendatangi lokasi dan menemukan api tersebar di tiga titik. Salah satu titik kebakaran berada sangat dekat dengan batas KHDTK sehingga pihaknya langsung berkoordinasi untuk melakukan penanganan.
""Ternyata titik apinya banyak, tersebar di tiga titik. Salah satunya berada di lokasi yang berimpit dengan Kawasan Hutan Dengan Tujuan Khusus (KHDTK). Sehingga saya melakukan koordinasi dengan teman-teman PPI Jejak Pulang untuk penanggulangan kebakaran ini,"" jelasnya.
Kecurigaan adanya unsur kesengajaan muncul setelah kondisi lahan diperiksa. Selain ditemukan ajir sawit atau penanda yang ditancapkan ke tanah, Nanang melihat material di lokasi telah dikumpulkan atau ditumpuk. Menurutnya, ini merupakan pola pembersihan lahan dengan cara dibakar.
(hal/ara)",finance,https://finance.detik.com/berita-ekonomi-bisnis/d-8652336/prabowo-kebakaran-dekat-ikn-harus-diperhatikan
163,"Menteri Koordinator Bidang Pangan Zulkifli Hasan atau Zulhas mengungkapkan beras Stabilisasi Pasokan dan Harga Pangan (SPHP) akan disalurkan dengan merek baru, 'Beras Kita' Medium. Kemasan baru ini akan diluncurkan pada 20 Oktober 2026 mendatang.
Zulhas mengatakan, perubahan ini dilakukan bersamaan dengan penyegaran kemasan. Namun untuk identitas SPHP tidak sepenuhnya dihilangkan, melainkan tetap dicantumkan pada kemasan sebagai keterangan di bawah merek.
""Ini nanti akan di-launching kemasan baru sekarang. SPHP itu diganti namanya 'Beras Kita',"" kata Zulhas dalam konferensi pers di kantornya, Jakarta, Senin (7/9/2026).
Selain beras SPHP, penamaan merek 'Beras Kita' juga akan digunakan dalam kemasan beras premium yang dipasarkan Bulog.
""Ini akan dilaunching tanggal 20 Oktober mendatang. Ada 'Beras Kita', ada 'Beras (Kita) Premium',"" sambungnya.
Dalam kesempatan yang sama, Direktur Utama Perum Bulog, Ahmad Rizal Ramali, menjelaskan penggunaan nama 'Beras Kita' disesuaikan dengan pola penamaan produk pangan lain milik pemerintah, semisal 'Miyakita' dan 'Maniskita'.
""Kenapa harus menggunakan nama Beras Kita? Karena Beras Kita itu seperti yang produk-produk pemerintah semua menggunakan bahasa 'Kita'. 'Kita' itu adalah seperti Gula 'ManisKita', kemudian 'Minyakita',"" ungkap Ahmad Rizal Ramali.
""Arti 'Kita' itu adalah Keluarga Indonesia Sejahtera. Jadi Beras Kita adalah Beras Keluarga Indonesia Sejahtera Medium,"" sambungnya.
Dalam kemasan baru, tulisan Beras Kita Medium menjadi identitas utama dengan dominasi warna putih dan biru. Bagian bawah kemasan menampilkan ilustrasi hamparan sawah, sedangkan logo Bulog, Badan Pangan Nasional, dan Kementerian Koordinator Bidang Pangan tetap tercantum di bagian atas.
Sementara tulisan SPHP dibuat lebih kecil dan berada di bawah nama Beras Kita. Dengan begitu, program SPHP tetap menjadi identitas produk, tetapi nama yang ditonjolkan kepada konsumen adalah Beras Kita.
Rizal juga menyinggung penyederhanaan merek beras premium seperti Befood dan Punakawan ke dalam merek terpadu 'Beras Kita Premium'. Meski begitu, menurutnya produk beras SPHP dan produk beras premium Bulog lainnya masih akan beredar sampai kemasan yang ada habis.
""Bukan hanya packaging-nya saja, namun isinya juga diperintahkan untuk ditingkatkan. Nah, ini kami sudah komitmen dengan seluruh jajaran untuk meningkatkan mutu dan pelayanan kepada masyarakat. Mungkin ini akan di-launching nanti tanggal 20 Oktober ya. 20 Oktober itu bersamaan dengan tahun masuk tahun ketiganya pemerintahan Bapak Presiden Prabowo Subianto,"" jelasnya.
(igo/fdl)",finance,https://finance.detik.com/berita-ekonomi-bisnis/d-8652317/beras-sphp-ganti-nama-jadi-beras-kita-mulai-dijual-20-oktober
164,"KAI Commuter melakukan penyesuaian jadwal perjalanan Commuter Line mulai Senin, (7/9). VP Corporate Secretary KAI Commuter, Karina Amanda mengatakan, penyesuaian ini hanya bersifat sementara waktu.
Menurut Karina, langkah ini dilakukan karena pihaknya menyesuaikan jumlah sarana yang dioperasikan. Saat ini KAI Commuter sedang melakukan perawatan rangkaian sarana KRL demi alasan keselamatan dan keamanan perjalanan.
""Saat ini kami melakukan proses perawatan rangkaian sarana KRL yang ada secara intensif, demi keselamatan dan keamanan perjalanan,"" ujar Karina dalam keterangan tertulis, Senin (7/9/2026).
Lebih lanjut Karina menyampaikan hari ini terdapat 17 perjalanan Commuter Line yang dilakukan penyesuaiannya atau dibatalkan. Penyesuaian jadwal pemberangkatan dilakukan pada jadwal pagi hari, sore dan malam nanti.
Dengan penyesuaian jadwal keberangkatan tersebut, KAI Commuter mulai hari ini mengoperasikan sebanyak 1.048 perjalanan Commuter Line di Seluruh lintas dari sebelumnya sebanyak 1.065 perjalanan setiap harinya.
""Kami mengimbau kepada para pengguna untuk dapat kembali menyesuaikan jadwal perjalanannya,"" ucap Karina.
Ia juga menegaskan babwa KAI Commuter akan terus menginfokan secara berkala terkait jadwal dan operasional Commuter Line melalui pengumuman informasi di Stasiun, di atas kereta, aplikasi C-Access, maupun melalui kanal media sosial resmi KAI Commuter.
Karina menuturkan bahwa pengelola Commuter Line harus melalukan perawatan tersebut demi mengoptimalkan layanan, di samping juga sebagai komitmen KAI Commuter atas keselamatan pengguna.
""Kami memahami pasti akan ada ketidaknyamanan pengguna Commuter Line selama proses perawatan ini. Kami mohon maaf atas ketidaknyamanan yang ditimbulkan,"" sebut Karina.
(acd/acd)",finance,https://finance.detik.com/berita-ekonomi-bisnis/d-8652316/17-perjalanan-krl-dibatalkan-ini-alasannya
165,"Presiden Prabowo Subianto geram ada perusahaan yang diduga ikut andil jadi biang kerok kebakaran hutan dan lahan (karhutla). Kejengkelannya itu diungkapkan dalam Rapat Terbatas soal Perkembangan Penanganan Bencana Alam siang ini.
Mulanya, Prabowo bertanya soal apakah ada dugaan korporasi ikut jadi pemicu karhutla. Kapolri Listyo Sigit Prabowo mengamini hal tersebut, dia bilang sejauh ini ada 200 laporan polisi (LP) terkait karhutla, 8 di antaranya adalah LP yang melibatkan korporasi. Pihaknya sudah menetapkan 138 tersangka terkait kasus karhutla dari 200 LP yang ada, di antaranya 60 perusahaan yang dihukum berupa pembekuan izin dan pencabutan izin.
Rincinya 18 perusahaan dibekukan izinnya dan 42 perusahaan dicabut izinnya. Pihaknya masih mendalami apakah 60 korporasi ini melakukan tindak pidana lanjutan.
""Kami juga sedang melakukan pendalaman, ada 18 perusahaan dan 42 perusahaan yang saat ini diberikan sanksi administrasi berupa pembekuan atau pencabutan izin, apakah mereka juga melakukan pidana,"" lapor Sigit kepada Prabowo, Senin (7/9/2/2026).
Mendengar laporan tersebut, Prabowo pun geram. Dia meminta agar Satgas Penertiban Kawasan Hutan (PKH) ikut bergerak langsung untuk menegakkan aturan. Prabowo mengatakan izin-izin korporasi yang jadi biang kerok karhurla harus dicabut. Termasuk apabila memiliki hak guna usaha (HGU).
""Nanti akan saya minta mungkin Menteri Kehutanan, Menteri ATR, dan juga Satgas PKH untuk menilai, kalau perlu kita segera cabut semuanya tuh. Semua izin-izinnya kita cabut, ya, HGU-nya dan sebagainya,"" tegas Prabowo.
Prabowo menilai perbuatan korporasi semacam ini sudah kelewatan. Dia pun meminta nama-nama korporasi tersebut.
""Ini sudah kelewatan, dan juga saya ingin tahu benar-benar korporasi itu milik siapa,"" tegas Prabowo.
(hal/ara)",finance,https://finance.detik.com/berita-ekonomi-bisnis/d-8652242/prabowo-geram-ada-korporasi-biang-kerok-karhutla-cabut-semua-izinnya
166,"Menteri Keuangan (Menkeu) Purbaya Yudhi Sadewa mengakui tidak akan memenuhi semua instansi yang meminta tambahan anggaran. Menurut Purbaya, jika semua K/L meminta tambahan anggaran, nominalnya bisa hampir mencapai Rp 1.000 triliun.
""Kalau minta semua, semua kan mintanya (total anggaran) sampai Rp 1.000 triliun waktu itu kan bilangnya. Kalau kita uangnya banyak kayak di surga ya, saya kasih semua,"" ujar Purbaya saat ditemui di Gedung DPR, Jakarta Pusat, Senin (7/9/2026).
Seperti diketahui, rata-rata kementerian/lembaga ramai mengajukan tambahan anggaran untuk tahun depan ke DPR. Dalam rapat pembahasan postur sementara RAPBN 2027 antara pemerintah dan Badan Anggaran (Banggar), target belanja negara dinaikkan dari sebelumnya Rp 4.097,2 triliun menjadi Rp 4.106,3 triliun.
Penambahan tersebut hanya terjadi pada pos anggaran belanja pemerintah pusat, dalam hal ini kementerian/lembaga. Purbaya mengatakan kenaikan tambahan Rp 9,1 triliun untuk belanja K/L bukan termasuk permintaan tambahan anggaran yang diajukan K/L.
Purbaya menjelaskan pemerintah memilih untuk menggelontorkan anggaran pada program atau sektor mana yang memberikan dampak pada pertumbuhan perekonomian nasional.
""Ini kan ada keterbatasan. Itulah ekonomi. Kita selalu menghadapi scarcity. Jadi kita mesti pilih yang mana yang paling optimal buat perekonomian. Itu yang sedang kita lakukan,"" tambahnya.
Selain belanja negara, pendapatan negara dan hibah juga dinaikkan sebesar Rp 9,1 triliun dari sebelumnya Rp 3.426 triliun menjadi Rp 3.435 triliun. Tambahan anggaran ini terjadi pada pos penerimaan perpajakan, yakni penerimaan pajak dan kepabeanan dan cukai yang masing-masing menjadi Rp 2.912 triliun dan Rp 2.593 triliun.
Selain itu, pos penerimaan negara bukan pajak (PNBP) juga ikut naik Rp 5,1 triliun menjadi Rp 522, 5 triliun dari sebelumnya Rp 517,4 triliun. Terkait kenaikan target penerimaan pajak ini, khususnya PNBP, Wakil Menteri Keuangan (Wamenkeu) Suahasil Nazara mengatakan perhitungannya sudah termasuk pertimbangan pada harga komoditas dan nilai tukar mata uang.
""PNBP kan lihat juga harga, biasanya juga kurs. Jadi, ada harga komoditas, kurs, dan itu kalau peningkatan juga cukup bagus,"" katanya.
(acd/acd)",finance,https://finance.detik.com/berita-ekonomi-bisnis/d-8652223/purbaya-soal-k-l-minta-tambah-anggaran-kalau-uangnya-banyak-saya-kasih-semua
167,"Dampak letusan Gunung Anak Krakatau (GAK) yang dimulai sejak Jumat (4/9) malam, akan terus dirasakan oleh dunia penerbangan Indonesia. Berdasarkan informasi terbaru yang disampaikan oleh Kementerian Perhubungan, penutupan sejumlah bandara akibat erupsi ini akan diperpanjang hingga Senin (7/9) pukul 18.00 WIB.
Bandara-bandara yang ditutup antara lain Soekarno-Hatta (CGK), Radin Inten II Lampung (TKG), Halim Perdanakusuma (HLP), Husein Sastranegara Bandung (BDO), Budiarto Curug (RTO), Pondok Cabe (PCB), serta Bandara M. Taufik Kiemas (TFY). penutupan ketujuh bandara ini dilakukan sebagai bentuk mitigasi dari ancaman abu vulkanik yang dapat mengganggu mesin, sistem pesawat, hingga jarak pandang pilot.
Langkah cepat yang dilakukan pemerintah patut diapresiasi. Meski demikian, dampak yang ditimbulkan akibat penutupan ini juga perlu segera ditangani. Seperti diketahui, empat dari tujuh bandara yang ditutup merupakan bandara komersial dengan layanan penerbangan tak hanya dalam negeri tetapi juga luar negeri.
Mengutip data InJourney yang diambil dari detikFinance, setidaknya ada 2.300 penerbangan dan 268.539 penumpang terdampak sejak awal penutupan pada Sabtu (5 September 2026) hingga Senin (7 September 2026) pukul 09.00 WIB. dari angka tersebut, Bandara Soekarno-Hatta Tangerang Banten menyumbang angka 1.320 penerbangan dan 173.474 penumpang terdampak.
Menanggapi efek penutupan bandara tersebut, Menko Bidang Infrastruktur dan Pembangunan Kewilayahan Agus Harimurti Yudhoyono (AHY) mendorong Kementerian Perhubungan untuk menyiapkan bandara alternatif. Adapun beberapa bandara yang ditunjuk antara lain Bandara Internasional Jawa Barat (BIJB) Kertajati di Majalengka, Bandara Ahmad Yani Semarang, Bandara Yogyakarta, serta Bandara Juanda Surabaya.
Lalu sejauh mana bandara-bandara ini dapat menampung limpahan jumlah penerbangan yang sempat tertunda? Berdasarkan kondisi ini, sejauh mana ketahanan sistem penerbangan di Indonesia terhadap berbagai ancaman khususnya bencana alam? Simak ulasannya dalam detikSore bersama Pakar Aviasi, Alvin Lie.
detikSore juga akan melihat langsung kondisi terkini di sejumlah bandara terdampak erupsi Gunung Anak Krakatau. Di sana, Jurnalis detikcom akan menyampaikan langsung laporan pandangan mata terkait penundaan sejumlah penerbangan dari atau menuju bandara Radin Inten Lampung dan Soekarno-Hatta, tangerang, Banten.
Semudah apa para penumpang memperoleh hak-hak mereka? Simak laporannya dalam detikSore!
Jelang petang nanti, detikSore akan menghadirkan Dani Arwanto. Inisiator Kelompok Tani Cemara di Jakarta utara. Kepada detikSore, dia akan menceritakan bagaimana usahanya mengubah ladang kumuh menjadi 'surga' bagi tanaman-tanaman hijau.
Apa saja hasil yang diperoleh penerima anugerah Kalpataru 2023 di kategori Perintis Lingkungan itu? Simak kisahnya dalam Sunsetlak detikSore!
Ikuti terus ulasan mendalam berita-berita hangat detikcom dalam sehari yang disiarkan secara langsung langsung (live streaming) pada Senin-Jumat, pukul 15.30-18.00 WIB, di 20.detik.com dan TikTok detikcom. Sampaikan komentar Anda melalui kolom live chat yang tersedia.
""Detik Sore, Nggak Cuma Hore-hore!""
(vys/gub)",finance,https://finance.detik.com/berita-ekonomi-bisnis/d-8652120/krakatau-meletus-penerbangan-lumpuh-bagaimana-mitigasi-aviasi-ri
168,"Menteri Pertanian (Mentan) Andi Amran Sulaiman mengakui efisiensi biaya dan ongkos produksi beras Indonesia masih kalah dibandingkan negara tetangga seperti Vietnam dan Thailand.
Menurut Amran besarnya alokasi subsidi pertanian yang dikucurkan pemerintah Thailand dan Vietnam menjadi pembeda utama ketimpangan biaya produksi beras domestik dengan negara tersebut.
Hal ini disampaikan Amran menanggapi pernyataan Menteri Koordinator Bidang Perekonomian Zulkifli Hasan (Zulhas) yang menyebut biaya produksi beras petani lokal tiga kali lebih mahal dari dua negara tetangga itu.
""Pernyataan Pak Menko itu benar. Di sana subsidinya besar. Saya mempelajari bahkan di Arkansas, Amerika, hingga China subsidinya itu mencapai 70-80%"" kata Amran saat ditemui di kantor Kemenko Pangan, Jakarta Pusat, Senin (7/9/2026).
Menurutnya secara umum biaya produksi beras di Indonesia masih sama dengan Thailand dan Vietnam. Hanya saja pemerintah tidak mengucurkan subsidi sektor pertanian sebesar negara-negara tetangga.
""Sebenarnya sama saja kalau dibandingkan, tapi subsidi kita kan kecil banget dibanding negara lain,"" ujarnya.
Saat ditanya apakah pemerintah akan meningkatkan subsidi sektor pertanian untuk meningkatkan daya saing nasional, Amran menilai tingkat subsidi yang ada saat ini sudah cukup. Terlebih di tengah keterbatasan anggaran.
Menurutnya Kementan lebih berfokus memaksimalkan dorongan teknologi, efisiensi rantai pasok, serta mekanisasi pertanian guna menggenjot produktivitas dan pendapatan petani.
""Cukuplah dulu. Ini kan APBN juga,"" tandasnya.
(fdl/fdl)",finance,https://finance.detik.com/berita-ekonomi-bisnis/d-8652172/beras-ri-kalah-murah-dari-thailand-vietnam-mentan-subsidi-kita-kecil
169,"Kementerian Perhubungan (Kemenhub) menyiapkan sejumlah bandara alternatif sebagai antisipasi dampak sebaran abu vulkanik Gunung Anak Krakatau di Provinsi Banten. Hingga Senin (7/9), sejumlah maskapai juga mulai mengalihkan penerbangan maupun pendaratan di bandara-bandara alternatif.
""Saat ini dan sejak kemarin Garuda Indonesia sudah melakukan pendaratan di Bandara Kertajati (Majalengka, Jawa Barat). Hari ini rencananya akan dilakukan juga pendaratan di Kertajati untuk penerbangan dari Jeddah dan Amsterdam,"" ujar Menteri Perhubungan Dudy Purwagandhi dalam keterangan tertulis, Senin (7/9/2026).
Dudy menyebutkan, Bandara Kertajati merupakan salah satu bandara alternatif yang disiapkan untuk mengantisipasi penutupan operasional sejumlah bandara akibat sebaran abu vulkanik Gunung Anak Krakatau di Provinsi Banten.
Hingga Senin sebanyak 4 penerbangan Garuda Indonesia telah memanfaatkan bandara Kertajati sebagai alternatif dari Bandara Soekarno-Hatta. Adapun bandara alternatif lain di antaranya Bandara Internasional Yogyakarta, Bandara Juanda di Provinsi Jawa Timur, Bandara Adi Soemarmo dan Bandara Jenderal Ahmad Yani di Provinsi Jawa Tengah.
""Singapore Airlines juga akan melakukan pendaratan dengan mengganti pesawatnya yang semula menggunakan Boeing 737-800, akan diganti dengan Airbus A350 di mana bisa menampung lebih banyak penumpang. Masyarakat yang terbang dari Singapura bisa kembali melalui Surabaya. Kemudian Singapore Airlines juga akan memproses penerbangan ke Yogyakarta sebagai bandara alternatif,"" lanjut Dudy.
Dudy terus mendorong maskapai, terutama maskapai luar negeri menggunakan pesawat besar dan bandara alternatif yang telah disediakan, sehingga penumpang yang terjebak di luar negeri bisa segera kembali ke dalam negeri melalui bandara alternatif.
Sementara itu, berdasarkan uji paper test sejumlah bandara terdampak, Dudy menyebut bandara Atung Bungsu di Pagar Alam, Sumatera Selatan telah menunjukkan hasil negatif dari paparan abu vulkanik. Dengan demikian bandara tersebut dinyatakan kembali dibuka dan beroperasi normal.
Sementara tujuh bandara lain masih dilakukan penutupan, yakni Bandara Soekarno-Hatta, Banten; Bandara Radin Inten II, Lampung; Bandara Budiarto, Banten; Bandara Halim Perdanakusuma, Jakarta; Bandara Pondok Cabe, Banten; Bandara Muhammad Taufiq Kiemas, Lampung; Bandara Husein Sastranegara, Jawa Barat.
(acd/acd)",finance,https://finance.detik.com/berita-ekonomi-bisnis/d-8652161/4-penerbangan-garuda-dialihkan-ke-kertajati-imbas-erupsi-anak-krakatau
170,"Pemerintah akan melelang sebagai stok beras cadangan pemerintah (CBP) yang sudah mengalami penurunan mutu akibat penyimpanan jangka panjang. Rencananya sebanyak 380.000 ton beras akan dilelang secara terbuka untuk difungsikan sebagai bahan baku tepung beras nasional.
Menteri Koordinator Bidang Pangan, Zulkifli Hasan alias Zulhas mengatakan lelang ini diperuntukkan bagi pengusaha pengolahan tepung beras dengan menetapkan harga batas bawah.
""Kebutuhan tepung itu sebetulnya dari beras pecah. Nah, karena kita dua tahun, stok kita ini kan paling tinggi ya. Belum pernah Bulog punya stok setinggi ini. Tahun lalu lima juta lebih, tahun ini lima juta lebih. Tentu ada yang karena sudah dua tahun, tentu ada yang kurang mutu. Nah, yang kurang mutu itu kira-kira 300.000, ini kita tadi boleh dilelang,"" jelas Zulhas dalam konferensi pers di kantornya, Jakarta Pusat, Senin (7/9/2026).
Lebih lanjut, Zulhas mengatakan beras yang sudah turun mutu ini akan dilelang dengan harga minimal Rp 11.000 per kilogram. Menurutnya harga tersebut masih lebih murah dari harga beras SPHP medium.
""Minimal harganya Rp11.000. Dilelang, sudah kita putuskan ya. Dilelang tapi minimal Rp 11.000. SPHP kan Rp 12.000, jadi beda Rp 1.000 saja. Eh boleh dilelang Rp 11.000, itu yang mutunya turun. Itu nanti bisa dibeli oleh pabrik-pabrik tepung itu, pengusaha tepung itu untuk di, jadi tepung sehingga harga tepung yang naik juga bisa turun,"" ujarnya.
Direktur Utama Perum Bulog, Ahmad Rizal Ramali, memaparkan mekanis lelang resmi akan dilakukan melalui Kantor Pelayanan Kekayaan Negara dan Lelang (KPKNL) di bawah naungan Kementerian Keuangan (Kemenkeu).
""Disepakati bahwa akan diberikan kebijakan hilirisasi beras yaitu menjadi tepung beras, jadi 380.000 ton dengan skema nanti dilelang di KPKNL. Di KPKNL dengan harga minimal Rp 11.000 yang dilepas dari pemerintah,"" terang Ahmad.
Selain memberdayakan beras yang kurang mutu, ia mengatakan melalui proses lelang ini pemerintah bisa menghentikan impor beras pecah khusus industri tepung yang sudah berlangsung sejak tahun lalu.
""Bahan tepung beras yang biasanya itu impor dari luar negeri, alhamdulillah di saat ini sudah tidak ada impor lagi beras pecah dan lain sebagainya, maka dengan stok Bulog yang banyak dan adanya beras-beras Bulog yang turun mutu, di mana ketentuan dari tepung beras itu usia simpannya minimal di atas 10 bulan,"" tambahnya.
(igo/fdl)",finance,https://finance.detik.com/berita-ekonomi-bisnis/d-8652147/beras-bulog-turun-mutu-380-ribu-ton-bakal-dilelang-rp-11-ribu-kg
171,"Presiden Prabowo Subianto mengungkapkan pemerintah akan meningkatkan anggaran mitigasi bencana. Hal ini diungkapkan olehnya dalam Ratas Perkembangan Penanganan Bencana Alam secara virtual di Istana Merdeka.
Mulanya saat memberikan sambutan dalam rapat, Prabowo memaparkan Indonesia mengalami sederet bencana alam belakangan ini. Mulai dari gempa di Flores hingga sekarang ada aktivitas erupsi Gunung Anak Krakatau. Di sisi lain, kebakaran hutan dan lahan juga menjadi salah satu masalah yang perlu ditangani.
Menurutnya hal ini menjadi takdir Indonesia yang hidup di lingkaran api. Maka dari itu, antisipasi bencana harus menjadi hal yang penting.
""Ini adalah takdir kita, negara yang berada di lingkaran api, the ring of fire. Jadi, ini membawa kita untuk kita harus siap menghadapi keadaan seperti ini setiap saat,"" kata Prabowo dalam rapat yang disiarkan virtual, Senin (7/9/2026).
Menurutnya, ini juga menjadi pelajaran bagi Indonesia, Indonesia harus meningkatkan mitigasi bencana dengan meningkatkan anggaran.
""Pelajaran juga bagi kita, bagi pemerintah yang saya pimpin, alokasi anggaran untuk mitigasi bencana harus kita tambah secara signifikan. Saya kira dalam menghadapi keadaan ke depan kita akan lebih mampu,"" lanjut Prabowo.
(hal/ara)",finance,https://finance.detik.com/berita-ekonomi-bisnis/d-8652143/prabowo-alokasi-anggaran-mitigasi-bencana-harus-kita-tambah-signifikan
172,"AirNav Indonesia menerbitkan dua surat peringatan terkait perkembangan aktivitas vulkanik Gunung Anak Krakatau dan Gunung Ibu. ASHTAM VAWR3760 dirilis pada 7 September 2026 pukul 09.10 WIB terkait perkembangan aktivitas vulkanik Gunung Anak Krakatau di Selat Sunda dan ASHTAM VAWR9818 pada pukul 08.20 WIB terkait aktivitas vulkanik Gunung Ibu di Kabupaten Halmahera Barat, Maluku Utara.
Untuk Gunung Anak Krakatau, ASHTAM VAWR3760 menetapkan status peringatan Merah dengan sebaran abu vulkanik teridentifikasi hingga Flight Level 500 (FL500) atau sekitar 50.000 kaki dan bergerak ke arah barat daya dengan kecepatan 15 knot (sekitar 28 km/jam). Kemudian sebaran abu vulkanik pada ketinggian hingga Flight Level 150 (FL150) atau sekitar 15.000 kaki, bergerak ke arah barat dengan kecepatan 15 knot.
ASHTAM juga menyebutkan adanya abu vulkanik pada ketinggian tinggi yang telah terpisah dari sumber gunung berapi dan bergerak ke arah barat daya, yang diperkirakan akan menipis atau menghilang dalam waktu 12-18 jam. Sementara itu, emisi abu vulkanik secara terus-menerus hingga FL150 bergerak ke arah barat.
""Kondisi tersebut berada dalam Flight Information Region (FIR) Jakarta atau wilayah informasi penerbangan Jakarta. Untuk bandara terdampak (affected aerodrome) maupun rute pelayanan lalu lintas penerbangan terdampak (affected ATS routes) menjadi prioritas perhatian dalam pengelolaan ruang udara yang dilakukan Airnav Indonesia,"" tulis AirNav dalam keterangannya, Senin (7/9/2026).
Gunung Ibu
Untuk Gunung Ibu, ASHTAM VAWR9818 menetapkan status peringatan Oranye. Berdasarkan pemantauan, sebaran abu vulkanik Gunung Ibu teridentifikasi hingga Flight Level 070 (FL070) atau sekitar 7.000 kaki dan bergerak ke arah utara dengan kecepatan 10 knot (sekitar 19 km/jam).
Laporan dari darat menunjukkan emisi abu vulkanik yang masih berlangsung (ongoing volcanic ash emissions). Abu vulkanik teridentifikasi melalui citra satelit, namun pada pengamatan terbaru tertutup oleh awan meteorologis.
Aktivitas Gunung Ibu berada dalam FIR Ujung Pandang atau wilayah informasi penerbangan Ujung Pandang. Berdasarkan ASHTAM VAWR9818, tidak terdapat bandara terdampak maupun rute penerbangan terdampak.
Untuk diketahui, ASHTAM merupakan informasi aeronautika khusus mengenai aktivitas gunung berapi dan abu vulkanik, yang diterbitkan untuk menyampaikan informasi mengenai keberadaan, ketinggian, dan pergerakan abu vulkanik yang dapat memengaruhi ruang udara. Informasi ini menjadi auan penting bagi pengguna ruang udara dalam melakukan perencanaan dan pelaksanaan penerbangan.
ASHTAM VAWR3760 terkait Gunung Anak Krakatau berlaku mulai 7 September 2026 pukul 09.10 WIB hingga 8 September 2026 pukul 09.10 WIB. Sementara ASHTAM VAWR9818 terkait Gunung Ibu berlaku mulai 7 September 2026 pukul 08.20 WIB hingga 8 September 2026 pukul 08.20 WIB.
Simak juga Video 'Update Sebaran Abu Vulkanik Anak Krakatau, Apakah Sampai Jakarta?':
(hal/ara)",finance,https://finance.detik.com/berita-ekonomi-bisnis/d-8652077/airnav-abu-vulkanik-anak-krakatau-ke-barat-daya-diperkirakan-hilang-12-jam
173,"Direktur Utama PT Telkom Indonesia (Persero) Tbk. (TLKM) Dian Siswarini buka suara soal rencana konsolidasi aset fiber milik sejumlah BUMN ke bawah naungan Telkom. Salah satu yang sebelumnya disebut ialah aset fiber milik PT PLN (Persero) yakni PLN Icon Plus.
Rencana konsolidasi itu merupakan arahan dari Danantara untuk setiap bisnis yang dijalankan BUMN fokus terhadap bisnis intinya. Dian menyampaikan saat ini rencana konsolidasi aset fiber tersebut masih dalam tahap kajian dan pembahasan bersama para pemangku kepentingan terkait.
""Terkait rencana konsolidasi aset fiber BUMN, kami memandang bahwa inisiatif tersebut merupakan bagian dari upaya mendorong BUMN untuk lebih di fokus pada core business serta meningkatkan efisiensi dan juga pemanfaatan aset sebagaimana arah kebijaksanaan strategis BUMN. Saat ini, rencana tersebut masih dalam tahap kajian dan pembahasan bersama para pemangku kepentingan terkait,"" ujar Dian dalam konferensi pers secara virtual, Senin (7/9/2026).
Dian menyampaikan, dalam pembahasan dengan pemangkuan kepentingan tersebut mencakup aspek strategis, aspek bisnis, aspek operasional, maupun tata kelola.
""Untuk memastikan skema konsolidasi yang tepat bagi semua pihak,"" katanya.
Meski begitu, Dian belum dapat mengungkapkan entitas maupun aset fiber BUMN mana saja yang akan dikonsolidasikan ke Telkom.
""Karena itu, terkait entitas maupun aset yang akan dikonsolidasikan belum kami dapat disclose atau sampaikan pada saat ini,"" terangnya.
Sebelumnya, Telkom diminta Danantara untuk konsolidasi aset fiber seluruh BUMN. Hal ini disampaikan Direktur Utama Telkom, Dian Siswarini di kantor Telkom, Jakarta, Rabu (11/3/2026) malam. Langkah ini kata Dian adalah bagian dari strategi TLKM 30 untuk memperkuat tata kelola perusahaan dan fundamental bisnis di tahun 2026.
""Ada arahan Danantara, ada kajian supaya aset fiber di BUMN lain dikonsolidasikan,"" kata Dian.
Ketika ditanya apakah aset fiber BUMN lain itu adalah PLN, Dian membenarkan. ""Ada dua, satunya itu (PLN) dan ada satu lagi,"" imbuhnya.
Dian juga menjelaskan terkait dengan strategi TLKM 30 ini, Infranexia masih dengan rencana unlocking value. Caranya adalah dengan menggandeng investor, bisa dari dalam maupun dari luar negeri. Rencana ini kemungkinan baru akan dieksekusi tahun 2027.
""Mencari partner tahun ini bukan menjadi fokus, mungkin tahun depan. Sekarang fokus tahun ini bagaimana Infranexia bisa menjadi perusahaan FiberCo yang mumpuni,"" jelas Dian.
(hrp/fdl)",finance,https://finance.detik.com/berita-ekonomi-bisnis/d-8652074/telkom-diminta-konsolidasi-fiber-bumn-aset-mana-saja-yang-masuk
174,"Menteri Keuangan (Menkeu) mengakui rentetan bencana yang terjadi di Tanah Air, mulai dari gempa bumi, kebakaran hutan dan lahan, hingga erupsi gunung bisa berdampak pada pertumbuhan ekonomi. Namun, Purbaya memprediksi ekonomi tidak akan tumbuh melambat secara signifikan.
""Pertumbuhan ekonomi harusnya sih ada gangguan dikit, tapi enggak akan sampai memperlambat ekonomi secara signifikan,"" ujar Purbaya saat ditemui di Gedung DPR, Jakarta Pusat, Senin (7/9/2026).
Terkait kesiapan anggaran menghadapi bencana, Purbaya memastikan bahwa pemerintah telah menyiapkan dana penanganan bencana melalui Badan Nasional Penanggulangan Bencana (BNPB). Ia menyebut jika nantinya dibutuhkan dana tambahan di luar alokasi yang ada, pemerintah siap menggelontorkannya.
""Dana pasti pertama kali masuk BNPB. Nanti kalau kebutuhan dana tambahan baru kita kasih. Mudah-mudahan nggak besar dampaknya,"" imbuh Purbaya.
Meski diuji dengan berbagai bencana, Purbaya menegaskan kondisi anggaran dan fundamental ekonomi nasional masih berada dalam batas yang aman. Pemerintah pun optimistis target pertumbuhan ekonomi tetap terjaga dan akan digenjot pada sisa kuartal-III hingga kuartal-IV tahun ini.
""Masih, kita akan genjot di kuartal III ke kuartal IV ini,"" tambah ia.
(acd/acd)",finance,https://finance.detik.com/berita-ekonomi-bisnis/d-8652071/purbaya-akui-ekonomi-terdampak-deretan-bencana-karhutla-erupsi
175,"PT Daya Intiguna Yasa Tbk (Perseroan atau MR.D.I.Y. Indonesia, IDX: MDIY) resmi membuka toko ke-1.400 di Indonesia. Pencapaian ini semakin mengukuhkan posisi MR.D.I.Y. Indonesia sebagai peritel perlengkapan rumah tangga terbesar di Tanah Air.
Pembukaan toko ke-1.400 ini bertepatan dengan semangat perayaan Hari Pelanggan Nasional yang jatuh pada 4 September. Kehadiran MR.D.I.Y. Indonesia di 1.400 lokasi ini sejalan dengan komitmen Perseroan untuk terus hadir semakin dekat dengan pelanggan di seluruh Nusantara.
Direktur Utama MR.D.I.Y. Indonesia, Edwin Cheah mengatakan perseroan mengutamakan pendekatan customer-centric dan menjadikan kebutuhan pelanggan sebagai kompas dalam menjalankan strategi pertumbuhan.
""Sebagai Perseroan yang mengutamakan pendekatan customer-centric, kami menjadikan kebutuhan pelanggan sebagai kompas dalam menjalankan strategi pertumbuhan. Hari Pelanggan Nasional menjadi momentum yang tepat untuk terus membuktikan pelanggan senantiasa menjadi pusat dari setiap langkah pertumbuhan MR.D.I.Y. Indonesia,"" ujar Edwin dalam keterangan tertulis, Kamis (3/9/2026).
Prinsip customer-centric tersebut tidak hanya diwujudkan melalui pelayanan di dalam toko, tetapi juga menjadi landasan dalam memperluas jaringan. Kehadiran di 1.400 lokasi merefleksikan komitmen Perseroan untuk terus bertumbuh bersama pelanggan serta menghadirkan produk yang hemat dan lengkap semakin dekat bagi keluarga di seluruh Indonesia.
Pencapaian 1.400 toko sekaligus menegaskan konsistensi Perseroan dalam menjalankan rencana ekspansi 2026 sesuai target. Tahun ini, Perseroan menargetkan pembukaan paling tidak 270 toko baru.
Hingga Agustus 2026, jaringan MR.D.I.Y. Indonesia telah membuka 177 toko baru dan menjangkau 445 dari 514 kota dan kabupaten di 37 dari 38 provinsi. Ekspansi ini termasuk di area tier 3 seperti Kabupaten Sorong Selatan dan Kabupaten Buton Tengah.
Sepanjang Juli dan Agustus 2026, total sebanyak 27 toko yang dibuka berada di luar Pulau Jawa. Sejumlah toko baru bahkan mencatatkan penjualan jauh di atas target awal pada bulan pertama operasional, menunjukkan kuatnya keandalan MR.D.I.Y. Indonesia bagi pelanggan Indonesia.
Dari keseluruhan jaringan perseroan tersebut, 80% merupakan toko yang berdiri sendiri (standalone stores), sementara sisanya berada di pusat perbelanjaan (mall-based stores). Melalui jaringan yang semakin luas, MR.D.I.Y. Indonesia memberikan akses kepada lebih banyak pelanggan terhadap sekitar 18.000 pilihan produk kebutuhan sehari-hari dengan komitmen Hemat, Lengkap, Dekat.
Guna menyemarakkan Hari Pelanggan Nasional, perseroan turut menghadirkan program kurasi produk spesial paling menguntungkan dengan harga yang lebih hemat hingga 52%. Lebih dari 800 produk dipilih berdasarkan berbagai kebutuhan dan persona pelanggan, termasuk kebutuhan merapikan dan menata rumah, kebutuhan sekolah dan kreativitas, kebutuhan olahraga, hobi dan game, kebutuhan perkakas dan liburan, serta kebutuhan fesyen dan pernak-pernik.
Kurasi tersebut memudahkan pelanggan menemukan produk yang sesuai dengan kebutuhan sehari-hari, dengan tetap mengedepankan prinsip hemat dan value for money.
""MR.D.I.Y. Indonesia menjadikan kebutuhan pelanggan sebagai pertimbangan utama dalam menentukan kurasi produk dan mengembangkan pengalaman berbelanja. Kami terus memperdalam analisis terhadap pola pembelian, tingkat perputaran produk, dan perubahan permintaan untuk memahami kebutuhan pelanggan di berbagai wilayah,"" jelas Edwin.
Selain menjaga relevansi pilihan produk, MR.D.I.Y. Indonesia terus berinvestasi dalam pelatihan dan pengembangan kompetensi karyawan, termasuk pemahaman produk dan keterampilan interpersonal. Investasi ini bertujuan mempertahankan standar pelayanan yang konsisten di seluruh 1.400 toko.
""Ke depan, MR.D.I.Y. Indonesia akan terus hadir lebih dekat bagi keluarga Indonesia, dengan komitmen menghadirkan produk yang hemat dan lengkap di setiap toko baru,"" pungkas Edwin.
(anl/ega)",finance,https://finance.detik.com/berita-ekonomi-bisnis/d-8652061/toko-ke-1-400-mr-d-i-y-indonesia-resmi-dibuka-ekspansi-sesuai-target
176,"Pemerintah akan menyalurkan bantuan sosial (bansos) pangan beras sebanyak 30 kg untuk periode Oktober, November, dan Desember 2026. Rencananya penyaluran dilakukan secara sekaligus (dirapel) untuk periode tiga bulan tersebut kepada seluruh keluarga penerima manfaat.
Menteri Koordinator Bidang Pangan Zulkifli Hasan alias Zulhas mengatakan penyaluran bansos ini menyasar masyarakat kurang mampu yang masuk dalam kelompok desil 1 hingga desil 4. Menurutnya mencakup puluhan juta jiwa.
""Kita sudah memutuskan bantuan pangan untuk desil 1-desil 4 sejumlah 33 juta sekian (penerima manfaat) ya, rakyat kita yang jumlahnya itu kali 10 kg per bulan. Jadi 30 kg,"" kata Zulhas dalam konferensi pers usai rapat di kantornya, Jakarta Pusat, Senin (7/9/2026).
Menurutnya langkah penyaluran bansos yang dilakukan sekaligus ini juga bertujuan untuk membanjiri stok masyarakat. Dengan begitu, permintaan akan beras di pasar dapat turun signifikan.
Kondisi ini dinilai dapat ikut menekan kenaikan harga imbas pelemahan produksi beras domestik di tengah musim kemarau kering hingga akhir tahun ini.
""Kita putuskan tadi minta bulog selesaikan dikirimnya derapel bulan ini semua. Jadi nggak 10 kg, 10 kg, 10 kg lagi. Tapi langsung 30 kg dikirim langsung. Agar bulog membanjiri pasar masyarakat beras. Nggak usah nunggu sampai nanti bulan depan 10 kg lagi, bulan depan 10 kg, tidak,"" tegasnya.
(igo/fdl)",finance,https://finance.detik.com/berita-ekonomi-bisnis/d-8652058/pemerintah-tebar-bansos-beras-30-kg-sekaligus-buat-warga-desil-1-4
177,"Maskapai mengalihkan penerbangan dari Bandara Soekarno-Hatta imbas dampak abu vulkanik erupsi Gunung Anak Krakatau. Menteri Perhubungan Dudy Purwagandhi mengatakan Garuda Indonesia dan Singapore Airlines akan mengalihkan penerbangan ke bandara alternatif.
Garuda Indonesia akan menggunakan Bandara Kertajati atau Bandara Internasional Jawa Barat (BIJB) Majalengka, Jawa Barat sebagai pengganti tujuan penerbangan dari Jeddah, Arab Saudi, dan Amsterdam, Belanda.
""Kami sampaikan beberapa maskapai mulai mengalihkan penerbangannya ke bandara alternatif. Rencananya hari ini akan dilakukan pendaratan Garuda, penerbangan dari Jeddah dan dari Amsterdam,"" ujar Dudy dalam keterangan video yang diunggah di akun Instagram resmi @kemenhub151, Senin (7/9/2026).
Sementara itu, Singapore Airlines akan mengalihkan penerbangannya ke Surabaya dan Yogyakarta sebagai alternatif.
""Singapore Airline akan melakukan pendaratan dengan ganti pesawat Airbus 350 sehingga masyarakat yang stranded di Singapura bisa kembali melalui Surabaya. Singapore Airline juga akan proses penerbangan ke Yogyakarta sebagai alternatif,"" beber Dudy.
6 Bandara Alternatif
Kemenhub menang menyiapkan sejumlah bandara alternatif yang dapat digunakan sesuai kebutuhan dan kondisi operasional penerbangan.
Terdapat enam bandara yang dapat dijadikan alternatif, yakni Bandara Juanda di Provinsi Jawa Timur, Bandara Adi Soemarmo di Provinsi Jawa Tengah, Bandara Internasional Yogyakarta di Provinsi Daerah Istimewa Yogyakarta, Bandara Adisutjipto di Provinsi Daerah Istimewa Yogyakarta, Bandara Jenderal Ahmad Yani di Provinsi Jawa Tengah, serta Bandar Udara Internasional Kertajati, Jawa Barat.
""Kami mendorong agar maskapai dapat menggunakan bandara tersebut untuk menghindari penumpukan penumpang,baik yang akan datang maupun yang akan terbang. Ini yang kita harapkan supaya pengaturan penumpang bisa optimal,"" sebut Dudy.
Penggunaan bandara alternatif tersebut tetap menyesuaikan kondisi operasional, kesiapan bandara, rute penerbangan, serta keputusan masing-masing maskapai. Kemenhub terus berkoordinasi dengan pengelola bandara, AirNav Indonesia, maskapai penerbangan, serta instansi terkait untuk memastikan penyesuaian operasional dapat dilakukan secara aman dan terkoordinasi.
Bandara Soekarno-Hatta yang menjadi bandara internasional tersibuk di Indonesia masih ditutup operasionalnya hingga pukul 18.00 WIB hari ini. Soetta dan 6 bandara lainnya ditutup karena dampak abu vulkanik dari erupsi Gunung Anak Krakatau masih membahayakan penerbangan.
(hal/ara)",finance,https://finance.detik.com/berita-ekonomi-bisnis/d-8652008/bandara-soetta-tutup-penerbangan-internasional-dialihkan-ke-kertajati-surabaya
178,"Menteri Keuangan (Menkeu) Purbaya Yudhi Sadewa memastikan anggaran untuk membayar kewajiban utang Koperasi Desa/Kelurahan Merah Putih (KDKMP) tetap menggunakan Dana Desa. Pembayaran kewajiban dengan total Rp 240 triliun ini akan dicicil setiap tahun senilai Rp 40 triliun dan jatuh tempo pada September 2026.
""Iya (dana desa), dari uang yang disiapkan dari sebagian dari dana desa. (Dananya) siap, kita siapkan. Kita sisihkan sebelumnya kan,"" ujar Purbaya saat ditemui di Gedung DPR RI, Jakarta Pusat, Senin (7/9/2026).
Purbaya mengaku hanya tinggal menyetor pembayaran kewajiban tersebut. Namun, ia menyebut masih menunggu prosedurnya agar tidak terjadi kesalahan di kemudian hari. Dengan begitu, perbankan tidak akan terganggu dengan adanya program Koperasi Desa Merah Putih ini.
""Sudah, tinggal dibayar. Cuman kita masih nunggu prosedur yang clear jangan sampai ada kesalahan di prosedur kita nanti. Tapi udah siap semua.Jadi, perbankan-nya nggak akan terganggu gara-gara koperasi desa merah putih,"" jelas Purbaya.
""Clear-nya jangan sampai di penjara gitu, jangan salah-salah prosedur,"" tambah ia.
Sebelumnya, Purbaya memastikan pemerintah tidak akan telat membayar utang pinjaman pembiayaan program KDKMP. Pasalnya, menurut Purbaya, pemerintah telah berkomitmen membayar Rp 40 triliun tiap tahun.
""Kita setiap bayar Rp 40 triliun cicilan juga dengan kesiapan perbankan. Jadi, enggak ada keterlambatan pembayaran cicilan pemerintah. Kita harus menjaga kondisi sistem perbankan kita,"" ujar Purbaya di Mahkamah Agung, Jakarta, Rabu (2/9/2026).
(acd/acd)",finance,https://finance.detik.com/berita-ekonomi-bisnis/d-8652004/purbaya-masih-tunggu-ini-buat-bayar-utang-kopdes
179,"Pemerintah menambah alokasi penyaluran beras program Stabilisasi Pasokan dan Harga Pangan (SPHP) Medium hingga 1 juta ton sampai akhir tahun 2026. Langkah ini dilakukan untuk mempertebal stok beras di pasar seiring pelemahan produksi akibat musim kemarau kering yang diperkirakan berlangsung hingga awal tahun depan.
Menteri Koordinator Bidang Pangan, Zulkifli Hasan alias Zulhas, menyampaikan bahwa penambahan pasokan ini diperlukan karena tipisnya produksi beras dari petani pada musim gadu tahun ini.
Menurutnya hal ini sedikit berbeda dengan kondisi tahun sebelumnya. Di mana saat itu Indonesia masih menghadapi kemarau basah, sehingga masih ada hujan dan para petani masih bisa berproduksi meski mengalami penurunan.
""Tahun ini kering, tidak ada, hampir tidak ada lagi sawah petani yang produksi yang kita sebut paceklik atau gadu ya. Jadi nggak ada produksi,"" kata Zulhas dalam konferensi pers usai rapat di kantornya, Jakarta Pusat, Senin (7/9/2026).
Ia mengatakan alokasi beras SPHP 1 juta ton ini merupakan penambahan dari alokasi sepanjang 2026 yang sebelumnya sudah ditetapkan sebesar 828.000 ribu ton. Sehingga total beras SPHP yang akan disalurkan pemerintah melalui Perum Bulog hingga akhir tahun ini mencapai 1,82 juta ton.
""Kemarin 828.000, sudah tinggal 80.000 lagi, medium ya SPHP itu. Kita tambah lagi tadi 1 juta, 1 juta SPHP medium. Jadi beras yang subsidi yang dijual di pasar kira-kira harganya 12 ribu, 12.500 paling mahal,"" ujar Zulhas.
""1 juta SPHP medium tambahan untuk Oktober, November, Desember. Karena ini nggak ada panen, karena musim kemarunya panjang,"" tegasnya lagi.
Selain mempertebal stok beras medium di pasar, menurut Zulhas penambahan alokasi penyaluran SPHP ini dimaksudkan untuk menurunkan kenaikan harga yang terjadi imbas pelemahan produksi beras domestik.
""Karena supply and demand, tidak ada produksi, pasti harganya naik. Ada naik Rp 100-200. Nah untuk merespons itu, maka kami baru saja rapat memutuskan, kita tambah suplainya untuk yang beras subsidi, yang kita kenal dengan SPHP,"" jelasnya.
Dalam kesempatan yang sama, Direktur Utama Perum Bulog, Ahmad Rizal Ramali, mengungkapkan bahwa kuota tambahan dari pemerintah ini jauh melampaui usulan awal pihaknya untuk mengamankan stok beras akhir tahun dan hari besar keagamaan.
""Beras SPHP alokasi penambahannya, awalnya kami mengajukan 400.000 ton untuk mengantisipasi karena beras SPHP sekarang yang ada di gudang-gudang Bulog tinggal sekitar 100.000 ton untuk menghadapi bulan September, Oktober, November, Desember,"" kata Ahmad.
""Karena di akhir tahun biasanya ada hari kebesaran agama, maka perlu kebutuhan lebih besar. Kami ajukan lebih kurang 400.000 ton, malah didukung oleh pemerintah 1 juta ton,"" sambungnya.
Rizal menambahkan pasokan tambahan tersebut difungsikan untuk memperkuat ketahanan stok nasional hingga memasuki masa panen raya pada Maret 2027 mendatang.
""Kan di bulan Januari, bulan Februari itu kan belum ada panen. Panen nanti di bulan Maret. Oleh karena itu yang usulan kami dari 400.000 dilipat-gantakan menjadi 1 juta sampai 2027, sampai di awal panen bulan Maret nanti,"" tuturnya.
(fdl/fdl)",finance,https://finance.detik.com/berita-ekonomi-bisnis/d-8652056/hadapi-kemarau-kering-pemerintah-tambah-alokasi-beras-sphp-1-juta-ton
180,"Menteri Keuangan (Menkeu) Purbaya Yudhi Sadewa menanggapi rencana Gubernur DKI Jakarta Pramono Anung yang tetap ingin menerbitkan obligasi daerah. Menurut Purbaya, jika keuangan daerah sudah mencukupi, langkah tersebut tidak perlu dilakukan.
""Ya nggak apa-apa kalau mau terbitin, terbitin aja. Kan itu Pemda punya ini sendiri. Cuma kalau saya pikir ya, pandangan saya aja ya, kalau uangnya kebanyakan, buat apa ngutang?"" ujar Purbaya saat ditemui di Gedung DPR RI, Jakarta Pusat, Senin (7/9/2026).
Kendati begitu, Purbaya tetap mempersilakan Pemprov DKI Jakarta apabila memang instrumen itu dirasa mendesak. ""Tapi kalau emang terasa perlu, ya enggak apa-apa, itu kan otonomi sendiri,"" tambah ia.
Ketika ditanya soal sikap Pemprov DKI Jakarta yang meminta agar Dana Bagi Hasil (DBH) dicairkan jika penerbitan obligasi tidak diperbolehkan, Purbaya justru mempertanyakan posisi tawar tersebut. Ia menegaskan penahanan penyaluran DBH untuk wilayah DKI Jakarta telah sesuai dengan aturan perundang-undangan yang berlaku.
""Emang dia bisa neken ya? Ya nggak tahu, kita lihat nanti ke depan. (DBH ditahan) kan disesuaikan dengan kondisi keuangan pemerintah kan DBH itu di undang-undang APBN seperti itu,"" beber Purbaya.
Lebih lanjut, dirinya akan mempelajari terlebih dahulu terkait kewajiban izin penerbitan obligasi daerah ke pemerintah pusat. Ia juga mengingatkan agar pemda tetap berhati-hati dalam mengambil kebijakan fiskal.
""Harus izin kita kalau mau terbitin bond? Nanti saya pelajari deh. Saya enggak tahu, jadi saya pikir harusnya sih enggak, tapi harus hati-hati aja gitu,"" jelasnya.
Sebelumnya, Gubernur DKI Jakarta Pramono Anung Wibowo menegaskan akan tetap mengajukan penerbitan obligasi daerah sebagai instrumen untuk membiayai sejumlah pembangunan di Jakarta. Hal itu dikatakan Pramono dalam menanggapi Menteri Keuangan Purbaya Yudhi Sadewa yang meminta agar pemerintah daerah (pemda) tidak terburu-buru menerbitkan obligasi daerah.
""Karena bagaimana pun Pemerintah DKI Jakarta kan tahu kebutuhan itu. Pak Purbaya menyampaikan bahwa duit DKI banyak. Kan kami juga disuruh bangun yang banyak juga. Dan untuk bangun itu kan perlu duit,"" kata Pramono, dikutip dari Antaranews.
Pramono mengatakan meski ia mendengarkan dan mematuhi hal tersebut, dirinya akan tetap mengajukan obligasi daerah untuk Jakarta.
Ia pun meminta agar dana bagi hasil (DBH) dari pemerintah pusat dikembalikan ke jumlah semula, jika memang Pemerintah Daerah diminta untuk tidak terburu-buru menerbitkan obligasi.
(acd/acd)",finance,https://finance.detik.com/berita-ekonomi-bisnis/d-8651925/pramono-tetap-mau-terbitkan-obligasi-purbaya-bilang-begini
181,"Erupsi Gunung Anak Krakatau dampaknya telah dirasakan hingga ke wilayah Jakarta dan sekitarnya. Tak terkecuali kediaman pribadi Menteri Keuangan (Menkeu) Purbaya Yudhi Sadewa yang terkena sebaran abu vulkanik tersebut.
Awalnya, Purbaya mengaku sempat tidak menyadari jika debu tipis yang mengotori rumahnya berasal dari aktivitas vulkanik gunung berapi. Usai dibersihkan, lalu kotor kembali, Purbaya baru sadar debu tersebut sebaran abu vulkanik Gunung Anak Krakatau.
""Kemarin bersih-bersih, kok kotor terus, mungkin abu vulkanik. Saya nggak tahu, nggak sadar tadinya,"" ujar Purbaya saat ditemui di Gedung DPR, Jakarta, Senin (7/9/2026).
Seperti diketahui, abu vulkanik erupsi Gunung Anak Krakatau menyebar hingga Jakarta dan sekitarnya. Plt Deputi Bidang Meteorologi BMKG Andri Ramdhani mengatakan kemungkinan abu Anak Krakatau menyebar sampai wilayah timur Pulau Jawa bergantung pada arah angin.
""Untuk kemungkinan abu vulkanik mencapai Jawa Tengah dan Jawa Timur, secara meteorologis hal tersebut bergantung pada perubahan arah angin di berbagai lapisan atmosfer,"" ujar Andri kepada detikcom, dikutip dari detikNews, Senin (7/9).
Saat ini sebaran abu lebih banyak terpantau di wilayah Jawa bagian barat dan Sumatera bagian selatan. ""Namun, apabila terjadi perubahan pola angin yang mendukung, sebaran abu dapat bergerak ke wilayah yang lebih jauh,"" tambah Andri.
(acd/acd)",finance,https://finance.detik.com/berita-ekonomi-bisnis/d-8651895/cerita-purbaya-tak-sadar-rumahnya-kena-abu-vulkanik
182,"Kepadatan kendaraan masih terjadi pada layanan angkutan penyeberangan di Ketapang-Gilimanuk. Bahkan panjang antrean kendaraan sempat mengular sampai belasan kilometer (km).
General Manager PT ASDP Indonesia Ferry (Persero) Ketapang, Media Syahrianto, mengatakan atrean panjang sempat terjadi pada ruas jalan menuju Pelabuhan Gilimanuk, Bali, hingga 4-5 km pada Minggu (6/9) kemarin. Sementara kondisi kepadatan saat ini masih pasang-surut.
 
Lebih lanjut di sisi ruas menuju Pelabuhan Ketapang, Jawa Timur, kepadatan juga sempat terjadi hingga belasan kilometer pada Minggu kemarin. Kepadatan juga masih terjadi pagi hari ini, namun panjang antrean mulai surut hingga 4,5 km dengan ekor antrean di sekitar Watudodol.
""Di sisi Gilimanuk sekarang ekor antrean hanya di sekitar area manuver, itu hanya beberapa ratus meter saja sebelum masuk pelabuhan,"" jelas Media kepada detikcom, Senin (7/9/2026).
""Per hari ini Senin (6/9) pukul 08.00, antrean kendaraan yang sebelumnya sempat mencapai belasan kilometer kini telah berhasil terurai bertahap hingga tersisa sekitar 4.5 kilometer menuju Pelabuhan Ketapang dengan ekor antrean di sekitar Watudodol,"" ujarnya lagi.
Ia mengatakan kepadatan mulai terjadi dengan meningkatnya volume kendaraan pengguna jasa di kedua Pelabuhan. Di sisi lain, pada saat yang bersamaan terdapat pembangunan peningkatan kapasitas dermaga di sisi pelabuhan Gilimanuk maupun Ketapang.
""Kondisi tersebut kemudian menyebabkan waktu tunggu kendaraan menjadi lebih panjang dan antrean kendaraan sempat mengular hingga beberapa kilometer menuju Pelabuhan Ketapang,"" ujarnya.
Untuk mengatasi masalah ini ASDP berkoordinasi intensif dengan seluruh pemangku kepentingan agar langsung melakukan langkah-langkah percepatan penguraian antrean. Salah satunya mengoptimalkan kapasitas kapal yang beroperasi pada lintasan Ketapang-Gilimanuk, dengan kapasitas angkut yang lebih besar.
Kemudian ASDP bersama dengan Balai Pengelola Transportasi Darat (BPTD) menerapkan pola operasional Tiba-Bongkar-Berangkat (TBB) untuk mempercepat waktu layanan kapal di pelabuhan. Lalu bersama Kepolisian melakukan pengaturan dan rekayasa arus kendaraan bersama stakeholder terkait.
Lebih lanjut, ASDP bersama Kantor Kesyahbandaran dan Otoritas Pelabuhan (KSOP) mempercepat penerbitan Surat Persetujuan Berlayar (SPB) dengan tetap mengedepankan aspek keamanan dan keselamatan. Serta terakhir secara berkelanjutan memberikan service recovery berupa makanan berat, snacks, dan minuman untuk pengemudi truk yang terdampak dan ditampung di bufferzone Bulusan.
Langkah lanjutan dan mitigasi, ASDP akan terus mengevaluasi pola operasional yang berjalan dan melakukan penyesuaian apabila diperlukan, dengan tujuan utama mempercepat pelayanan, mengurangi waktu tunggu, serta memberikan kepastian dan kenyamanan yang lebih baik bagi pengguna jasa,"" ujarnya.
Belum cukup, â ASDP juga menyiapkan langkah lanjutan berupa mengoperasikan kapal perbantuan KMP Jatra I untuk lintasan Ketapang-Gilimanuk. Dalam hal ini â ASDP merelokasi KMP Portlink di lintasan Tg. Wangi - Lembar agar melayani truk tujuan Lombok.
""ASDP juga mengimbau kepada seluruh pengguna jasa untuk tetap mengikuti arahan dan pengaturan dari petugas di lapangan agar proses penguraian antrean dapat berjalan dengan tertib dan optimal,"" imbau Media.
""Serta yang tidak kalah penting, bagi pengguna jasa yang telah memiliki tiket tetapi belum dapat menyeberang akibat kondisi force majeure ini tidak perlu khawatir tiketnya hangus. Pengguna jasa tetap akan kami layani dan diseberangkan sesuai dengan ketentuan yang berlaku,"" pungkasnya.
(fdl/fdl)",finance,https://finance.detik.com/berita-ekonomi-bisnis/d-8651834/jalur-ketapang-gilimanuk-diserbu-kendaraan-antrean-sempat-tembus-belasan-km
183,"Erupsi Gunung Anak Krakatau menimbulkan dampak paparan abu vulkanik ke beberapa wilayah di barat Jawa dan selatan Sumatera. Masyarakat diimbau untuk mengurangi kegiatan di luar rumah.
Lantas bagaimana dengan para Aparatur Sipil Negara (ASN), apakah diperbolehkan untuk bekerja dari rumah (work from home/WFH)? Kementerian PAN-RB mengatakan pola kerja ASN dapat disesuaikan dengan kondisi dan kebutuhan masing-masing daerah atau instansi, tak terkecuali penerapan kerja secara fleksibel seperti bekerja dari rumah.
""Dalam situasi dan kondisi tertentu, PPK atau pimpinan instansi dapat menyesuaikan pola kerja ASN, termasuk melalui skema bekerja dari rumah (WFH),"" tulis Kementerian PAN-RB dalam unggahan di akun resmi @kemenpanrb, Senin (7/9/2026).
Pejabat Pembina kepegawaian atau PPK, yang menjadi pimpinan instansi masing-masing dapat menetapkan penerapan kerja fleksibel dengan mempertimbangkan beberapa hal. Mulai dari kondisi wilayah, karakteristik pekerjaan, kebutuhan pelayanan publik, dan kondisi tertentu sesuai arahan resmi otoritas kebencanaan
""Keselamatan ASN diutamakan dalam menetapkan pola kerja keselamatan dan kesehatan pegawai menjadi prioritas dengan tetap memperhatikan pelayanan kepada masyarakat,"" tulis Kementerian PAN-RB.
Payung hukum kebijakan ini adalah Perpres Nomor 21 Tahun 2023 tentang Hari Kerja dan Jam Kerja Instansi Pemerintahan dan Pegawai ASN. Ada juga Peraturan Menteri PAN-RB nomor 4 tahun 2025 tentang Pelaksanaan Tugas Kedinasan Pegawai ASN Secara Fleksibel pada Instansi Pemerintahan.
ASN Daerah Bisa WFH
Sebelumnya, Menteri Dalam Negeri Tito Karnavian sudah memberikan lampu hijau kepada ASN di berbagai Pemerintahan Daerah (Pemda) yang terdampak erupsi Gunung Anak Krakatau untuk menerapkan skema kerja WFH. Pemberlakuan WFH ASN dapat diterapkan menyesuaikan dengan kondisi daerah masing-masing.
Tito menjelaskan Kemendagri terus melakukan komunikasi tingkat provinsi dengan Banten, Lampung, Jawa Barat, DKI Jakarta, dan Sumatera Selatan. Tito mengatakan Jawa Barat sudah mengeluarkan imbauan kepada kabupaten dan kota masing-masing
""Kalau memang ada potensi yang akan berpengaruh berbahaya untuk kesehatan, untuk keamanan, maka sektor layanan publik, termasuk juga kegiatan masyarakat, termasuk juga kegiatan belajar mengajar, dapat dilakukan respons misalnya mengalihkan, untuk mengurangi dampak kesehatan, maupun dampak keamanannya, termasuk misalnya sistem transportasi, saranan, dan lain-lain,"" kata Tito dalam jumpa pers daring di akun YouTube Bakom, Minggu (6/9/2026) kemarin.
Tito mengatakan jika situasi di daerah darurat karena dampak erupsi Gunung Anak Krakatau, Pemda dapat memberlakukan WFH kepada pegawainya. Kedaruratan berdasarkan aspek kesehatan dan keamanan
""Kalau itu dianggap situasinya emergency atau darurat, termasuk juga kalau situasi pemerintah kabupaten/kota melihat aspek kesehatan dan aspek keamanan di daerah itu bagi masyarakat, termasuk bagi ASN administrasi negara, bisa terganggu, maka yang dapat dilakukan work from home,"" ujar Tito.
Skema WFH ASN, kata Tito, dapat dilakukan 50%, terutama untuk satuan kerja di bidang kesehatan dan sosial masyarakat. Skema WFH 75% juga dapat diterapkan, jika dianggap perlu karena mempertimbangkan aspek kesehatan dan keamanan.",finance,https://finance.detik.com/berita-ekonomi-bisnis/d-8651815/terdampak-abu-vulkanik-asn-boleh-kerja-dari-rumah
184,"Menteri Keuangan (Menkeu) Purbaya Yudhi Sadewa menyampaikan pemerintah siap menggelontorkan tambahan anggaran untuk penanganan bencana di tanah air. Menurut Purbaya, alokasi penanganan bencana ini mendapat perlakuan khusus demi meringankan penderitaan korban bencana alam.
Sejauh ini, Purbaya mengatakan Badan Nasional Penanggulangan Bencana (BNPB) belum mengajukan anggaran tambahan. Besaran dana tambahan untuk penanganan bencana ini tergantung pada permintaan BNPB.
""Akan ada, kalau itu tergantung permintaan dari BNPB. Jadi kalau minta, kita lihat. Jadi kalau untuk bencana, treatment-nya beda, itu bukan untuk foya-foya, untuk mengurangi penderitaan yang dialami oleh masyarakat kita,"" ujar Purbaya saat ditemui di Gedung DPR RI, Jakarta Pusat, Senin (7/9/2026).
Purbaya menyebut BNPB mempunyai dana siap hampir Rp 1 triliun. Ia memastikan anggaran untuk penanganan bencana alam tersedia dan meminta masyarakat untuk tidak khawatir.
""Dia punya hampir Rp 1 triliun kan yang ready. Terus ditambah lagi nanti dengan kalau ada permintaan, ya kita tambah,"" tambah ia.
Saat ditanya mengenai potensi ketersediaan dana melebihi Rp 5 triliun untuk tahun ini, Purbaya memastikan pencairan dana tambahan akan disesuaikan secara riil dengan tingkat kebutuhan di lapangan. Terkait ada batas maksimal atau khusus anggaran, Purbaya memastikan tidak ada pembatasan. Pemerintah berkomitmen menyiapkan dana yang cukup, sembari berharap tidak terjadi eskalasi bencana yang lebih besar ke depannya.
""Enggak ada untuk bencana, apalagi bencana besarnya. Mudah-mudahan enggak ada bencana lagi, ya. Kita siapkan uang cukup,"" beber Purbaya.
(acd/acd)",finance,https://finance.detik.com/berita-ekonomi-bisnis/d-8651780/purbaya-siap-tambah-anggaran-buat-penanganan-bencana-alam
185,"Sebanyak tujuh bandara di selatan Sumatera dan barat Jawa ditutup hingga pukul 18.00 WIB hari ini imbas abu vulkanik. Ribuan penerbangan jet komersial terdampak penutupan bandara tersebut.
Sebanyak empat di antaranya adalah bandara yang melayani penerbangan jet komersial, mulai dari Bandara Soekarno-Hatta Tangerang, Bandara Halim Perdanakusuma Jakarta, Bandara Husein Sastranegara Bandung, serta Bandara Radin Inten II Lampung.
PT Angkasa Pura Indonesia atau InJourney Airports mencatat sejak 5 September 2026 hingga 7 September 2026 pukul 09.00 WIB, jumlah penerbangan terdampak dari penutupan sementara empat bandara tersebut, sebanyak 2.300 penerbangan dan penumpang terdampak sebanyak 268.539 orang.
Khusus di Bandara Soekarno-Hatta yang menjadi bandara tersibuk di Indonesia, jumlah penerbangan terdampak sebanyak 1.320 penerbangan dan penumpang terdampak sebanyak 173.474 penumpang.
""Penanganan penumpang terus kami lakukan hingga bandara dinyatakan kembali dibuka. Selain di 4 bandara terdampak abu vulkanik, SRA diterapkan juga di bandara-bandara yang memiliki penerbangan menuju bandara terdampak, disesuaikan dengan kebutuhan di masing-masing bandara,"" ujar Corporate Secretary Group Head InJourney Airports Arie Ahsanurrohim dalam keterangannya, Senin (7/9/2026).
Berdasarkan keterangan resmi AirNav ada tiga bandara lainnya yang ikut terdampak abu vulkanik dan melakukan penutupan hingga pukul 18.00 WIB. Mulai dari Bandara Budiarto Curug, Bandara Muhammad Taufiq Kiemas, dan Bandara Pondok Cabe.
Sementara itu, Bandara Pagar Alam/Atung Bungsu (WIPY), Pagar Alam, Sumatera Selatan, telah kembali berstatus OPEN berdasarkan NOTAM C1107/26 NOTAMC C1105/26, yang berlaku mulai pukul 08.12 WIB pada 7 September 2026.
Daftar 7 Bandara yang Ditutup
- Bandara Internasional Soekarno-Hatta (CGK), status CLOSED, berdasarkan NOTAM A3373/26 NOTAMR A3368/26, mulai pukul 08.28 WIB hingga estimasi pukul 18.00 WIB pada 7 September 2026.
- Bandara Halim Perdanakusuma (HLP), status CLOSED, berdasarkan NOTAM A3372/26 NOTAMR A3369/26, mulai pukul 08.16 WIB hingga estimasi pukul 18.00 WIB pada 7 September 2026.
- Bandara Radin Inten II, Lampung (TKG), status CLOSED, mulai pukul 08.20 WIB hingga estimasi pukul 18.00 WIB.
- Bandara Budiarto, Curug (RTO), status CLOSED, mulai pukul 08.30 WIB hingga estimasi pukul 18.00 WIB.
- Bandara Husein Sastranegara, Bandung (BDO), status CLOSED, mulai pukul 08.32 WIB hingga estimasi pukul 18.00 WIB.
- Bandara Muhammad Taufiq Kiemas (WILP), status CLOSED, mulai pukul 08.35 WIB hingga estimasi pukul 18.00 WIB.
- Bandara Pondok Cabe (PCB), status CLOSED, mulai pukul 08.37 WIB hingga estimasi pukul 18.00 WIB.",finance,https://finance.detik.com/berita-ekonomi-bisnis/d-8651750/7-bandara-ditutup-2-300-penerbangan-terdampak
186,"Pemerintah diminta untuk memperkirakan kesiapsiagaan nasional untuk mengatasi dampak aktivitas erupsi sejumlah gunung api di Indonesia. Mulai dari Gunung Anak Krakatau, Gunung Ibu, Gunung Ili Lewotolok, dan Gunung Semeru.
Anggota Komisi V DPR RI Ade Ginanjar mengatakan kondisi tersebut harus menjadi momentum untuk memastikan seluruh sistem mitigasi bencana, transportasi, meteorologi, serta pencarian dan pertolongan berjalan secara terpadu.
""Kita tidak boleh melihat setiap erupsi sebagai kejadian yang berdiri sendiri. Negara harus memastikan seluruh sistem siap menghadapi kemungkinan dampak yang meluas terhadap masyarakat dan konektivitas nasional,"" ujar Ade dalam keterangannya, Senin (7/9/2026).
Ade menilai BMKG bersama Badan Geologi/PVMBG harus memastikan informasi mengenai aktivitas gunung api dapat diterjemahkan secara cepat menjadi keputusan operasional. Data terkait aktivitas vulkanik, arah dan ketinggian sebaran abu, kondisi angin, cuaca, hingga potensi dampaknya terhadap wilayah udara dan laut harus dapat diterima secara cepat oleh Kementerian Perhubungan, Basarnas, pemerintah daerah, operator transportasi, serta masyarakat.
Menurutnya, kekuatan mitigasi tidak hanya terletak pada kemampuan mendeteksi ancaman, tetapi juga pada kemampuan negara mengubah data menjadi tindakan sebelum risiko berkembang menjadi korban.
""Masyarakat membutuhkan informasi yang jelas, cepat, dan konsisten. Karena itu, satu data, satu koordinasi, dan satu protokol respons harus terus diperkuat,"" tegas Ade.
Dari sisi transportasi, Ade meminta Kementerian Perhubungan meningkatkan kewaspadaan terhadap dampak abu vulkanik terhadap penerbangan dan pelayaran, khususnya wilayah yang berada dalam jalur potensi sebaran abu. Aktivitas Gunung Anak Krakatau menjadi pengingat bahwa dampak erupsi dapat menjangkau wilayah yang jauh dari lokasi gunung dan berpotensi mengganggu konektivitas udara maupun laut.
Menurut Ade, keselamatan harus menjadi dasar setiap keputusan operasional, tetapi masyarakat juga harus memperoleh informasi secara cepat mengenai pembatalan, penundaan, pengalihan rute, maupun pemulihan layanan transportasi.
""Jangan sampai masyarakat hanya mengetahui gangguan setelah berada di bandara, pelabuhan, atau dalam perjalanan. Informasi harus diberikan sedini mungkin agar masyarakat dapat mengambil keputusan dengan aman,"" kata Ade.
Ade juga mendorong Basarnas memperkuat kesiapan personel, peralatan, komunikasi, serta skenario pencarian dan pertolongan di wilayah yang berpotensi terdampak aktivitas vulkanik. Kesiapan tersebut harus mencakup wilayah darat, pesisir, dan perairan, mengingat sejumlah gunung api aktif berada di kawasan yang berdekatan dengan permukiman serta jalur transportasi masyarakat.
Menurutnya, Basarnas tidak boleh hanya bergerak setelah keadaan darurat terjadi, tetapi harus memiliki pemetaan risiko dan skenario respons yang dapat segera diaktifkan ketika terjadi peningkatan aktivitas gunung api, gangguan transportasi, maupun kondisi yang membutuhkan evakuasi dan pertolongan.
Lebih lanjut, legislator dari Komisi V DPR RI tersebut meminta pemerintah memperkuat sistem komunikasi publik agar masyarakat di sekitar kawasan rawan bencana maupun pengguna transportasi memperoleh informasi yang mudah dipahami dan dapat segera ditindaklanjuti. Masyarakat harus mengetahui perkembangan status gunung, wilayah yang perlu dihindari, potensi sebaran abu, kondisi transportasi, serta langkah perlindungan yang harus dilakukan.
""Jangan sampai masyarakat mengetahui ancaman setelah dampaknya terjadi. Peringatan dini harus benar-benar menjadi peringatan yang sampai kepada masyarakat dan diikuti tindakan yang jelas,"" kata Ade.
Ade menegaskan meningkatnya aktivitas sejumlah gunung api harus menjadi pengingat bahwa kesiapsiagaan bencana merupakan bagian penting dari pelayanan publik dan keselamatan nasional. Pemerintah perlu membangun sistem yang menghubungkan BMKG, Badan Geologi/PVMBG, Kementerian Perhubungan, Basarnas, pemerintah daerah, operator transportasi, dan lembaga terkait sehingga setiap perubahan kondisi dapat segera direspons secara terkoordinasi.
""Prioritas kita adalah menyelamatkan masyarakat. Transportasi harus aman, informasi harus cepat dan akurat, serta Basarnas harus siap ketika masyarakat membutuhkan pertolongan. Negara harus hadir bukan hanya ketika bencana terjadi, tetapi sejak tanda-tanda ancaman terdeteksi,"" pungkas Ade Ginanjar.
(hal/ara)",finance,https://finance.detik.com/berita-ekonomi-bisnis/d-8651737/sejumlah-gunung-api-erupsi-konektivitas-transportasi-harus-dijaga
187,"Menteri Koordinator Bidang Infrastruktur dan Pembangunan Kewilayahan Agus Harimurti Yudhoyono (AHY) mengungkapkan Kementerian Perhubungan menyiapkan sejumlah bandara alternatif yang dapat digunakan untuk menggantikan beberala bandara yang terdampak sebaran abu vulkanik.
Bandara Internasional Jawa Barat (BIJB) Kertajati di Majalengka, Bandara Ahmad Yani Semarang, Bandara Yogyakarta, serta Bandara Juanda Surabaya menjadi alternatif.
AHY menekankan pentingnya kesiapan moda transportasi lain untuk mendukung mobilitas masyarakat yang terdampak. Transportasi darat, termasuk kereta api, perlu dipersiapkan untuk membantu penumpang yang mendarat di bandara alternatif sebelum melanjutkan perjalanan menuju Jakarta dan wilayah sekitarnya.
""Mode transportasi darat tentunya ini yang harus disiapkan, kereta, yang kita juga harus dorong agar memudahkan para penumpang yang seharusnya langsung landing di Jakarta tetapi harus mungkin berhenti di Kertajati, misalnya, untuk bisa datang ke Jakarta,"" ujar AHY dalam keterangannya, Senin (7/9/2026).
Pemerintah akan terus memantau perkembangan sebaran abu vulkanik bersama BMKG, AirNav Indonesia, Kementerian Perhubungan, pengelola bandara, maskapai, serta pemangku kepentingan lainnya. Evaluasi kondisi dilakukan secara berkala berdasarkan hasil pengamatan dan pengujian untuk menentukan langkah operasional selanjutnya.
Sebelumnya, PT Angkasa Pura Indonesia (Persero) atau InJourney Airports menyatakan sudah menyiapkan moda transportasi bus gratis tujuan Yogyakarta, Solo, Semarang dan Surabaya bagi penumpang terdampak penutupan sementara Bandara Soekarno-Hatta demi keselamatan penerbangan karena sebaran abu vulkanik.
Staf bandara akan menyampaikan informasi ini secara langsung kepada penumpang terdampak yang ada di terminal, termasuk tata cara pendaftaran. Adapun penumpang terdampak dapat melakukan pendaftaran keberangkatan bus di posko yang akan didirikan di setiap terminal, atau di Terminal 1, Terminal 2 dan Terminal 3.
Pada tahap pertama, sebanyak 8 bus disiapkan atau masing-masing 2 bus untuk setiap tujuan, dengan keberangkatan pertama pada Minggu, 6 September 2026, pukul 21.00 WIB. Apabila dibutuhkan, jumlah bus dan waktu keberangkatan akan ditambah, menyesuaikan kebutuhan yang ada.
""Penyediaan bus ini sebagai bagian dari prosedur penanganan penumpang terdampak atau Service Recovery Activation (SRA) menyusul penghentian aktifitas penerbangan di Bandara Soekarno-Hatta demi keselamatan karena indikasi sebaran abu vulkanik,"" ujar Corporate Secretary Group Head InJourney Airports Arie Ahsanurrohim dalam keterangannya kemarin.
Di samping penyediaan bus gratis menuju Yogyakarta, Solo, Semarang dan Surabaya, termasuk SRA adalah penyediaan makanan dan minuman ringan serta penyiapan area khusus di terminal bagi penumpang terdampak.
(hal/ara)",finance,https://finance.detik.com/berita-ekonomi-bisnis/d-8651694/bandara-soetta-ditutup-imbas-abu-vulkanik-kertajati-jadi-alternatif
188,"Penerapan kebijakan Zero Over Dimension Over Loading (ODOL) secara penuh pada Januari 2027 dinilai perlu disiapkan dengan regulasi, roadmap, dan tahapan implementasi yang jelas.
Anggota DPR-RI Komisi V, Sofwan Dedy Ardyanto mengatakan, meskipun para pemangku kebijakan telah sepakat dengan rencana Zero ODOL, penerapannya tidak bisa dilakukan tanpa tahapan yang jelas.
""Saya tidak yakin bahwa serta merta dalam satu hari atau satu bulan, ruas-ruas jalan poros transportasi logistik di Indonesia ini akan Zero ODOL,"" katanya dalam keterangan tertulis, Senin (7/9/2026).
Menurut Sofwan, Kementerian Perhubungan dan Kementerian Koordinator Bidang Infrastruktur perlu segera merilis roadmap atau peta jalan implementasi secara resmi kepada publik.
""Sebelum itu, saya rasa Komisi V juga perlu mendengarnya terlebih dahulu dari Kementerian Perhubungan roadmap-nya seperti apa,"" ucapnya.
Roadmap tersebut, lanjut Sofwan, diperlukan sebagai dasar bagi kementerian teknis dalam menyusun aturan pelaksanaan, termasuk tahapan penerapan, insentif, hingga sanksi bagi pelanggaran.
""Roadmap tersebut penting, jangan sampai ada pemahaman yang berbeda dari kalangan dunia usaha,"" tukasnya.
Dia mengatakan pembenahan kendaraan ODOL membutuhkan proses karena menyangkut sistem transportasi dan logistik. Menurutnya, dunia usaha juga perlu mendapat kepastian mengenai tahapan penerapan kebijakan yang akan dimulai pada Januari 2027.
""Kalangan dunia usaha pun sepertinya belum siap menyongsong penerapannya yang tinggal 3,5 bulan ke depan,"" ujarnya.
Sofwan juga mengatakan Zero ODOL perlu ditempatkan sebagai bagian dari pembenahan sistem logistik nasional, bukan hanya persoalan kendaraan yang membawa muatan berlebih.
""Jika tidak ada roadmap yang jelas, saya khawatir akan menimbulkan wilayah abu-abu yang justru akan menjadi celah dalam penegakan aturan, atau tebang pilih,"" ujarnya.
Menurut dia, kekhawatiran dari dunia usaha terkait penerapan Zero ODOL perlu menjadi perhatian karena kebijakan tersebut memberi gambaran bahwa kendaraan ODOL tidak lagi diperbolehkan beroperasi mulai Januari 2027.
""Karena itu, perlu segera ada sosialisasi tentang roadmap dan aturan main atau regulasinya nanti mau seperti apa, dan tahapannya mau seperti apa,"" tandasnya.
Sofwan juga menyinggung rencana penerapan Electronic Traffic Law Enforcement (ETLE) yang mendapat respons dari pengusaha truk terkait penerapannya. Menurutnya, kejelasan regulasi akan menentukan penerapan teknologi tersebut.
""ETLE itu kan teknologi, sifatnya pendukung, untuk mendukung regulasinya. Jika regulasinya clear, aturan mainnya clear, penerapan ETLE juga akan clear,"" ungkapnya.
Mengenai wacana pemberian insentif, Sofwan mengatakan mekanismenya juga perlu dimasukkan dalam roadmap. Dia mengingatkan agar pemberian insentif tidak bertentangan dengan kebijakan fiskal pemerintah yang sedang mengoptimalkan penerimaan pajak.
Jika insentif diberikan, menurutnya, aturan yang disusun harus memastikan insentif tersebut tepat sasaran dan diberikan kepada pengusaha angkutan yang memenuhi ketentuan.
(fdl/fdl)",finance,https://finance.detik.com/berita-ekonomi-bisnis/d-8651901/zero-odol-2027-pemerintah-diminta-segera-rilis-roadmap
189,"PT Pegadaian (Persero) mencatatkan kinerja positif hingga akhir Semester I 2026. Hingga 30 Juni 2026, perusahaan berhasil membukukan laba bersih sebesar Rp 6,59 triliun, tumbuh sekitar 84,6% dibandingkan periode yang sama tahun sebelumnya sebesar Rp 3,57 triliun.
Pertumbuhan tersebut sejalan dengan ekspansi bisnis Pegadaian, terutama dalam pengembangan ekosistem emas serta strategi bisnis yang disesuaikan dengan kebutuhan masyarakat.
Kinerja positif juga terlihat dari total aset Pegadaian yang mencapai Rp186,33 triliun per 30 Juni 2026. Angka tersebut meningkat 53,9% dibandingkan periode yang sama tahun lalu yang tercatat sebesar Rp 121,1 triliun.
Pertumbuhan aset turut ditopang oleh peningkatan Outstanding Loan (OSL) gross yang mencapai Rp 155,1 triliun. Nilai tersebut tumbuh 52,7% secara tahunan dibandingkan OSL gross sebesar Rp 101,5 triliun pada Semester I 2025.
Kualitas Pembiayaan Tetap Terjaga
Di tengah ekspansi bisnis dan pertumbuhan pembiayaan, Pegadaian juga mampu menjaga kualitas asetnya. Hal tersebut tercermin dari penurunan rasio Non-Performing Loan (NPL) menjadi 0,71% per 30 Juni 2026, dari sebelumnya 0,81% pada periode yang sama tahun 2025.
Direktur Utama (Dirut) PT Pegadaian (Persero) Damar Latri Setiawan mengatakan pertumbuhan tersebut menjadi bagian dari upaya perusahaan untuk terus memperkuat kontribusinya terhadap perekonomian nasional di tengah berbagai tantangan ekonomi dan geopolitik.
""Alhamdulillah, Pegadaian terus membukukan pertumbuhan kinerja di tengah tantangan ekonomi dan geopolitik saat ini. Terima kasih kepada Nasabah dan seluruh masyarakat Indonesia, atas kepercayaan terhadap produk dan layanan Pegadaian,"" ujar Damar, dalam keterangan tertulis, Senin (24/8/2026).
""Dengan semangat Melayani Sepenuh Hati, Pegadaian terus meningkatkan peran dan kontribusi dalam pembangunan ekonomi, untuk MengEMASkan Indonesia,"" sambungnya.
Menurut Damar, Pegadaian juga terus melakukan transformasi untuk menghadirkan produk dan layanan yang relevan dengan kebutuhan masyarakat.
""Pencapaian ini juga merupakan buah dari dedikasi dan kerja keras seluruh Insan Pegadaian. Kami berkomitmen untuk menghadirkan produk dan layanan yang relevan bagi masyarakat. Dengan hadirnya Layanan Bank Emas, serta aplikasi Tring!, harapannya mampu mempermudah masyarakat dalam berinvestasi bersama Pegadaian,"" kata Damar.
Perkuat Ekosistem Emas
Salah satu fokus pengembangan bisnis Pegadaian adalah memperkuat ekosistem emas melalui layanan Bank Emas atau Bullion Services.
Pegadaian menawarkan sejumlah layanan dalam ekosistem tersebut, mulai dari Deposito Emas, Pinjaman Modal Kerja Emas, Jasa Titipan Emas Korporasi, hingga Perdagangan Emas.
Pengembangan bisnis ini turut didukung oleh infrastruktur yang dimiliki Pegadaian. Sebanyak 90% agunan gadai di Pegadaian disebut berupa emas. Selain itu, perusahaan juga memiliki jaringan ruang penyimpanan emas atau vault dengan standar keamanan internasional.
Damar menilai kondisi tersebut menjadi salah satu modal bagi Pegadaian untuk mengembangkan layanan Bank Emas sekaligus memperluas akses masyarakat terhadap produk berbasis emas.
""Emas terbukti menjadi aset aman (safe haven) yang paling diminati masyarakat. Dengan hadirnya layanan Bank Emas yang juga terintegrasi dengan Tring!, kami optimis dapat memberikan kontribusi yang signifikan terhadap roda perekonomian nasional,"" kata Damar.
""Bersama Danantara (Daya Anagata Nusantara), kami optimis untuk mewujudkan misi jangka panjang untuk MengEMASkan Indonesia,"" kata Damar.
Prabowo Sebut Danantara Perkuat Kedaulatan Ekonomi
Presiden RI Prabowo Subianto menegaskan bahwa pembentukan Badan Pengelola Investasi (BPI) Danantara merupakan salah satu capaian penting pemerintah dalam mengelola kekayaan dan aset negara secara lebih tertib, terukur, dan berorientasi pada masa depan.
Menurut Presiden, pengelolaan yang rapi terhadap aset negara akan menjadi cadangan kekuatan ekonomi bagi generasi mendatang.
""Danantara adalah suatu dana kedaulatan di mana tabungan-tabungan kekayaan aset-aset negara disatukan, dikonsolidasi, di-manage dengan rapi. Dan ini menjadi cadangan, ini menjadi energi untuk masa depan Indonesia,"" kata Prabowo, dikutip dari laman resmi Presiden RI.
""Untuk anak, cucu, dan cicit kita,"" sambungnya.
Prabowo menyampaikan bahwa Danantara memiliki nilai aset lebih dari US$ 1.000 miliar. Prabowo menyebut melalui Danantara, kekayaan negara yang sebelumnya kerap tersebar dan sulit dipantau kini dapat dikonsolidasikan dengan lebih baik.
""Alhamdulillah, kita untuk pertama kali dalam sejarah kita punya dana kedaulatan ini, Danantara ini yang nilai asetnya bernilai lebih dari seribu miliar dolar. Yang selama ini sering tidak bisa kita pantau,"" kata Prabowo.
""Sering kita tidak mengerti kekayaan kita di mana,"" pungkasnya.
(anl/ega)",finance,https://finance.detik.com/berita-ekonomi-bisnis/d-8651686/laba-pegadaian-naik-84-6-jadi-rp-6-59-triliun-di-semester-i-2026
190,"Bandara Soekarno-Hatta dan Bandara Halim Perdanakusuma lanjut ditutup hingga pukul 18.00 WIB. Penutupan diperpanjang setelah diperpanjang dari tengah malam hingga pukul 09.00 WIB hari ini.
AirNav Indonesia kembali memperbarui informasi aeronautika terkait dampak sebaran abu vulkanik Gunung Anak Krakatau terhadap operasional penerbangan. Pembaruan dilakukan secara dinamis dengan mempertimbangkan perkembangan kondisi ruang udara dan aspek keselamatan penerbangan.
Dalam keterangan resmi AirNav, Senin (7/9/2026), pembaruan Notice to Airmen (NOTAM) diterbitkan berupa periode penutupan sementara Bandar Udara Internasional Soekarno-Hatta (WIII) dan Bandar Udara Halim Perdanakusuma (WIHH) diperpanjang hingga estimasi pukul 18.00 WIB pada 7 September 2026.
Rinciannya, ada dua NOTAM yang dirilis. Pertama, untuk Bandara Internasional Soekarno-Hatta (CGK), status CLOSED, berdasarkan NOTAM A3373/26 NOTAMR A3368/26, mulai pukul 08.28 WIB hingga estimasi pukul 18.00 WIB pada 7 September 2026.
Kedua, untuk Bandara Halim Perdanakusuma (HLP), status CLOSED, berdasarkan NOTAM A3372/26 NOTAMR A3369/26, mulai pukul 08.16 WIB hingga estimasi pukul 18.00 WIB pada 7 September 2026.
Penyesuaian periode penutupan tersebut merupakan langkah mitigasi untuk mendukung keselamatan penerbangan, dengan mempertimbangkan kondisi sebaran abu vulkanik Gunung Anak Krakatau.
""AirNav Indonesia terus melakukan pemantauan terhadap perkembangan kondisi ruang udara dan sebaran abu vulkanik Gunung Anak Krakatau. Informasi aeronautika akan terus diperbarui sesuai perkembangan kondisi aktual dan informasi keselamatan penerbangan,"" tulis AirNav dalam keterangannya.
AirNav Indonesia juga terus berkoordinasi dengan pemangku kepentingan penerbangan untuk memastikan informasi mengenai kondisi ruang udara dan pelayanan navigasi penerbangan tersampaikan secara tepat waktu.
(hal/ara)",finance,https://finance.detik.com/berita-ekonomi-bisnis/d-8651628/bandara-soetta-halim-ditutup-hingga-18-00-wib
191,"Harga emas Antam mengalami penurunan dan melanjutkan tren pelemahan sejak akhir pekan kemarin. Harga emas Antam 24 karat hari turun Rp 3.000 per gram berada di level Rp 2.637.000 per gram.
Berdasarkan situs Logam Mulia Antam, Senin (7/9/2026), satuan harga emas hari ini yang terkecil ukuran 0,5 gram berada di angka Rp 1.368.500. Sementara harga emas 10 gram dijual dengan harga Rp 25.865.000 dan ukuran emas terbesar yakni 1.000 gram (1 kg) dibanderol Rp 2.577.600.000.
Jika ditarik dalam sepekan terakhir, harga emas Antam berada dalam rentang Rp 2.624.000-2.670.000 per gram. Sementara dalam sebulan terakhir, harga emas Antam bergerak dalam rentang Rp 2.624.000-2.768.000 per gram.
Buyback Emas
Harga emas hari ini untuk buyback emas Antam juga turun Rp 3.000 dan berada di level Rp 2.490.000 per gram. Harga buyback adalah jika Anda ingin menjual emas, maka Antam akan membelinya dengan harga tersebut.
Sesuai Peraturan Menteri Keuangan (PMK) Nomor 34 Tahun 2017, pembelian emas batangan akan dikenakan PPh 22 sebesar 0,9%. Jika ingin mendapatkan potongan pajak lebih rendah sebesar 0,45%, harus menyertakan NPWP untuk transaksinya.
Rincian Harga Emas Hari Ini
Harga emas 0,5 gram: Rp 1.368.500
Harga emas 1 gram: Rp 2.637.000
Harga emas 2 gram Rp 5.214.000
Harga emas 3 gram Rp 7.796.000
Harga emas 5 gram: Rp 12.960.000
Harga emas 10 gram: Rp 25.865.000
Harga emas 25 gram: Rp 64.537.000
Harga emas 50 gram: Rp 128.995.000
Harga emas 100 gram: Rp 257.912.000
Harga emas 250 gram: Rp 644.515.000
Harga emas 500 gram: Rp 1.288.820.000
Harga emas 1.000 gram: Rp 2.577.600.000
Demikian rincian harga emas hari ini keluaran Antam 1 gram hingga 1.000 gram, Senin (7/9/2026).
(igo/fdl)",finance,https://finance.detik.com/berita-ekonomi-bisnis/d-8651625/harga-emas-antam-turun-lagi-segini-harganya-sekarang
192,"Menteri Koordinator Bidang Infrastruktur dan Pembangunan Kewilayahan Agus Harimurti Yudhoyono (AHY) mengatakan 150 ribu penumpang terdampak pembatalan penerbangan imbas paparan abu vulkanik Gunung Anak Krakatau.
Berdasarkan data Kementerian Perhubungan, sekitar 150 ribu penumpang terdampak gangguan operasional penerbangan dan 467 penerbangan terdampak, terdiri atas 409 penerbangan domestik dan 58 penerbangan internasional. Data ini diungkapkan AHY per 6 September 2026. Tentunya, jumlahnya bisa bertambah.
""150 ribu penumpang saat ini masih stranded atau terdampar di bandara-bandara,"" ujar AHY dalam keterangan resminya, Senin (7/9/2026).
AHY mendorong seluruh pihak memberikan pelayanan terbaik kepada masyarakat yang terdampak gangguan penerbangan akibat sebaran abu vulkanik Gunung Anak Krakatau.
Selain memastikan keselamatan penerbangan, pemerintah juga memberikan perhatian terhadap penanganan penumpang yang terdampak penutupan sementara sejumlah bandara.
""Prinsipnya adalah penumpang juga harus terus diberikan penjelasan, informasi yang akurat. Maskapai tidak boleh tidak terbuka. Walaupun ini force majeure, kita ingin mendorong agar maskapai juga bisa memberikan pelayanan yang baik,"" ujar AHY.
Dia meminta maskapai menyampaikan informasi secara jelas kepada penumpang terkait perubahan jadwal, pembatalan, maupun pengalihan penerbangan. Pemerintah juga mendorong proses pengembalian tiket atau refund bagi penumpang yang penerbangannya dibatalkan dapat dilakukan dengan mudah.
""Termasuk bagaimana kalau refund karena tidak bisa terbang, ya harus bisa mudah untuk diberikan ganti rugi. Kemudian yang lain-lain kita terus amati dan kita terus dengarkan penjelasan dari pihak-pihak yang memiliki otoritas untuk menjelaskan secara teknis,"" kata AHY.
(hal/ara)",finance,https://finance.detik.com/berita-ekonomi-bisnis/d-8651618/467-penerbangan-batal-imbas-abu-vulkanik-150-ribu-penumpang-terdampak
193,"Ada situasi menarik yang terjadi di industri pupuk nasional. Ketika harga pupuk diturunkan hingga 20%, PT Pupuk Indonesia (Persero) justru mampu mencatatkan pertumbuhan laba yang signifikan.
Sepanjang Januari-Juni 2026, Pupuk Indonesia membukukan laba bersih sebesar Rp8,51 triliun. Angka tersebut melonjak 253% dibandingkan periode yang sama tahun sebelumnya.
Presiden RI Prabowo Subianto turut menyoroti kinerja tersebut dalam pidato Sidang Tahunan MPR dan Sidang Bersama DPR-DPD RI pada Jumat (14/8/2026).
""Keuntungan PT Pupuk Indonesia, perusahaan negara BUMN, keuntungannya naik 252,8%,"" kata Prabowo.
Di sisi lain, pemerintah berhasil menurunkan harga pupuk hingga 20%. Prabowo menyebut penurunan harga tersebut sebagai yang pertama kali terjadi dalam sejarah.
""Harga pupuk berhasil kita turunkan 20%. Hal ini terjadi pertama kali dalam sejarah Negara Kesatuan Republik Indonesia. Pertama kali harga pupuk dapat kita turunkan kepada rakyat,"" ujarnya.
Kondisi ini kemudian memunculkan pertanyaan: bagaimana perusahaan dapat mencatatkan lonjakan laba ketika harga pupuk justru diturunkan?
Jawabannya tidak semata-mata berasal dari harga jual. Pupuk Indonesia melakukan transformasi bisnis dengan mengandalkan efisiensi operasional, optimalisasi aset, diversifikasi pendapatan hingga penguatan tata kelola perusahaan.
Laba Tumbuh di Tengah Penurunan Harga
Kinerja Pupuk Indonesia pada semester I 2026 menunjukkan bahwa pertumbuhan perusahaan tidak hanya bergantung pada kenaikan harga produk.
Selain laba bersih Rp8,51 triliun, perusahaan mencatatkan pendapatan sebesar Rp59,67 triliun atau tumbuh 51% dibandingkan periode yang sama tahun sebelumnya.
Sementara itu, EBITDA meningkat 140% menjadi Rp14,28 triliun.
Pertumbuhan tersebut sejalan dengan peningkatan volume produksi serta efisiensi biaya operasional yang dilakukan perusahaan dalam beberapa tahun terakhir
Direktur Utama Pupuk Indonesia Rahmad Pribadi mengatakan penerapan operational excellence dan cost leadership secara disiplin menjadi salah satu fondasi utama perusahaan dalam meningkatkan kinerja.
Menurutnya, efisiensi yang dilakukan secara konsisten membuat perusahaan memiliki kemampuan untuk tumbuh secara berkelanjutan, termasuk ketika terjadi perubahan siklus harga komoditas.
""Berkat dukungan pemerintah melalui Danantara transformasi bisnis secara menyeluruh sudah mulai membuahkan hasil berupa capaian kinerja keuangan yang membanggakan. Dengan fondasi keuangan yang semakin kuat, kami optimistis pertumbuhan ini berkelanjutan, bukan hanya untuk kinerja perusahaan, tapi juga untuk kontribusi yang lebih besar terhadap ketahanan pangan nasional,"" ujar Rahmad.
Mengandalkan Efisiensi, Bukan Sekadar Harga
Industri pupuk memiliki karakteristik yang membuat biaya produksi sangat dipengaruhi harga bahan baku dan energi. Ketika harga komoditas global bergerak volatil, struktur biaya perusahaan juga dapat ikut terdampak.
Untuk mengantisipasi kondisi tersebut, Pupuk Indonesia melakukan berbagai langkah untuk meningkatkan efisiensi dan memperkuat daya tahan bisnis.
Perusahaan memperluas sumber pasokan dan skema kontrak bahan baku untuk meredam dampak volatilitas harga komoditas global terhadap struktur biaya.
Selain itu, Pupuk Indonesia juga memperkuat kontribusi segmen non-subsidi dan produk non-pupuk sebagai bagian dari diversifikasi sumber pendapatan.
Strategi tersebut membuat perusahaan tidak hanya mengandalkan satu sumber pendapatan. Dengan portofolio bisnis yang lebih beragam, kinerja perusahaan diharapkan menjadi lebih adaptif terhadap perubahan kondisi pasar.
Transformasi juga dilakukan melalui operational dan digital excellence, holding business streamlining, distribusi public service obligation serta penguatan bisnis komersial.
Optimalisasi Aset Jadi Kunci
Penguatan kinerja keuangan yang dicapai ini memberi ruang bagi Pupuk Indonesia yang berencana melakukan peremajaan atau revitalisasi tujuh pabrik dalam lima tahun ke depan. Langkah tersebut sejalan dengan arahan Danantara untuk mengoptimalkan portofolio aset BUMN agar menjadi lebih produktif dan memberikan nilai tambah.
Saat ini, Pupuk Indonesia memiliki kapasitas produksi nasional sekitar 14,8 juta ton per tahun. Kapasitas tersebut menjadi modal bagi perusahaan untuk menjaga kebutuhan pupuk domestik sekaligus menangkap peluang pasar global.
Optimalisasi aset menjadi penting karena perusahaan tidak hanya dituntut menghasilkan produk dalam jumlah besar, tetapi juga memastikan setiap aset memberikan kontribusi maksimal terhadap kinerja perusahaan.
Dengan fasilitas produksi yang lebih efisien, perusahaan memiliki ruang untuk menjaga biaya produksi sekaligus mempertahankan daya saing.
Bisnis Tak Lagi Hanya Soal Pupuk
Selain efisiensi, strategi lain yang disiapkan Pupuk Indonesia adalah memperluas portofolio bisnis.
Dalam beberapa tahun ke depan, perusahaan menyiapkan sejumlah pengembangan bisnis, mulai dari metanol dan turunannya, clean ammonia hingga industrial support.
Diversifikasi tersebut menjadi strategi untuk memperkuat sumber pertumbuhan sekaligus mengurangi ketergantungan terhadap siklus bisnis pupuk dan harga komoditas.
Pengembangan clean ammonia juga membuka peluang bagi Pupuk Indonesia untuk masuk lebih jauh ke bisnis yang berkaitan dengan transisi energi dan kebutuhan industri masa depan.
Dengan demikian, transformasi perusahaan tidak hanya berorientasi pada peningkatan laba jangka pendek, tetapi juga membangun fondasi bisnis yang mampu bertahan menghadapi perubahan ekonomi global.
Efisiensi Tetap Harus Berujung ke Petani
Di tengah transformasi korporasi tersebut, tujuan utama industri pupuk tetap berkaitan dengan kebutuhan petani.
Penurunan harga pupuk hingga 20% diharapkan membuat pupuk semakin terjangkau. Pemerintah juga berupaya memperbaiki tata kelola distribusi agar pupuk dapat lebih cepat sampai ke petani.
Pupuk Indonesia mencatat sepanjang 2025 telah menyalurkan 8.110.571 ton pupuk bersubsidi. Jumlah tersebut meningkat 10,68% dibandingkan tahun sebelumnya.
Peningkatan penyaluran tersebut didukung implementasi sistem i-Pubers yang mempercepat dan mempermudah proses penebusan pupuk. Penerapan Peraturan Presiden Nomor 6 Tahun 2025 juga menyederhanakan tata kelola penyaluran pupuk bersubsidi.
Tercatat hingga 1 September 2026, sebanyak 6,33 juta ton pupuk bersubsidi telah sukses disalurkan ke berbagai daerah. Penyaluran yang telah mencapai 64,3% dari total alokasi 9,8 juta ton pemerintah ini mencerminkan kerja keras tim di lapangan demi mendukung produktivitas hasil tani Indonesia.
""Sejalan dengan agenda transformasi BUMN yang didorong Danantara, semua perubahan struktural ini bermuara pada satu hal, pupuk yang terjangkau dan lebih cepat sampai ke petani, dengan cost yang lebih sehat bagi negara serta menjaga ketahanan pangan,"" ungkap Rahmad.
Artinya, efisiensi yang dilakukan perusahaan bukan sekadar untuk memperbaiki laporan keuangan. Efisiensi juga diarahkan agar perusahaan mampu menjaga ketersediaan pupuk sekaligus memberikan harga yang lebih terjangkau kepada petani.
Bukan Sekadar Mengejar Laba
Lonjakan laba 253% pada semester I 2026 menunjukkan bahwa peningkatan keuntungan dapat berjalan beriringan dengan upaya menghadirkan pupuk yang lebih terjangkau.
Kuncinya adalah membangun struktur bisnis yang lebih efisien dan tidak sepenuhnya bergantung pada kenaikan harga jual.
Pupuk Indonesia kini menggabungkan efisiensi biaya, optimalisasi aset, digitalisasi, diversifikasi bisnis dan penguatan tata kelola sebagai bagian dari strategi jangka panjang.
Rahmad menegaskan keberlanjutan laba perusahaan tidak semata-mata diukur dari seberapa tinggi angka keuntungan yang dapat dicapai setiap tahun.
""Bagi kami, keberlanjutan laba bukan soal mengejar angka tertinggi tiap tahun, tapi memastikan fondasi yang cukup kuat untuk tetap tumbuh meski kondisi global berubah-ubah. Ketahanan bisnis kami bukan hanya soal bertahan dari gejolak industri, tapi juga soal memastikan pertumbuhan ini dirasakan langsung oleh pelaku usaha kecil dan petani di akar rumput,"" pungkas Rahmad.
Dengan strategi tersebut, pertumbuhan Pupuk Indonesia ke depan tidak hanya diharapkan memperkuat kinerja perusahaan, tetapi juga menjaga keseimbangan antara profitabilitas, keterjangkauan harga pupuk dan kepentingan petani.
Pada akhirnya, pertanyaan mengenai bagaimana laba bisa naik ketika harga pupuk turun menemukan jawabannya pada satu kata: efisiensi. Ketika biaya dan operasional dikelola lebih baik, ruang untuk meningkatkan keuntungan sekaligus memberikan manfaat kepada konsumen menjadi semakin terbuka.
(anl/ega)",finance,https://finance.detik.com/berita-ekonomi-bisnis/d-8650941/laba-pupuk-indonesia-naik-253-harga-pupuk-turun-apa-strateginya
194,"Ratusan penerbangan dibatalkan imbas abu vulkanik erupsi Gunung Anak Krakatau karena bandara di sekitar selatan Sumatera dan barat Jawa ditutup. Beberapa maskapai menyatakan siap mendampingi para penumpang untuk mendapatkan refund atau pengembalian dana hingga penjadwalan ulang penerbangan.
Dikutip dari media sosial resmi maskapai, Senin (7/9/2026), Garuda Indonesia meminta penumpang untuk memastikan status penerbangan melalui beberapa saluran, mulai dari kanal pemesanan tiket yang digunakan, media sosial resmi Garuda @garuda.indonesia, ataupun melalui contact center 08041807807 atau 021-23519999.
""Apabila penerbangan Anda terdampak kami siap membantu Anda memperoleh opsi perubahan jadwal perjalanan atau prosedur full refund sesuai ketentuan yang berlaku,"" tulis Garuda dalam pengumumannya di media sosial.
Citilink juga mengumumkan hal yang sama, maskapai mengarahkan agar penumpang menghubungi contact center 08041080808. Maskapai memastikan penumpang dapat melakukan perubahan jadwal tanpa biaya sekaligus pengembalian dana secara penuh.
""Bagi penumpang Citilinkers, perubahan jadwal (reschedule) dapat dilakukan tanpa biaya tambahan atau dapat mengajukan pengembalian dana (full refund),"" ujar maskapai dalam pengumumannya di media sosial resmi @citilink.
Pelita Air juga mengumumkan penumpang yang terdampak pembatalan penerbangan dapat melakukan pengembalian dana ataupun opsi penjadwalan ulang.
""Untuk penumpang terdampak dapat mengubah jadwal tanpa biaya tambahan atau mengajukan pengembalian dana penuh melalui contact center kami di WhatsApp 08117110800,"" tulis maskapai lewat media sosial resmi @pelitaair.
Lion Air Group dengan maskapai Lion Air, Batik Air, dan Super Air Jet juga mengungkapkan pihaknya memberikan opsi penjadwalan ulang dan pengembalian dana kepada para penumpang yang penerbangannya dibatalkan.
""Bagi pelanggan yang penerbangannya terdampak, Lion Group memberikan pilihan perubahan jadwal penerbangan (reschedule) atau pengembalian dana tiket (refund) sesuai ketentuan berlaku,"" tulis pengumuman Lion Air dalam Instagram resmi @lionairgroup.
Penumpang diminta menghubungi kanal tempat pembelian tiket untuk mendapatkan informasi dan bantuan terkait reschedule dan refund. Apabila tiket dibeli melalui online travel agent (OTA), proses dilakukan pada OTA tersebut. Penumpang bisa juga menghubungi contact center resmi melalui WhatsApp di nomor 081119380888.
Maskapai TransNusa juga berkomitmen untuk memberikan penanganan kepada penumpang yang terdampak pembatalan penerbangan sesuai dengan ketentuan yang berlaku.
Penumpang dapat memperoleh beberapa pilihan, antara lain penjadwalan ulang tanpa biaya tambahan, pengalihan rute melalui bandara alternatif yang masih beroperasi normal apabila memungkinkan, atau pengembalian dana, sesuai dengan ketentuan yang berlaku.
""Informasi mengenai penanganan bagi penumpang terdampak dapat diperoleh melalui Call Center TransNusa di +62 21 6310 888, serta website dan kanal media sosial resmi TransNusa,"" tulis maskapai dalam keterangan resminya.
(hal/ara)",finance,https://finance.detik.com/berita-ekonomi-bisnis/d-8651564/cara-refund-dan-reschedule-penerbangan-yang-batal-imbas-abu-vulkanik
195,"Kementerian Keuangan (Kemenkeu) menyebut pajak di Indonesia relatif lebih terjangkau dibanding negara-negara besar di Eropa. Hal tersebut terjadi karena belanja negara tidak dibebankan dari penerimaan hasil pungutan pajak.
Direktur Jenderal Stabilitas dan Pengembangan Sektor Keuangan (SPSK) Kemenkeu, Herman Saheruddin, bahkan menyebut pajak di Indonesia lebih rendah dibandingkan Belanda.
""Indonesia itu pajaknya tinggi atau rendah? Nah, kalau teman-teman nanti sekolah lanjut, sekolah S2 misalnya di luar negeri ya, kayak di Belanda, pajaknya itu jauh lebih tinggi daripada di Indonesia. Jadi, Indonesia ini termasuk salah satu negara yang pajaknya terjangkau,"" ungkap Herman dalam acara Lampung Financial Festival, Minggu (6/9/2026).
Herman mengatakan, pajak di Indonesia relatif lebih rendah karena pemerintah memperluas penerimaan untuk belanja negara. Anggaran tersebut dialokasikan untuk pembangunan infrastruktur hingga gaji Pegawai Negeri Sipil (PNS).
Salah satu penerimaan untuk mendanai belanja negara adalah penerbitan instrumen investasi surat berharga negara (SBN). Instrumen ini tidak hanya dijual di pasar domestik, tetapi juga luar negeri.
""Jadi sebenarnya SBN itu ada untuk membantu negara melakukan pembangunan. Jadi tidak selalu mengandalkan pajak, tapi dari SBN,"" ungkapnya.
Herman menambahkan, SBN menjadi investasi yang aman seperti emas dengan imbal hasil sebesar 7%. Investasi di instrumen SBN juga bisa dilakukan melalui layanan mobile banking.
""Jadi, kapan waktunya tempat investasi? Ya, sekarang. Kalau kita sudah punya pendapatan yang positif, langsung sisihkan minimal untuk tabungan,"" pungkasnya.
(ahi/acd)",finance,https://finance.detik.com/berita-ekonomi-bisnis/d-8651282/kemenkeu-sebut-pajak-ri-rendah
196,"Penutupan beberapa bandara imbas abu vulkanik Gunung Anak Krakatau diperpanjang hingga 7 September 2026 pukul 09.00 WIB pagi ini. Menteri Perhubungan Dudy Purwagandhi mengatakan, pengoperasian kembali bandara terdampak abu vulkanik Gunung Anak Krakatau akan dilakukan ketika keselamatan sudah dapat diketahui secara pasti.
Untuk Bandara Soekarno-Hatta Tangerang, hal tersebut dilakukan sesuai NOTAM A3368/26 NOTAMR A3355/26 berlaku s.d. 08.59 WIB. Penutupan serupa juga dilakukan di bandara lainnya antara lain Bandara Halim Perdanakusuma Jakarta, Bandara Radin Inten II Lampung, Bandara Husein Sastranegara Bandung, Bandara Budiarto Curug Tangerang, Bandara Pondok Cabe Tangerang Selatan, Bandara Taufik Kiemas di Pesisir Barat Lampung, serta Bandara Atung Bungsu di Pagar Alam Sumsel.
""Keselamatan menjadi prioritas kita. Kami melihat situasi terakhir berdasarkan informasi yang diberikan BMKG. Jadi kami belum bisa memastikan kapan akan berakhir karena cuaca terlalu dinamis. Tadi disampaikan BMKG bahwa setiap layer ketinggian arah anginnya cepat berubah, sehingga ini yang harus kita pastikan,"" ujar Dudy dalam keterangan tertulis, Senin (7/9/2026).
Hingga saat ini, Kementerian Perhubungan terus memantau perkembangan aktivitas dan penyebaran abu vulkanik Gunung Anak Krakatau. Salah satu upayanya adalah melakukan paper test setiap 30 menit sekali di seluruh bandara, guna mengetahui apakah penyebaran abu semakin melebar atau berkurang.
Jika kondisi sudah kembali normal dan bandara bisa kembali beroperasi, Dudy menegaskan, akan dilakukan pemeriksaan terlebih dahulu pada pesawat yang akan digunakan.
""Biasanya semua airlines sudah menyiapkan. Kalau ada apa-apa, jika harus menginap, mereka akan tutup mesinnya. Itu pun nanti kalau misalnya (bandara) sudah buka, mereka harus melakukan pemeriksaan dulu sebelum beroperasi untuk memastikan tidak ada debu di mesin. Kita pastikan harus dicek dulu sebelum beroperasi untuk keselamatan penerbangan,"" ujar Dudy.
(hal/ara)",finance,https://finance.detik.com/berita-ekonomi-bisnis/d-8651523/bandara-soetta-lampung-masih-ditutup-hingga-jam-9-pagi
197,"Layanan angkutan penyeberangan lintas Merak-Bakauheni tetap berjalan normal di tengah aktivitas Gunung Anak Krakatau yang berada pada status Level III atau Siaga. Meskipun berjalan normal, Kementerian Perhubungan membatasi pelayaran kapal.
Kapal dilarang mendekati kawasan dalam radius 3 kilometer dari kawah aktif Gunung Anak Krakatau selama status Level III (Siaga) masih berlaku.
""Saat ini layanan penyeberangan pada lintasan Merak-Bakauheni dan sebaliknya masih berjalan normal dengan tetap mengedepankan kewaspadaan dan keselamatan pelayaran. Sementara pelayaran dibatasi dalam radius 3 kilometer dari kawah aktif selama status Level III (Siaga),"" ujar Kepala Kantor Kesyahbandaran dan Otoritas Pelabuhan Kelas I Banten Raden Yogie Nugraha dalam keterangan tertulis, Minggu (6/9/2026).
Raden juga mengingatkan agar seluruh kapal yang melintas di Perairan Selat Sunda untuk meningkatkan kewaspadaan terhadap kemungkinan aktivitas vulkanik Gunung Anak Krakatau, termasuk letusan, lontaran material vulkanik, abu vulkanik, maupun potensi gangguan terhadap keselamatan navigasi.
Nakhoda juga diminta agar senantiasa memantau perkembangan informasi resmi mengenai aktivitas Gunung Anak Krakatau yang diterbitkan oleh PVMBG, BMKG, BPBD setempat, serta instansi pemerintah terkait.
Dalam melakukan perencanaan pelayaran, nakhoda diminta memperhatikan kondisi cuaca, arah sebaran abu vulkanik, serta informasi keselamatan pelayaran yang diterbitkan instansi berwenang.
Lebih lanjut, Kemenhub juga meminta seluruh penyelenggara pelayaran agar mengutamakan keselamatan pelayaran sesuai dengan ketentuan peraturan perundang-undangan yang berlaku.
""Apabila ditemukan indikasi bahaya yang dapat mengganggu keselamatan pelayaran, Nakhoda agar segera mengambil tindakan penghindaran yang diperlukan serta melaporkannya kepada Vessel Traffic Service (VTS), Stasiun Radio Pantai, Syahbandar terdekat, atau instansi terkait,"" katanya.
(hrp/acd)",finance,https://finance.detik.com/berita-ekonomi-bisnis/d-8651278/penyeberangan-merak-bakauheni-tak-terdampak-erupsi-anak-krakatau
198,"Menteri Perhubungan Dudy Purwagandhi menyampaikan terdapat delapan bandara ditutup sementara imbas erupsi Gunung Anak Krakatau pada Minggu (6/9/2026). Delapan bandara yang ditutup sementara yakni Bandara Soekarno Hatta, Bandara Halim Perdanakusuma, Bandara Radin Inten II Lampung, Bandara Husein Sastranegara, Bandara Budiarto Curug, Bandara Pondok Cabe, Bandara Taufik Kiemas, serta Bandara Atung Bungsu.
Dari delapan bandara yang ditutup tersebut, sekitar 150.000 penumpang terdampak dan 467 penerbangan ikut terdampak. Di mana, sebanyak 58 merupakan penerbangan internasional dan 409 penerbangan domestik.
Dudy mengatakan bahwa langkah penghentian sementara atau penutupan operasional bandar udara dilakukan sebagai bagian dari upaya mitigasi apabila kondisi abu vulkanik dinilai dapat membahayakan keselamatan penerbangan.
""Apabila memang seperti tadi, masa sebaran masih banyak, kemudian paper test-nya masih positif, maka kami tidak akan memaksakan bandara tersebut dibuka atau pengoperasian pesawat dilakukan,"" ujar Menhub Dudy saat memantau langsung Bandara Soekarno-Hatta, Tangerang, Banten, Minggu (6/9/2026).
Dudy meminta seluruh operator penerbangan mengutamakan keselamatan dalam setiap pengambilan keputusan operasional, serta menyampaikan informasi secara cepat, akurat, dan transparan kepada masyarakat.
Di sisi lain, Menhub menegaskan meskipun terjadi gangguan operasional akibat kondisi alam, pelayanan terhadap penumpang tetap harus menjadi perhatian utama.
Maskapai penerbangan diminta memberikan informasi yang jelas kepada penumpang terkait perubahan jadwal, pembatalan maupun pengalihan penerbangan, serta memastikan hak-hak penumpang dipenuhi sesuai dengan ketentuan yang berlaku. Menhub juga membuka kemungkinan pengalihan penerbangan ke bandara lain seperti ke Kertajati, Semarang, Surabaya, serta Yogyakarta.
""Airlines untuk segera menyampaikan kepada para penumpang supaya mereka tidak menunggu terlalu lama. Mengingat kondisinya juga belum bisa kita prediksi sampai kapan. Yang paling penting bahwa hak-hak mereka untuk pengembalian tiket itu harus dijamin oleh para airlines supaya mereka tidak menunggu. Karena memang ada banyak penumpang yang masih berharap bahwa mereka masih bisa terbang,"" katanya.
Menhub juga meminta operator memastikan tersedianya petugas dan saluran informasi yang dapat membantu penumpang terdampak, sehingga setiap perubahan perjalanan dapat ditangani secara tertib dan terkoordinasi.
""Kepada masyarakat yang akan melakukan perjalanan melalui Bandar Udara terdampak untuk tidak datang ke bandara selama periode penutupan dan senantiasa memantau informasi terbaru dari maskapai terkait status penerbangannya,"" katanya.
(acd/acd)",finance,https://finance.detik.com/berita-ekonomi-bisnis/d-8651211/daftar-bandara-yang-ditutup-sementara-imbas-erupsi-anak-krakatau
199,"Menteri Perhubungan Dudy Purwagandhi menyatakan, penutupan delapan bandara terdampak abu vulkanik Gunung Anak Krakatau diperpanjang hingga 24.00 WIB. Delapan bandara itu yakni Bandara Soekarno-Hatta Tangerang, Bandara Halim Perdanakusuma Jakarta, Bandara Radin Inten II Lampung, Bandara Husein Sastranegara Bandung, Bandara Budiarto Curug Tangerang, Bandara Pondok Cabe Tangerang Selatan, Bandara Taufik Kiemas di Pesisir Barat Lampung, serta Bandara Atung Bungsu di Pagar Alam Sumsel.
""Kondisi debu yang tadi siang anginnya mengarah ke Barat, sekarang informasi dari BMKG anginnya mengarah ke Timur dengan kecepatan 5 knot pada level 15.000 feet. Melihat informasi tersebut dan koordinasi dengan seluruh stakeholder penerbangan, maka kami memutuskan delapan bandara tersebut akan kami tutup sampai 24.00 WIB,"" ujarnya dalam keterangan tertulis, Minggu (6/9/2026).
Dudy kembali menegaskan bahwa hak-hak penumpang yang terdampak akibat penutupan sementara bandara tetap harus dipenuhi oleh maskapai sesuai dengan ketentuan yang berlaku. Maskapai wajib memberikan pelayanan dan penanganan kepada penumpang terdampak, termasuk informasi mengenai perubahan status penerbangan serta pilihan penanganan sesuai dengan ketentuan yang berlaku.
Dudy mengatakan, kepada airlines telah disediakan bandara alternatif antara lain Bandara Kertajati, Bandara Juanda, Bandara YIA, serta bandara di Semarang dan Solo. Bagi penumpang yang maskapainya memindahkan penerbangan ke bandara alternatif tersebut, akan disediakan transportasi alternatif melalui darat berupa bus dan kereta api.
""Transportasi alternatif gratis. Bandara mana yang mau digunakan, InJourney akan menyediakan, dengan berkoordinasi bersama Angkasa Pura dan airlines. Penumpang akan diinfo oleh airlines jika airlines mau take off landing di bandara alternatif,"" kata Dudy.
Hingga kini, dari delapan bandara terdampak, terhitung terdapat 1.558 flight yang tertunda dengan 170.000 penumpang tertahan. Khusus Bandara Soekarno-Hatta (Jakarta), terdapat total 963 penerbangan (453 Arrival, 510 Departure), berdasarkan update monitoring pada Minggu, 6 September 2026 pukul 17.06 WIB.
(acd/acd)",finance,https://finance.detik.com/berita-ekonomi-bisnis/d-8651327/8-bandara-ditutup-hingga-tengah-malam-ini-penjelasan-menhub
200,"Ketua Badan Perlindungan Konsumen Nasional (BPKN) Mufti Mubarok meminta pemerintah, maskapai penerbangan, pengelola bandara, dan seluruh pihak terkait mengambil langkah konkret untuk melindungi konsumen yang terdampak gangguan penerbangan akibat erupsi Gunung Anak Krakatau.
""Negara dan pelaku usaha harus hadir untuk memastikan konsumen yang terdampak tidak dibiarkan menghadapi persoalan sendiri,"" tegas Mufti dalam keterangan tertulis, Minggu (6/9/2026).
Dalam hal ini, BPKN meminta maskapai memastikan pengembalian dana tiket atau refund 100% bagi penerbangan yang dibatalkan. Mufti menyampaikan, proses refund harus dilakukan dengan mudah, transparan, dan tidak berbelit-belit. Konsumen tidak boleh dipaksa datang ke kantor maskapai atau bandara apabila proses dapat dilakukan secara digital.
""Refund harus memiliki kepastian waktu. Jangan sampai konsumen sudah menerima informasi bahwa tiketnya dapat dikembalikan, tetapi uangnya tidak jelas kapan diterima,"" ujar Mufti.
Sementara itu, bagi konsumen yang masih ingin melanjutkan perjalanan, BPKN meminta maskapai memberikan pilihan penjadwalan ulang atau reschedule secara fleksibel. Penumpang harus diberikan pilihan jadwal penerbangan yang tersedia tanpa prosedur yang rumit.
""Jangan sampai konsumen yang sudah menjadi korban keadaan masih harus dibebani biaya tambahan yang tidak wajar. Maskapai harus memberikan solusi yang manusiawi,"" kata Mufti.
BPKN juga meminta pengelola bandara dan maskapai memberikan pelayanan nyata kepada penumpang yang sudah berada di bandara dan mengalami keterlambatan dalam waktu panjang. Dalam hal ini kepastian jadwal dan adanya layanan pendukung lainnya saat di Bandara.
Kemudian, BPKN mendorong pembentukan posko terpadu penanganan konsumen terdampak di bandara-bandara yang mengalami gangguan. Posko ini ditujukan menjadi tempat bagi konsumen untuk mendapatkan informasi dan menyelesaikan persoalan secara langsung.
""Jangan sampai konsumen dilempar dari satu pihak ke pihak lain. Harus ada satu sistem pelayanan terpadu yang memberikan solusi,"" ujar Mufti.
BPKN menyatakan akan terus memantau penanganan konsumen yang terdampak erupsi Gunung Anak Krakatau. Khususnya terkait kepastian refund, penjadwalan ulang, informasi penerbangan, pelayanan di bandara, dan mekanisme pengaduan.
""Dalam situasi bencana, konsumen membutuhkan kehadiran negara dan tanggung jawab dari pelaku usaha. Keselamatan harus menjadi prioritas, tetapi perlindungan konsumen juga harus berjalan. Jangan sampai masyarakat menjadi pihak yang paling dirugikan,"" pungkas Mufti.
(acd/acd)",finance,https://finance.detik.com/berita-ekonomi-bisnis/d-8651172/penerbangan-batal-imbas-erupsi-maskapai-diminta-refund-full-dana-penumpang
